match_id,date,start_time,league_id,league,country,season,round,home,away,home_id,away_id,home_goals,away_goals,ht_home,ht_away,status,finished,winner
161767,2024-09-03,2024-09-03 18:00:00,23,Herre Handbold Ligaen,Denmark,2024,1,GOG,Bjerringbro/Silkeborg,178,176,30.0,27.0,14.0,13.0,FT,True,home
161764,2024-09-04,2024-09-04 17:00:00,23,Herre Handbold Ligaen,Denmark,2024,1,Skanderborg AGF,Mors,4429,173,28.0,25.0,16.0,11.0,FT,True,home
161763,2024-09-05,2024-09-05 17:00:00,23,Herre Handbold Ligaen,Denmark,2024,1,Kolding,Nordsjaelland,180,198,30.0,28.0,15.0,16.0,FT,True,home
161766,2024-09-05,2024-09-05 17:00:00,23,Herre Handbold Ligaen,Denmark,2024,1,Sonderjyske,Grindsted,199,148,31.0,25.0,16.0,16.0,FT,True,home
161762,2024-09-06,2024-09-06 18:00:00,23,Herre Handbold Ligaen,Denmark,2024,1,Holstebro,Fredericia,179,177,29.0,28.0,11.0,10.0,FT,True,home
161761,2024-09-07,2024-09-07 14:00:00,23,Herre Handbold Ligaen,Denmark,2024,1,Aalborg,Ribe-Esbjerg,172,182,33.0,29.0,17.0,15.0,FT,True,home
161765,2024-09-09,2024-09-09 16:30:00,23,Herre Handbold Ligaen,Denmark,2024,1,Skjern,Ringsted,185,183,38.0,27.0,19.0,17.0,FT,True,home
161770,2024-09-12,2024-09-12 16:30:00,23,Herre Handbold Ligaen,Denmark,2024,2,Ribe-Esbjerg,Kolding,182,180,27.0,33.0,18.0,12.0,FT,True,away
161774,2024-09-12,2024-09-12 16:30:00,23,Herre Handbold Ligaen,Denmark,2024,2,Bjerringbro/Silkeborg,Skanderborg AGF,176,4429,29.0,26.0,13.0,12.0,FT,True,home
161771,2024-09-12,2024-09-12 18:00:00,23,Herre Handbold Ligaen,Denmark,2024,2,Mors,Holstebro,173,179,34.0,34.0,16.0,16.0,FT,True,draw
161768,2024-09-13,2024-09-13 17:00:00,23,Herre Handbold Ligaen,Denmark,2024,2,Nordsjaelland,Sonderjyske,198,199,35.0,32.0,20.0,17.0,FT,True,home
161772,2024-09-13,2024-09-13 18:00:00,23,Herre Handbold Ligaen,Denmark,2024,2,Grindsted,GOG,148,178,30.0,32.0,13.0,13.0,FT,True,away
161769,2024-09-14,2024-09-14 14:00:00,23,Herre Handbold Ligaen,Denmark,2024,2,Ringsted,Aalborg,183,172,29.0,41.0,15.0,23.0,FT,True,away
161773,2024-09-15,2024-09-15 18:00:00,23,Herre Handbold Ligaen,Denmark,2024,2,Fredericia,Skjern,177,185,29.0,28.0,11.0,12.0,FT,True,home
161779,2024-09-17,2024-09-17 18:00:00,23,Herre Handbold Ligaen,Denmark,2024,3,Skanderborg AGF,GOG,4429,178,34.0,36.0,17.0,21.0,FT,True,away
161777,2024-09-19,2024-09-19 17:00:00,23,Herre Handbold Ligaen,Denmark,2024,3,Kolding,Ringsted,180,183,31.0,31.0,13.0,11.0,FT,True,draw
161776,2024-09-19,2024-09-19 18:00:00,23,Herre Handbold Ligaen,Denmark,2024,3,Holstebro,Bjerringbro/Silkeborg,179,176,31.0,33.0,16.0,17.0,FT,True,away
161778,2024-09-20,2024-09-20 17:00:00,23,Herre Handbold Ligaen,Denmark,2024,3,Nordsjaelland,Grindsted,198,148,30.0,24.0,13.0,14.0,FT,True,home
161781,2024-09-20,2024-09-20 17:00:00,23,Herre Handbold Ligaen,Denmark,2024,3,Sonderjyske,Ribe-Esbjerg,199,182,36.0,32.0,14.0,15.0,FT,True,home
161780,2024-09-20,2024-09-20 18:00:00,23,Herre Handbold Ligaen,Denmark,2024,3,Skjern,Mors,185,173,25.0,25.0,15.0,12.0,FT,True,draw
161775,2024-09-21,2024-09-21 14:00:00,23,Herre Handbold Ligaen,Denmark,2024,3,Fredericia,Aalborg,177,172,26.0,32.0,10.0,16.0,FT,True,away
161783,2024-09-24,2024-09-24 18:00:00,23,Herre Handbold Ligaen,Denmark,2024,4,Ringsted,Sonderjyske,183,199,33.0,32.0,18.0,15.0,FT,True,home
161784,2024-09-25,2024-09-25 18:00:00,23,Herre Handbold Ligaen,Denmark,2024,4,Ribe-Esbjerg,Nordsjaelland,182,198,32.0,35.0,13.0,15.0,FT,True,away
161786,2024-09-26,2024-09-26 18:00:00,23,Herre Handbold Ligaen,Denmark,2024,4,Grindsted,Skanderborg AGF,148,4429,21.0,32.0,10.0,10.0,FT,True,away
161788,2024-09-27,2024-09-27 18:00:00,23,Herre Handbold Ligaen,Denmark,2024,4,GOG,Holstebro,178,179,31.0,30.0,15.0,17.0,FT,True,home
161787,2024-09-28,2024-09-28 14:00:00,23,Herre Handbold Ligaen,Denmark,2024,4,Bjerringbro/Silkeborg,Skjern,176,185,36.0,32.0,16.0,10.0,FT,True,home
161785,2024-09-29,2024-09-29 17:30:00,23,Herre Handbold Ligaen,Denmark,2024,4,Fredericia,Kolding,177,180,26.0,20.0,15.0,9.0,FT,True,home
161782,2024-09-29,2024-09-29 18:00:00,23,Herre Handbold Ligaen,Denmark,2024,4,Mors,Aalborg,173,172,35.0,34.0,21.0,16.0,FT,True,home
161790,2024-10-01,2024-10-01 18:00:00,23,Herre Handbold Ligaen,Denmark,2024,5,Skjern,GOG,185,178,29.0,31.0,16.0,21.0,FT,True,away
161789,2024-10-02,2024-10-02 16:30:00,23,Herre Handbold Ligaen,Denmark,2024,5,Ribe-Esbjerg,Grindsted,182,148,33.0,27.0,17.0,13.0,FT,True,home
161792,2024-10-02,2024-10-02 17:00:00,23,Herre Handbold Ligaen,Denmark,2024,5,Nordsjaelland,Ringsted,198,183,34.0,32.0,18.0,14.0,FT,True,home
161793,2024-10-02,2024-10-02 17:00:00,23,Herre Handbold Ligaen,Denmark,2024,5,Kolding,Mors,180,173,28.0,28.0,14.0,14.0,FT,True,draw
161794,2024-10-02,2024-10-02 17:00:00,23,Herre Handbold Ligaen,Denmark,2024,5,Holstebro,Skanderborg AGF,179,4429,35.0,31.0,18.0,12.0,FT,True,home
161795,2024-10-02,2024-10-02 17:00:00,23,Herre Handbold Ligaen,Denmark,2024,5,Aalborg,Bjerringbro/Silkeborg,172,176,38.0,28.0,17.0,17.0,FT,True,home
161791,2024-10-03,2024-10-03 18:00:00,23,Herre Handbold Ligaen,Denmark,2024,5,Sonderjyske,Fredericia,199,177,29.0,30.0,17.0,18.0,FT,True,away
161801,2024-10-05,2024-10-05 13:00:00,23,Herre Handbold Ligaen,Denmark,2024,6,Ringsted,Ribe-Esbjerg,183,182,30.0,29.0,16.0,17.0,FT,True,home
161796,2024-10-05,2024-10-05 14:00:00,23,Herre Handbold Ligaen,Denmark,2024,6,Bjerringbro/Silkeborg,Kolding,176,180,33.0,27.0,16.0,13.0,FT,True,home
161798,2024-10-05,2024-10-05 14:00:00,23,Herre Handbold Ligaen,Denmark,2024,6,GOG,Aalborg,178,172,33.0,27.0,17.0,13.0,FT,True,home
161797,2024-10-06,2024-10-06 12:00:00,23,Herre Handbold Ligaen,Denmark,2024,6,Fredericia,Nordsjaelland,177,198,32.0,23.0,11.0,8.0,FT,True,home
161800,2024-10-06,2024-10-06 13:30:00,23,Herre Handbold Ligaen,Denmark,2024,6,Mors,Sonderjyske,173,199,30.0,25.0,18.0,13.0,FT,True,home
161799,2024-10-06,2024-10-06 14:00:00,23,Herre Handbold Ligaen,Denmark,2024,6,Grindsted,Holstebro,148,179,27.0,30.0,13.0,17.0,FT,True,away
161802,2024-10-06,2024-10-06 18:00:00,23,Herre Handbold Ligaen,Denmark,2024,6,Skanderborg AGF,Skjern,4429,185,30.0,29.0,15.0,15.0,FT,True,home
161809,2024-10-10,2024-10-10 18:00:00,23,Herre Handbold Ligaen,Denmark,2024,7,Nordsjaelland,Mors,198,173,28.0,30.0,14.0,14.0,FT,True,away
161808,2024-10-11,2024-10-11 16:30:00,23,Herre Handbold Ligaen,Denmark,2024,7,Kolding,GOG,180,178,23.0,32.0,11.0,16.0,FT,True,away
161804,2024-10-11,2024-10-11 18:00:00,23,Herre Handbold Ligaen,Denmark,2024,7,Sonderjyske,Bjerringbro/Silkeborg,199,176,25.0,29.0,8.0,14.0,FT,True,away
161803,2024-10-12,2024-10-12 13:00:00,23,Herre Handbold Ligaen,Denmark,2024,7,Ringsted,Grindsted,183,148,33.0,26.0,14.0,15.0,FT,True,home
161805,2024-10-12,2024-10-12 14:00:00,23,Herre Handbold Ligaen,Denmark,2024,7,Skjern,Holstebro,185,179,25.0,29.0,11.0,13.0,FT,True,away
161807,2024-10-13,2024-10-13 18:00:00,23,Herre Handbold Ligaen,Denmark,2024,7,Aalborg,Skanderborg AGF,172,4429,28.0,24.0,12.0,12.0,FT,True,home
161806,2024-10-14,2024-10-14 16:30:00,23,Herre Handbold Ligaen,Denmark,2024,7,Ribe-Esbjerg,Fredericia,182,177,26.0,31.0,11.0,18.0,FT,True,away
161812,2024-10-17,2024-10-17 17:00:00,23,Herre Handbold Ligaen,Denmark,2024,8,Skanderborg AGF,Kolding,4429,180,33.0,31.0,12.0,16.0,FT,True,home
161816,2024-10-18,2024-10-18 16:30:00,23,Herre Handbold Ligaen,Denmark,2024,8,Bjerringbro/Silkeborg,Nordsjaelland,176,198,29.0,28.0,12.0,15.0,FT,True,home
161811,2024-10-19,2024-10-19 13:30:00,23,Herre Handbold Ligaen,Denmark,2024,8,Mors,Ribe-Esbjerg,173,182,29.0,29.0,11.0,15.0,FT,True,draw
161810,2024-10-19,2024-10-19 14:00:00,23,Herre Handbold Ligaen,Denmark,2024,8,Holstebro,Aalborg,179,172,33.0,36.0,17.0,14.0,FT,True,away
161814,2024-10-19,2024-10-19 14:00:00,23,Herre Handbold Ligaen,Denmark,2024,8,GOG,Sonderjyske,178,199,30.0,29.0,14.0,16.0,FT,True,home
161815,2024-10-20,2024-10-20 12:00:00,23,Herre Handbold Ligaen,Denmark,2024,8,Fredericia,Ringsted,177,183,34.0,28.0,20.0,12.0,FT,True,home
161813,2024-10-22,2024-10-22 18:00:00,23,Herre Handbold Ligaen,Denmark,2024,8,Grindsted,Skjern,148,185,24.0,30.0,12.0,17.0,FT,True,away
161819,2024-10-23,2024-10-23 18:00:00,23,Herre Handbold Ligaen,Denmark,2024,9,Kolding,Holstebro,180,179,31.0,34.0,16.0,18.0,FT,True,away
161821,2024-10-25,2024-10-25 16:30:00,23,Herre Handbold Ligaen,Denmark,2024,9,Ribe-Esbjerg,Bjerringbro/Silkeborg,182,176,28.0,33.0,17.0,15.0,FT,True,away
161820,2024-10-25,2024-10-25 18:00:00,23,Herre Handbold Ligaen,Denmark,2024,9,Nordsjaelland,GOG,198,178,30.0,30.0,14.0,17.0,FT,True,draw
161823,2024-10-26,2024-10-26 13:00:00,23,Herre Handbold Ligaen,Denmark,2024,9,Sonderjyske,Skanderborg AGF,199,4429,32.0,25.0,14.0,9.0,FT,True,home
161817,2024-10-26,2024-10-26 14:00:00,23,Herre Handbold Ligaen,Denmark,2024,9,Aalborg,Skjern,172,185,29.0,29.0,17.0,15.0,FT,True,draw
161822,2024-10-26,2024-10-26 14:00:00,23,Herre Handbold Ligaen,Denmark,2024,9,Ringsted,Mors,183,173,35.0,29.0,17.0,13.0,FT,True,home
161818,2024-10-28,2024-10-28 18:00:00,23,Herre Handbold Ligaen,Denmark,2024,9,Fredericia,Grindsted,177,148,34.0,22.0,17.0,7.0,FT,True,home
161826,2024-10-29,2024-10-29 19:00:00,23,Herre Handbold Ligaen,Denmark,2024,10,Skjern,Kolding,185,180,38.0,22.0,17.0,10.0,FT,True,home
161827,2024-10-31,2024-10-31 18:00:00,23,Herre Handbold Ligaen,Denmark,2024,10,Holstebro,Sonderjyske,179,199,28.0,32.0,13.0,16.0,FT,True,away
161829,2024-11-01,2024-11-01 19:00:00,23,Herre Handbold Ligaen,Denmark,2024,10,GOG,Ribe-Esbjerg,178,182,37.0,21.0,19.0,9.0,FT,True,home
161825,2024-11-02,2024-11-02 14:00:00,23,Herre Handbold Ligaen,Denmark,2024,10,Skanderborg AGF,Nordsjaelland,4429,198,32.0,28.0,14.0,16.0,FT,True,home
161824,2024-11-03,2024-11-03 14:30:00,23,Herre Handbold Ligaen,Denmark,2024,10,Mors,Fredericia,173,177,33.0,33.0,17.0,16.0,FT,True,draw
161830,2024-11-03,2024-11-03 17:30:00,23,Herre Handbold Ligaen,Denmark,2024,10,Bjerringbro/Silkeborg,Ringsted,176,183,28.0,28.0,13.0,14.0,FT,True,draw
161828,2024-11-03,2024-11-03 19:00:00,23,Herre Handbold Ligaen,Denmark,2024,10,Grindsted,Aalborg,148,172,33.0,36.0,17.0,19.0,FT,True,away
161837,2024-11-13,2024-11-13 19:00:00,23,Herre Handbold Ligaen,Denmark,2024,11,Sonderjyske,Skjern,199,185,25.0,30.0,13.0,15.0,FT,True,away
161833,2024-11-15,2024-11-15 18:30:00,23,Herre Handbold Ligaen,Denmark,2024,11,Mors,Grindsted,173,148,39.0,26.0,22.0,12.0,FT,True,home
161835,2024-11-15,2024-11-15 19:00:00,23,Herre Handbold Ligaen,Denmark,2024,11,Ribe-Esbjerg,Skanderborg AGF,182,4429,26.0,27.0,15.0,14.0,FT,True,away
161831,2024-11-16,2024-11-16 15:00:00,23,Herre Handbold Ligaen,Denmark,2024,11,Fredericia,Bjerringbro/Silkeborg,177,176,30.0,21.0,13.0,9.0,FT,True,home
161832,2024-11-16,2024-11-16 15:00:00,23,Herre Handbold Ligaen,Denmark,2024,11,Kolding,Aalborg,180,172,16.0,36.0,8.0,14.0,FT,True,away
161836,2024-11-17,2024-11-17 19:00:00,23,Herre Handbold Ligaen,Denmark,2024,11,Ringsted,GOG,183,178,38.0,33.0,19.0,16.0,FT,True,home
161834,2024-11-19,2024-11-19 19:00:00,23,Herre Handbold Ligaen,Denmark,2024,11,Nordsjaelland,Holstebro,198,179,32.0,30.0,16.0,14.0,FT,True,home
161839,2024-11-20,2024-11-20 18:00:00,23,Herre Handbold Ligaen,Denmark,2024,12,Skanderborg AGF,Ringsted,4429,183,35.0,31.0,17.0,17.0,FT,True,home
161840,2024-11-20,2024-11-20 19:00:00,23,Herre Handbold Ligaen,Denmark,2024,12,Kolding,Grindsted,180,148,28.0,28.0,15.0,12.0,FT,True,draw
161843,2024-11-22,2024-11-22 19:00:00,23,Herre Handbold Ligaen,Denmark,2024,12,Bjerringbro/Silkeborg,Mors,176,173,32.0,28.0,15.0,16.0,FT,True,home
161844,2024-11-23,2024-11-23 13:00:00,23,Herre Handbold Ligaen,Denmark,2024,12,Aalborg,Sonderjyske,172,199,34.0,32.0,15.0,16.0,FT,True,home
161838,2024-11-23,2024-11-23 15:00:00,23,Herre Handbold Ligaen,Denmark,2024,12,Skjern,Nordsjaelland,185,198,31.0,29.0,15.0,10.0,FT,True,home
161842,2024-11-23,2024-11-23 17:00:00,23,Herre Handbold Ligaen,Denmark,2024,12,GOG,Fredericia,178,177,30.0,27.0,16.0,15.0,FT,True,home
161841,2024-11-24,2024-11-24 19:00:00,23,Herre Handbold Ligaen,Denmark,2024,12,Holstebro,Ribe-Esbjerg,179,182,39.0,30.0,19.0,12.0,FT,True,home
161851,2024-11-27,2024-11-27 19:00:00,23,Herre Handbold Ligaen,Denmark,2024,13,Sonderjyske,Kolding,199,180,35.0,28.0,19.0,15.0,FT,True,home
161849,2024-11-28,2024-11-28 17:30:00,23,Herre Handbold Ligaen,Denmark,2024,13,Ribe-Esbjerg,Skjern,182,185,29.0,32.0,15.0,17.0,FT,True,away
161847,2024-11-29,2024-11-29 18:30:00,23,Herre Handbold Ligaen,Denmark,2024,13,Mors,GOG,173,178,35.0,27.0,19.0,16.0,FT,True,home
161846,2024-11-30,2024-11-30 13:30:00,23,Herre Handbold Ligaen,Denmark,2024,13,Grindsted,Bjerringbro/Silkeborg,148,176,35.0,29.0,13.0,15.0,FT,True,home
161850,2024-11-30,2024-11-30 14:00:00,23,Herre Handbold Ligaen,Denmark,2024,13,Ringsted,Holstebro,183,179,30.0,38.0,12.0,18.0,FT,True,away
161848,2024-12-01,2024-12-01 14:00:00,23,Herre Handbold Ligaen,Denmark,2024,13,Nordsjaelland,Aalborg,198,172,27.0,29.0,12.0,13.0,FT,True,away
161845,2024-12-01,2024-12-01 18:00:00,23,Herre Handbold Ligaen,Denmark,2024,13,Fredericia,Skanderborg AGF,177,4429,30.0,32.0,15.0,12.0,FT,True,away
161855,2024-12-04,2024-12-04 19:00:00,23,Herre Handbold Ligaen,Denmark,2024,14,Bjerringbro/Silkeborg,GOG,176,178,26.0,28.0,16.0,12.0,FT,True,away
161854,2024-12-07,2024-12-07 13:00:00,23,Herre Handbold Ligaen,Denmark,2024,14,Ribe-Esbjerg,Aalborg,182,172,37.0,39.0,22.0,19.0,FT,True,away
161857,2024-12-07,2024-12-07 13:30:00,23,Herre Handbold Ligaen,Denmark,2024,14,Grindsted,Sonderjyske,148,199,25.0,30.0,11.0,17.0,FT,True,away
161852,2024-12-07,2024-12-07 14:00:00,23,Herre Handbold Ligaen,Denmark,2024,14,Nordsjaelland,Kolding,198,180,29.0,26.0,13.0,13.0,FT,True,home
161853,2024-12-07,2024-12-07 14:00:00,23,Herre Handbold Ligaen,Denmark,2024,14,Ringsted,Skjern,183,185,36.0,29.0,17.0,11.0,FT,True,home
161858,2024-12-07,2024-12-07 14:00:00,23,Herre Handbold Ligaen,Denmark,2024,14,Fredericia,Holstebro,177,179,31.0,24.0,17.0,10.0,FT,True,home
161856,2024-12-07,2024-12-07 14:30:00,23,Herre Handbold Ligaen,Denmark,2024,14,Mors,Skanderborg AGF,173,4429,35.0,21.0,12.0,12.0,FT,True,home
161863,2024-12-11,2024-12-11 17:30:00,23,Herre Handbold Ligaen,Denmark,2024,15,Skjern,Fredericia,185,177,27.0,31.0,12.0,16.0,FT,True,away
161859,2024-12-11,2024-12-11 18:00:00,23,Herre Handbold Ligaen,Denmark,2024,15,GOG,Grindsted,178,148,32.0,28.0,17.0,14.0,FT,True,home
161860,2024-12-11,2024-12-11 18:00:00,23,Herre Handbold Ligaen,Denmark,2024,15,Holstebro,Mors,179,173,31.0,31.0,14.0,9.0,FT,True,draw
161861,2024-12-11,2024-12-11 18:00:00,23,Herre Handbold Ligaen,Denmark,2024,15,Kolding,Ribe-Esbjerg,180,182,22.0,37.0,13.0,19.0,FT,True,away
161862,2024-12-11,2024-12-11 18:00:00,23,Herre Handbold Ligaen,Denmark,2024,15,Skanderborg AGF,Bjerringbro/Silkeborg,4429,176,33.0,30.0,17.0,15.0,FT,True,home
161864,2024-12-11,2024-12-11 18:00:00,23,Herre Handbold Ligaen,Denmark,2024,15,Sonderjyske,Nordsjaelland,199,198,30.0,26.0,14.0,13.0,FT,True,home
161865,2024-12-11,2024-12-11 18:00:00,23,Herre Handbold Ligaen,Denmark,2024,15,Aalborg,Ringsted,172,183,35.0,32.0,21.0,18.0,FT,True,home
161866,2024-12-14,2024-12-14 14:30:00,23,Herre Handbold Ligaen,Denmark,2024,16,Mors,Skjern,173,185,32.0,35.0,14.0,17.0,FT,True,away
161868,2024-12-14,2024-12-14 15:00:00,23,Herre Handbold Ligaen,Denmark,2024,16,Ribe-Esbjerg,Sonderjyske,182,199,22.0,25.0,12.0,10.0,FT,True,away
161869,2024-12-14,2024-12-14 15:00:00,23,Herre Handbold Ligaen,Denmark,2024,16,Aalborg,Fredericia,172,177,32.0,30.0,14.0,13.0,FT,True,home
161871,2024-12-14,2024-12-14 15:00:00,23,Herre Handbold Ligaen,Denmark,2024,16,GOG,Skanderborg AGF,178,4429,35.0,34.0,19.0,13.0,FT,True,home
161872,2024-12-14,2024-12-14 15:00:00,23,Herre Handbold Ligaen,Denmark,2024,16,Bjerringbro/Silkeborg,Holstebro,176,179,36.0,27.0,19.0,15.0,FT,True,home
161867,2024-12-15,2024-12-15 15:00:00,23,Herre Handbold Ligaen,Denmark,2024,16,Ringsted,Kolding,183,180,33.0,24.0,19.0,10.0,FT,True,home
161870,2024-12-15,2024-12-15 15:00:00,23,Herre Handbold Ligaen,Denmark,2024,16,Grindsted,Nordsjaelland,148,198,24.0,32.0,9.0,17.0,FT,True,away
161876,2024-12-19,2024-12-19 19:00:00,23,Herre Handbold Ligaen,Denmark,2024,17,Nordsjaelland,Ribe-Esbjerg,198,182,29.0,25.0,15.0,13.0,FT,True,home
161879,2024-12-20,2024-12-20 19:00:00,23,Herre Handbold Ligaen,Denmark,2024,17,Kolding,Fredericia,180,177,21.0,29.0,10.0,13.0,FT,True,away
161875,2024-12-21,2024-12-21 14:00:00,23,Herre Handbold Ligaen,Denmark,2024,17,Skanderborg AGF,Grindsted,4429,148,28.0,28.0,16.0,14.0,FT,True,draw
161873,2024-12-21,2024-12-21 15:00:00,23,Herre Handbold Ligaen,Denmark,2024,17,Sonderjyske,Ringsted,199,183,28.0,27.0,13.0,12.0,FT,True,home
161874,2024-12-21,2024-12-21 15:00:00,23,Herre Handbold Ligaen,Denmark,2024,17,Skjern,Bjerringbro/Silkeborg,185,176,29.0,33.0,13.0,14.0,FT,True,away
161878,2024-12-21,2024-12-21 18:00:00,23,Herre Handbold Ligaen,Denmark,2024,17,Aalborg,Mors,172,173,36.0,29.0,17.0,13.0,FT,True,home
161877,2024-12-22,2024-12-22 17:00:00,23,Herre Handbold Ligaen,Denmark,2024,17,Holstebro,GOG,179,178,35.0,36.0,16.0,16.0,FT,True,away
161881,2025-02-06,2025-02-06 19:00:00,23,Herre Handbold Ligaen,Denmark,2024,18,Ringsted,Nordsjaelland,183,198,34.0,36.0,20.0,18.0,FT,True,away
161885,2025-02-07,2025-02-07 18:00:00,23,Herre Handbold Ligaen,Denmark,2024,18,Fredericia,Sonderjyske,177,199,32.0,26.0,15.0,10.0,FT,True,home
161882,2025-02-07,2025-02-07 19:00:00,23,Herre Handbold Ligaen,Denmark,2024,18,Skanderborg AGF,Holstebro,4429,179,37.0,28.0,20.0,13.0,FT,True,home
161883,2025-02-08,2025-02-08 13:30:00,23,Herre Handbold Ligaen,Denmark,2024,18,Grindsted,Ribe-Esbjerg,148,182,,,,,AW,False,
161886,2025-02-08,2025-02-08 15:00:00,23,Herre Handbold Ligaen,Denmark,2024,18,Bjerringbro/Silkeborg,Aalborg,176,172,26.0,29.0,12.0,12.0,FT,True,away
161884,2025-02-08,2025-02-08 17:00:00,23,Herre Handbold Ligaen,Denmark,2024,18,GOG,Skjern,178,185,32.0,32.0,13.0,16.0,FT,True,draw
161880,2025-02-09,2025-02-09 19:00:00,23,Herre Handbold Ligaen,Denmark,2024,18,Mors,Kolding,173,180,31.0,27.0,17.0,14.0,FT,True,home
161892,2025-02-18,2025-02-18 19:00:00,23,Herre Handbold Ligaen,Denmark,2024,19,Skjern,Skanderborg AGF,185,4429,21.0,23.0,10.0,10.0,FT,True,away
161891,2025-02-20,2025-02-20 17:30:00,23,Herre Handbold Ligaen,Denmark,2024,19,Ribe-Esbjerg,Ringsted,182,183,36.0,29.0,19.0,14.0,FT,True,home
161888,2025-02-20,2025-02-20 18:00:00,23,Herre Handbold Ligaen,Denmark,2024,19,Holstebro,Grindsted,179,148,37.0,27.0,22.0,10.0,FT,True,home
161893,2025-02-20,2025-02-20 19:00:00,23,Herre Handbold Ligaen,Denmark,2024,19,Sonderjyske,Mors,199,173,30.0,35.0,16.0,17.0,FT,True,away
161889,2025-02-21,2025-02-21 19:00:00,23,Herre Handbold Ligaen,Denmark,2024,19,Kolding,Bjerringbro/Silkeborg,180,176,30.0,30.0,14.0,11.0,FT,True,draw
161887,2025-02-22,2025-02-22 15:00:00,23,Herre Handbold Ligaen,Denmark,2024,19,Aalborg,GOG,172,178,32.0,27.0,16.0,14.0,FT,True,home
161890,2025-02-23,2025-02-23 19:00:00,23,Herre Handbold Ligaen,Denmark,2024,19,Nordsjaelland,Fredericia,198,177,32.0,34.0,16.0,16.0,FT,True,away
161898,2025-02-27,2025-02-27 17:30:00,23,Herre Handbold Ligaen,Denmark,2024,20,Bjerringbro/Silkeborg,Sonderjyske,176,199,31.0,31.0,17.0,10.0,FT,True,draw
161897,2025-02-27,2025-02-27 18:30:00,23,Herre Handbold Ligaen,Denmark,2024,20,Grindsted,Ringsted,148,183,32.0,30.0,16.0,16.0,FT,True,home
161895,2025-02-27,2025-02-27 19:00:00,23,Herre Handbold Ligaen,Denmark,2024,20,Holstebro,Skjern,179,185,30.0,30.0,16.0,17.0,FT,True,draw
161899,2025-02-28,2025-02-28 18:00:00,23,Herre Handbold Ligaen,Denmark,2024,20,GOG,Kolding,178,180,32.0,28.0,15.0,11.0,FT,True,home
161896,2025-02-28,2025-02-28 19:00:00,23,Herre Handbold Ligaen,Denmark,2024,20,Mors,Nordsjaelland,173,198,40.0,34.0,18.0,20.0,FT,True,home
161894,2025-03-01,2025-03-01 15:00:00,23,Herre Handbold Ligaen,Denmark,2024,20,Skanderborg AGF,Aalborg,4429,172,30.0,29.0,16.0,11.0,FT,True,home
161900,2025-03-02,2025-03-02 18:00:00,23,Herre Handbold Ligaen,Denmark,2024,20,Fredericia,Ribe-Esbjerg,177,182,22.0,29.0,12.0,13.0,FT,True,away
161906,2025-03-04,2025-03-04 19:00:00,23,Herre Handbold Ligaen,Denmark,2024,21,Nordsjaelland,Bjerringbro/Silkeborg,198,176,29.0,31.0,14.0,19.0,FT,True,away
161907,2025-03-05,2025-03-05 19:00:00,23,Herre Handbold Ligaen,Denmark,2024,21,Kolding,Skanderborg AGF,180,4429,30.0,34.0,13.0,18.0,FT,True,away
161903,2025-03-06,2025-03-06 17:30:00,23,Herre Handbold Ligaen,Denmark,2024,21,Skjern,Grindsted,185,148,32.0,29.0,18.0,14.0,FT,True,home
161905,2025-03-06,2025-03-06 17:30:00,23,Herre Handbold Ligaen,Denmark,2024,21,Ribe-Esbjerg,Mors,182,173,37.0,37.0,17.0,19.0,FT,True,draw
161904,2025-03-08,2025-03-08 15:00:00,23,Herre Handbold Ligaen,Denmark,2024,21,Sonderjyske,GOG,199,178,30.0,30.0,13.0,18.0,FT,True,draw
161902,2025-03-08,2025-03-08 17:00:00,23,Herre Handbold Ligaen,Denmark,2024,21,Aalborg,Holstebro,172,179,30.0,29.0,13.0,16.0,FT,True,home
161901,2025-03-09,2025-03-09 19:00:00,23,Herre Handbold Ligaen,Denmark,2024,21,Ringsted,Fredericia,183,177,30.0,25.0,16.0,12.0,FT,True,home
161909,2025-03-19,2025-03-19 19:00:00,23,Herre Handbold Ligaen,Denmark,2024,22,Grindsted,Fredericia,148,177,29.0,35.0,16.0,18.0,FT,True,away
161912,2025-03-20,2025-03-20 17:30:00,23,Herre Handbold Ligaen,Denmark,2024,22,Skanderborg AGF,Sonderjyske,4429,199,26.0,26.0,13.0,11.0,FT,True,draw
161914,2025-03-20,2025-03-20 17:30:00,23,Herre Handbold Ligaen,Denmark,2024,22,Bjerringbro/Silkeborg,Ribe-Esbjerg,176,182,33.0,32.0,22.0,17.0,FT,True,home
161908,2025-03-22,2025-03-22 14:00:00,23,Herre Handbold Ligaen,Denmark,2024,22,GOG,Nordsjaelland,178,198,35.0,32.0,17.0,13.0,FT,True,home
161911,2025-03-22,2025-03-22 14:30:00,23,Herre Handbold Ligaen,Denmark,2024,22,Mors,Ringsted,173,183,39.0,32.0,15.0,13.0,FT,True,home
161913,2025-03-22,2025-03-22 15:00:00,23,Herre Handbold Ligaen,Denmark,2024,22,Skjern,Aalborg,185,172,29.0,31.0,18.0,17.0,FT,True,away
161910,2025-03-23,2025-03-23 19:00:00,23,Herre Handbold Ligaen,Denmark,2024,22,Holstebro,Kolding,179,180,37.0,27.0,18.0,17.0,FT,True,home
161916,2025-03-27,2025-03-27 19:00:00,23,Herre Handbold Ligaen,Denmark,2024,23,Sonderjyske,Holstebro,199,179,33.0,35.0,17.0,16.0,FT,True,away
161915,2025-03-28,2025-03-28 19:00:00,23,Herre Handbold Ligaen,Denmark,2024,23,Ribe-Esbjerg,GOG,182,178,32.0,30.0,18.0,15.0,FT,True,home
161917,2025-03-29,2025-03-29 15:00:00,23,Herre Handbold Ligaen,Denmark,2024,23,Ringsted,Bjerringbro/Silkeborg,183,176,31.0,29.0,13.0,11.0,FT,True,home
161920,2025-03-29,2025-03-29 15:00:00,23,Herre Handbold Ligaen,Denmark,2024,23,Aalborg,Grindsted,172,148,37.0,31.0,18.0,18.0,FT,True,home
161921,2025-03-29,2025-03-29 15:00:00,23,Herre Handbold Ligaen,Denmark,2024,23,Kolding,Skjern,180,185,27.0,42.0,15.0,24.0,FT,True,away
161919,2025-03-30,2025-03-30 12:00:00,23,Herre Handbold Ligaen,Denmark,2024,23,Fredericia,Mors,177,173,32.0,35.0,16.0,18.0,FT,True,away
161918,2025-03-30,2025-03-30 18:00:00,23,Herre Handbold Ligaen,Denmark,2024,23,Nordsjaelland,Skanderborg AGF,198,4429,29.0,37.0,11.0,17.0,FT,True,away
161925,2025-04-02,2025-04-02 17:00:00,23,Herre Handbold Ligaen,Denmark,2024,24,Grindsted,Mors,148,173,31.0,31.0,14.0,11.0,FT,True,draw
161923,2025-04-02,2025-04-02 18:00:00,23,Herre Handbold Ligaen,Denmark,2024,24,Bjerringbro/Silkeborg,Fredericia,176,177,33.0,33.0,17.0,18.0,FT,True,draw
161927,2025-04-03,2025-04-03 18:00:00,23,Herre Handbold Ligaen,Denmark,2024,24,Skanderborg AGF,Ribe-Esbjerg,4429,182,25.0,25.0,13.0,13.0,FT,True,draw
161926,2025-04-04,2025-04-04 18:00:00,23,Herre Handbold Ligaen,Denmark,2024,24,Holstebro,Nordsjaelland,179,198,31.0,27.0,12.0,11.0,FT,True,home
161922,2025-04-05,2025-04-05 14:00:00,23,Herre Handbold Ligaen,Denmark,2024,24,Aalborg,Kolding,172,180,36.0,28.0,19.0,15.0,FT,True,home
161928,2025-04-05,2025-04-05 14:00:00,23,Herre Handbold Ligaen,Denmark,2024,24,Skjern,Sonderjyske,185,199,34.0,29.0,15.0,12.0,FT,True,home
161924,2025-04-06,2025-04-06 18:00:00,23,Herre Handbold Ligaen,Denmark,2024,24,GOG,Ringsted,178,183,31.0,27.0,17.0,17.0,FT,True,home
161931,2025-04-08,2025-04-08 18:00:00,23,Herre Handbold Ligaen,Denmark,2024,25,Ringsted,Skanderborg AGF,183,4429,31.0,30.0,17.0,17.0,FT,True,home
161933,2025-04-08,2025-04-08 18:00:00,23,Herre Handbold Ligaen,Denmark,2024,25,Nordsjaelland,Skjern,198,185,26.0,30.0,12.0,14.0,FT,True,away
161929,2025-04-09,2025-04-09 16:30:00,23,Herre Handbold Ligaen,Denmark,2024,25,Ribe-Esbjerg,Holstebro,182,179,27.0,30.0,15.0,16.0,FT,True,away
161932,2025-04-09,2025-04-09 16:30:00,23,Herre Handbold Ligaen,Denmark,2024,25,Grindsted,Kolding,148,180,29.0,29.0,16.0,15.0,FT,True,draw
161935,2025-04-09,2025-04-09 16:30:00,23,Herre Handbold Ligaen,Denmark,2024,25,Fredericia,GOG,177,178,28.0,20.0,15.0,11.0,FT,True,home
161930,2025-04-09,2025-04-09 17:30:00,23,Herre Handbold Ligaen,Denmark,2024,25,Sonderjyske,Aalborg,199,172,27.0,31.0,12.0,16.0,FT,True,away
161934,2025-04-09,2025-04-09 17:30:00,23,Herre Handbold Ligaen,Denmark,2024,25,Mors,Bjerringbro/Silkeborg,173,176,30.0,34.0,18.0,16.0,FT,True,away
161936,2025-04-12,2025-04-12 14:00:00,23,Herre Handbold Ligaen,Denmark,2024,26,Aalborg,Nordsjaelland,172,198,29.0,25.0,12.0,10.0,FT,True,home
161937,2025-04-12,2025-04-12 14:00:00,23,Herre Handbold Ligaen,Denmark,2024,26,Bjerringbro/Silkeborg,Grindsted,176,148,30.0,33.0,18.0,18.0,FT,True,away
161938,2025-04-12,2025-04-12 14:00:00,23,Herre Handbold Ligaen,Denmark,2024,26,GOG,Mors,178,173,27.0,32.0,15.0,14.0,FT,True,away
161939,2025-04-12,2025-04-12 14:00:00,23,Herre Handbold Ligaen,Denmark,2024,26,Holstebro,Ringsted,179,183,39.0,27.0,18.0,14.0,FT,True,home
161940,2025-04-12,2025-04-12 14:00:00,23,Herre Handbold Ligaen,Denmark,2024,26,Kolding,Sonderjyske,180,199,27.0,27.0,14.0,15.0,FT,True,draw
161941,2025-04-12,2025-04-12 14:00:00,23,Herre Handbold Ligaen,Denmark,2024,26,Skanderborg AGF,Fredericia,4429,177,27.0,32.0,14.0,13.0,FT,True,away
161942,2025-04-12,2025-04-12 14:00:00,23,Herre Handbold Ligaen,Denmark,2024,26,Skjern,Ribe-Esbjerg,185,182,39.0,29.0,22.0,11.0,FT,True,home
176324,2025-04-17,2025-04-17 12:00:00,23,Herre Handbold Ligaen,Denmark,2024,,Ribe-Esbjerg,Ringsted,182,183,28.0,25.0,10.0,9.0,FT,True,home
176323,2025-04-18,2025-04-18 12:30:00,23,Herre Handbold Ligaen,Denmark,2024,,Grindsted,Nordsjaelland,148,198,26.0,30.0,15.0,12.0,FT,True,away
176337,2025-04-19,2025-04-19 14:00:00,23,Herre Handbold Ligaen,Denmark,2024,1,Skjern,Aalborg,185,172,22.0,22.0,9.0,13.0,FT,True,draw
176338,2025-04-19,2025-04-19 16:00:00,23,Herre Handbold Ligaen,Denmark,2024,1,Holstebro,GOG,179,178,27.0,34.0,13.0,17.0,FT,True,away
176339,2025-04-20,2025-04-20 16:00:00,23,Herre Handbold Ligaen,Denmark,2024,1,Skanderborg AGF,Mors,4429,173,38.0,38.0,18.0,18.0,FT,True,draw
176340,2025-04-20,2025-04-20 18:00:00,23,Herre Handbold Ligaen,Denmark,2024,1,Bjerringbro/Silkeborg,Fredericia,176,177,25.0,36.0,11.0,17.0,FT,True,away
176342,2025-04-21,2025-04-21 17:00:00,23,Herre Handbold Ligaen,Denmark,2024,Semi-finals,Aarhus Handbold,Skive,4663,202,31.0,26.0,16.0,11.0,FT,True,home
176325,2025-04-23,2025-04-23 17:00:00,23,Herre Handbold Ligaen,Denmark,2024,,Ringsted,Nordsjaelland,183,198,24.0,24.0,10.0,10.0,FT,True,draw
176326,2025-04-23,2025-04-23 17:30:00,23,Herre Handbold Ligaen,Denmark,2024,,Sonderjyske,Ribe-Esbjerg,199,182,26.0,24.0,17.0,17.0,FT,True,home
176343,2025-04-25,2025-04-25 17:00:00,23,Herre Handbold Ligaen,Denmark,2024,Semi-finals,Skive,Aarhus Handbold,202,4663,33.0,29.0,14.0,16.0,FT,True,home
176345,2025-04-26,2025-04-26 14:00:00,23,Herre Handbold Ligaen,Denmark,2024,2,GOG,Bjerringbro/Silkeborg,178,176,31.0,30.0,16.0,15.0,FT,True,home
176346,2025-04-26,2025-04-26 16:00:00,23,Herre Handbold Ligaen,Denmark,2024,2,Mors,Skjern,173,185,37.0,37.0,18.0,21.0,FT,True,draw
176327,2025-04-27,2025-04-27 13:00:00,23,Herre Handbold Ligaen,Denmark,2024,,Nordsjaelland,Sonderjyske,198,199,23.0,22.0,12.0,9.0,FT,True,home
176328,2025-04-27,2025-04-27 13:00:00,23,Herre Handbold Ligaen,Denmark,2024,,Ringsted,Grindsted,183,148,31.0,36.0,15.0,17.0,FT,True,away
176347,2025-04-27,2025-04-27 16:00:00,23,Herre Handbold Ligaen,Denmark,2024,2,Fredericia,Holstebro,177,179,28.0,32.0,12.0,18.0,FT,True,away
176348,2025-04-27,2025-04-27 18:00:00,23,Herre Handbold Ligaen,Denmark,2024,2,Aalborg,Skanderborg AGF,172,4429,35.0,27.0,19.0,15.0,FT,True,home
176295,2025-04-30,2025-04-30 17:00:00,23,Herre Handbold Ligaen,Denmark,2024,,Nordsjaelland,Ribe-Esbjerg,198,182,25.0,29.0,11.0,18.0,FT,True,away
176329,2025-04-30,2025-04-30 17:00:00,23,Herre Handbold Ligaen,Denmark,2024,,Grindsted,Sonderjyske,148,199,30.0,30.0,14.0,14.0,FT,True,draw
176502,2025-05-02,2025-05-02 17:00:00,23,Herre Handbold Ligaen,Denmark,2024,Semi-finals,Aarhus Handbold,Skive,4663,202,32.0,34.0,18.0,16.0,FT,True,away
176330,2025-05-03,2025-05-03 13:00:00,23,Herre Handbold Ligaen,Denmark,2024,,Ribe-Esbjerg,Grindsted,182,148,31.0,21.0,17.0,7.0,FT,True,home
176331,2025-05-03,2025-05-03 13:00:00,23,Herre Handbold Ligaen,Denmark,2024,,Sonderjyske,Ringsted,199,183,36.0,30.0,17.0,15.0,FT,True,home
176349,2025-05-03,2025-05-03 14:00:00,23,Herre Handbold Ligaen,Denmark,2024,3,Fredericia,GOG,177,178,27.0,28.0,16.0,16.0,FT,True,away
176350,2025-05-03,2025-05-03 16:00:00,23,Herre Handbold Ligaen,Denmark,2024,3,Holstebro,Bjerringbro/Silkeborg,179,176,35.0,32.0,16.0,12.0,FT,True,home
176351,2025-05-04,2025-05-04 16:00:00,23,Herre Handbold Ligaen,Denmark,2024,3,Mors,Aalborg,173,172,28.0,32.0,14.0,17.0,FT,True,away
176352,2025-05-04,2025-05-04 18:00:00,23,Herre Handbold Ligaen,Denmark,2024,3,Skjern,Skanderborg AGF,185,4429,35.0,27.0,16.0,10.0,FT,True,home
176353,2025-05-14,2025-05-14 16:30:00,23,Herre Handbold Ligaen,Denmark,2024,4,Holstebro,Fredericia,179,177,31.0,25.0,15.0,13.0,FT,True,home
176354,2025-05-14,2025-05-14 18:30:00,23,Herre Handbold Ligaen,Denmark,2024,4,Bjerringbro/Silkeborg,GOG,176,178,35.0,23.0,23.0,11.0,FT,True,home
176355,2025-05-15,2025-05-15 16:30:00,23,Herre Handbold Ligaen,Denmark,2024,4,Skjern,Mors,185,173,34.0,30.0,13.0,16.0,FT,True,home
176356,2025-05-15,2025-05-15 18:30:00,23,Herre Handbold Ligaen,Denmark,2024,4,Skanderborg AGF,Aalborg,4429,172,27.0,29.0,17.0,15.0,FT,True,away
176598,2025-05-17,2025-05-17 12:30:00,23,Herre Handbold Ligaen,Denmark,2024,Final,Grindsted,Skive,148,202,31.0,32.0,14.0,12.0,FT,True,away
176357,2025-05-17,2025-05-17 14:00:00,23,Herre Handbold Ligaen,Denmark,2024,5,Fredericia,Bjerringbro/Silkeborg,177,176,27.0,32.0,15.0,17.0,FT,True,away
176358,2025-05-17,2025-05-17 16:00:00,23,Herre Handbold Ligaen,Denmark,2024,5,GOG,Holstebro,178,179,29.0,29.0,17.0,13.0,FT,True,draw
176359,2025-05-18,2025-05-18 16:00:00,23,Herre Handbold Ligaen,Denmark,2024,5,Mors,Skanderborg AGF,173,4429,29.0,31.0,16.0,13.0,FT,True,away
176360,2025-05-18,2025-05-18 18:00:00,23,Herre Handbold Ligaen,Denmark,2024,5,Aalborg,Skjern,172,185,30.0,27.0,14.0,14.0,FT,True,home
176599,2025-05-21,2025-05-21 17:00:00,23,Herre Handbold Ligaen,Denmark,2024,Final,Skive,Grindsted,202,148,29.0,37.0,15.0,17.0,FT,True,away
176361,2025-05-21,2025-05-21 18:00:00,23,Herre Handbold Ligaen,Denmark,2024,6,Aalborg,Mors,172,173,34.0,27.0,17.0,13.0,FT,True,home
176362,2025-05-21,2025-05-21 18:00:00,23,Herre Handbold Ligaen,Denmark,2024,6,Bjerringbro/Silkeborg,Holstebro,176,179,29.0,29.0,15.0,15.0,FT,True,draw
176363,2025-05-21,2025-05-21 18:00:00,23,Herre Handbold Ligaen,Denmark,2024,6,GOG,Fredericia,178,177,31.0,28.0,13.0,11.0,FT,True,home
176364,2025-05-21,2025-05-21 18:00:00,23,Herre Handbold Ligaen,Denmark,2024,6,Skanderborg AGF,Skjern,4429,185,30.0,26.0,11.0,16.0,FT,True,home
176759,2025-05-25,2025-05-25 12:00:00,23,Herre Handbold Ligaen,Denmark,2024,Semi-finals,GOG,Skjern,178,185,25.0,19.0,13.0,10.0,FT,True,home
176760,2025-05-25,2025-05-25 14:00:00,23,Herre Handbold Ligaen,Denmark,2024,Semi-finals,Aalborg,Holstebro,172,179,28.0,23.0,15.0,10.0,FT,True,home
176790,2025-05-25,2025-05-25 14:00:00,23,Herre Handbold Ligaen,Denmark,2024,Final,Grindsted,Skive,148,202,27.0,26.0,16.0,14.0,FT,True,home
176761,2025-05-28,2025-05-28 16:30:00,23,Herre Handbold Ligaen,Denmark,2024,Semi-finals,Skjern,GOG,185,178,38.0,27.0,18.0,16.0,FT,True,home
176762,2025-05-28,2025-05-28 18:30:00,23,Herre Handbold Ligaen,Denmark,2024,Semi-finals,Holstebro,Aalborg,179,172,31.0,37.0,15.0,19.0,FT,True,away
176893,2025-05-31,2025-05-31 14:00:00,23,Herre Handbold Ligaen,Denmark,2024,Semi-finals,GOG,Skjern,178,185,26.0,28.0,16.0,15.0,FT,True,away
176896,2025-06-04,2025-06-04 16:30:00,23,Herre Handbold Ligaen,Denmark,2024,3rd place,GOG,Holstebro,178,179,29.0,30.0,10.0,17.0,FT,True,away
176897,2025-06-04,2025-06-04 18:30:00,23,Herre Handbold Ligaen,Denmark,2024,Final,Aalborg,Skjern,172,185,26.0,22.0,13.0,9.0,FT,True,home
176898,2025-06-07,2025-06-07 12:00:00,23,Herre Handbold Ligaen,Denmark,2024,3rd place,Holstebro,GOG,179,178,32.0,33.0,14.0,16.0,FT,True,away
176899,2025-06-07,2025-06-07 14:00:00,23,Herre Handbold Ligaen,Denmark,2024,Final,Skjern,Aalborg,185,172,26.0,29.0,15.0,16.0,FT,True,away
177230,2025-06-11,2025-06-11 17:30:00,23,Herre Handbold Ligaen,Denmark,2024,3rd place,GOG,Holstebro,178,179,38.0,30.0,17.0,18.0,FT,True,home
164172,2024-09-06,2024-09-06 18:00:00,34,Starligue,France,2024,1,Aix,Creteil,250,253,26.0,25.0,14.0,14.0,FT,True,home
164174,2024-09-06,2024-09-06 18:00:00,34,Starligue,France,2024,1,Istres,Ivry,243,255,36.0,25.0,17.0,14.0,FT,True,home
164176,2024-09-06,2024-09-06 18:00:00,34,Starligue,France,2024,1,Montpellier,St. Raphael,248,259,31.0,18.0,15.0,9.0,FT,True,home
164179,2024-09-06,2024-09-06 18:00:00,34,Starligue,France,2024,1,Chambery Savoie,Cesson Rennes-Metropole,251,242,29.0,25.0,16.0,12.0,FT,True,home
164177,2024-09-07,2024-09-07 18:00:00,34,Starligue,France,2024,1,PSG,Nimes,4484,258,36.0,33.0,18.0,14.0,FT,True,home
164173,2024-09-08,2024-09-08 15:00:00,34,Starligue,France,2024,1,Chartres,Nantes,252,257,29.0,34.0,13.0,18.0,FT,True,away
164178,2024-09-08,2024-09-08 15:00:00,34,Starligue,France,2024,1,Toulouse,Tremblay,260,261,32.0,23.0,16.0,9.0,FT,True,home
164175,2024-09-11,2024-09-11 18:00:00,34,Starligue,France,2024,1,Limoges,Dunkerque,256,254,37.0,34.0,16.0,15.0,FT,True,home
164187,2024-09-13,2024-09-13 18:00:00,34,Starligue,France,2024,2,Cesson Rennes-Metropole,Aix,242,250,28.0,32.0,13.0,14.0,FT,True,away
164181,2024-09-13,2024-09-13 18:30:00,34,Starligue,France,2024,2,Tremblay,Montpellier,261,248,31.0,34.0,18.0,16.0,FT,True,away
164182,2024-09-13,2024-09-13 18:30:00,34,Starligue,France,2024,2,St. Raphael,Chartres,259,252,25.0,28.0,13.0,14.0,FT,True,away
164184,2024-09-13,2024-09-13 18:30:00,34,Starligue,France,2024,2,Ivry,Nimes,255,258,28.0,31.0,14.0,15.0,FT,True,away
164186,2024-09-13,2024-09-13 18:30:00,34,Starligue,France,2024,2,Creteil,Chambery Savoie,253,251,33.0,29.0,18.0,16.0,FT,True,home
164185,2024-09-14,2024-09-14 18:00:00,34,Starligue,France,2024,2,Dunkerque,Toulouse,254,260,24.0,27.0,13.0,15.0,FT,True,away
164183,2024-09-14,2024-09-14 18:45:00,34,Starligue,France,2024,2,Nantes,Istres,257,243,43.0,31.0,23.0,17.0,FT,True,home
164180,2024-09-15,2024-09-15 15:00:00,34,Starligue,France,2024,2,Limoges,PSG,256,4484,29.0,30.0,14.0,16.0,FT,True,away
164188,2024-09-19,2024-09-19 18:00:00,34,Starligue,France,2024,3,Aix,Tremblay,250,261,25.0,28.0,11.0,13.0,FT,True,away
164189,2024-09-20,2024-09-20 18:00:00,34,Starligue,France,2024,3,Chartres,Cesson Rennes-Metropole,252,242,28.0,33.0,15.0,17.0,FT,True,away
164190,2024-09-20,2024-09-20 18:00:00,34,Starligue,France,2024,3,Istres,Chambery Savoie,243,251,34.0,31.0,18.0,17.0,FT,True,home
164192,2024-09-20,2024-09-20 18:00:00,34,Starligue,France,2024,3,Nimes,Creteil,258,253,30.0,21.0,15.0,9.0,FT,True,home
164194,2024-09-20,2024-09-20 18:30:00,34,Starligue,France,2024,3,St. Raphael,Ivry,259,255,35.0,29.0,20.0,16.0,FT,True,home
164191,2024-09-21,2024-09-21 18:45:00,34,Starligue,France,2024,3,Montpellier,Limoges,248,256,32.0,26.0,17.0,15.0,FT,True,home
164193,2024-09-22,2024-09-22 15:00:00,34,Starligue,France,2024,3,PSG,Dunkerque,4484,254,39.0,31.0,20.0,13.0,FT,True,home
164195,2024-09-22,2024-09-22 15:00:00,34,Starligue,France,2024,3,Toulouse,Nantes,260,257,35.0,29.0,19.0,15.0,FT,True,home
164202,2024-09-26,2024-09-26 18:00:00,34,Starligue,France,2024,4,Chambery Savoie,St. Raphael,251,259,25.0,28.0,16.0,13.0,FT,True,away
164203,2024-09-26,2024-09-26 18:30:00,34,Starligue,France,2024,4,Cesson Rennes-Metropole,Istres,242,243,28.0,33.0,15.0,17.0,FT,True,away
164200,2024-09-27,2024-09-27 18:00:00,34,Starligue,France,2024,4,Dunkerque,Nimes,254,258,29.0,24.0,11.0,12.0,FT,True,home
164196,2024-09-27,2024-09-27 18:30:00,34,Starligue,France,2024,4,Ivry,Aix,255,250,30.0,34.0,13.0,14.0,FT,True,away
164201,2024-09-27,2024-09-27 18:30:00,34,Starligue,France,2024,4,Creteil,Chartres,253,252,27.0,34.0,12.0,16.0,FT,True,away
164199,2024-09-28,2024-09-28 18:00:00,34,Starligue,France,2024,4,Limoges,Toulouse,256,260,28.0,29.0,13.0,13.0,FT,True,away
164197,2024-09-29,2024-09-29 14:00:00,34,Starligue,France,2024,4,Tremblay,PSG,261,4484,32.0,40.0,16.0,20.0,FT,True,away
164198,2024-09-29,2024-09-29 15:00:00,34,Starligue,France,2024,4,Nantes,Montpellier,257,248,29.0,26.0,15.0,15.0,FT,True,home
164205,2024-10-03,2024-10-03 18:00:00,34,Starligue,France,2024,5,Dunkerque,Tremblay,254,261,28.0,26.0,15.0,14.0,FT,True,home
164206,2024-10-04,2024-10-04 18:00:00,34,Starligue,France,2024,5,Istres,Limoges,243,256,29.0,36.0,15.0,18.0,FT,True,away
164209,2024-10-04,2024-10-04 18:00:00,34,Starligue,France,2024,5,PSG,Ivry,4484,255,39.0,25.0,16.0,11.0,FT,True,home
164210,2024-10-04,2024-10-04 18:00:00,34,Starligue,France,2024,5,St. Raphael,Cesson Rennes-Metropole,259,242,27.0,24.0,16.0,12.0,FT,True,home
164211,2024-10-04,2024-10-04 18:30:00,34,Starligue,France,2024,5,Toulouse,Creteil,260,253,37.0,30.0,21.0,14.0,FT,True,home
164207,2024-10-05,2024-10-05 18:00:00,34,Starligue,France,2024,5,Montpellier,Aix,248,250,41.0,35.0,21.0,16.0,FT,True,home
164204,2024-10-06,2024-10-06 15:00:00,34,Starligue,France,2024,5,Chartres,Chambery Savoie,252,251,30.0,28.0,16.0,17.0,FT,True,home
164208,2024-10-06,2024-10-06 15:00:00,34,Starligue,France,2024,5,Nimes,Nantes,258,257,29.0,35.0,11.0,18.0,FT,True,away
164219,2024-10-10,2024-10-10 18:00:00,34,Starligue,France,2024,6,Aix,Dunkerque,250,254,28.0,32.0,14.0,16.0,FT,True,away
164212,2024-10-11,2024-10-11 18:00:00,34,Starligue,France,2024,6,Limoges,Chartres,256,252,32.0,28.0,15.0,13.0,FT,True,home
164216,2024-10-11,2024-10-11 18:00:00,34,Starligue,France,2024,6,Istres,Montpellier,243,248,26.0,38.0,14.0,20.0,FT,True,away
164217,2024-10-11,2024-10-11 18:00:00,34,Starligue,France,2024,6,Chambery Savoie,Nimes,251,258,36.0,31.0,16.0,14.0,FT,True,home
164213,2024-10-11,2024-10-11 18:30:00,34,Starligue,France,2024,6,Tremblay,Ivry,261,255,37.0,33.0,20.0,16.0,FT,True,home
164218,2024-10-12,2024-10-12 18:00:00,34,Starligue,France,2024,6,Cesson Rennes-Metropole,Toulouse,242,260,28.0,27.0,14.0,16.0,FT,True,home
164215,2024-10-13,2024-10-13 14:00:00,34,Starligue,France,2024,6,Creteil,PSG,253,4484,31.0,45.0,17.0,25.0,FT,True,away
164214,2024-10-13,2024-10-13 17:00:00,34,Starligue,France,2024,6,Nantes,St. Raphael,257,259,36.0,29.0,17.0,17.0,FT,True,home
164220,2024-10-18,2024-10-18 18:00:00,34,Starligue,France,2024,7,Dunkerque,Creteil,254,253,24.0,26.0,16.0,12.0,FT,True,away
164222,2024-10-18,2024-10-18 18:00:00,34,Starligue,France,2024,7,Montpellier,Chambery Savoie,248,251,37.0,25.0,21.0,11.0,FT,True,home
164224,2024-10-18,2024-10-18 18:00:00,34,Starligue,France,2024,7,Nimes,Istres,258,243,29.0,34.0,15.0,20.0,FT,True,away
164221,2024-10-18,2024-10-18 18:30:00,34,Starligue,France,2024,7,Ivry,Cesson Rennes-Metropole,255,242,28.0,34.0,12.0,18.0,FT,True,away
164226,2024-10-18,2024-10-18 18:30:00,34,Starligue,France,2024,7,St. Raphael,Limoges,259,256,35.0,33.0,18.0,16.0,FT,True,home
164227,2024-10-19,2024-10-19 18:00:00,34,Starligue,France,2024,7,Toulouse,Aix,260,250,33.0,31.0,14.0,16.0,FT,True,home
164223,2024-10-20,2024-10-20 15:00:00,34,Starligue,France,2024,7,Nantes,Tremblay,257,261,30.0,24.0,14.0,14.0,FT,True,home
164225,2024-10-20,2024-10-20 15:00:00,34,Starligue,France,2024,7,PSG,Chartres,4484,252,36.0,26.0,16.0,16.0,FT,True,home
164232,2024-10-25,2024-10-25 18:00:00,34,Starligue,France,2024,8,Chartres,Toulouse,252,260,27.0,31.0,12.0,15.0,FT,True,away
164235,2024-10-25,2024-10-25 18:00:00,34,Starligue,France,2024,8,Aix,St. Raphael,250,259,24.0,29.0,12.0,11.0,FT,True,away
164234,2024-10-25,2024-10-25 18:30:00,34,Starligue,France,2024,8,Cesson Rennes-Metropole,Tremblay,242,261,26.0,26.0,18.0,13.0,FT,True,draw
164229,2024-10-26,2024-10-26 18:00:00,34,Starligue,France,2024,8,Montpellier,Nimes,248,258,38.0,32.0,21.0,16.0,FT,True,home
164230,2024-10-26,2024-10-26 18:00:00,34,Starligue,France,2024,8,Limoges,Ivry,256,255,33.0,33.0,13.0,16.0,FT,True,draw
164228,2024-10-27,2024-10-27 15:00:00,34,Starligue,France,2024,8,Creteil,Nantes,253,257,31.0,38.0,14.0,20.0,FT,True,away
164231,2024-10-27,2024-10-27 15:00:00,34,Starligue,France,2024,8,Istres,PSG,243,4484,30.0,34.0,16.0,15.0,FT,True,away
164233,2024-10-27,2024-10-27 16:00:00,34,Starligue,France,2024,8,Chambery Savoie,Dunkerque,251,254,28.0,27.0,13.0,13.0,FT,True,home
164237,2024-10-31,2024-10-31 19:00:00,34,Starligue,France,2024,9,Dunkerque,Chartres,254,252,24.0,32.0,11.0,17.0,FT,True,away
164236,2024-10-31,2024-10-31 19:30:00,34,Starligue,France,2024,9,Cesson Rennes-Metropole,Creteil,242,253,26.0,24.0,16.0,11.0,FT,True,home
164240,2024-11-01,2024-11-01 19:00:00,34,Starligue,France,2024,9,Nimes,Aix,258,250,27.0,29.0,12.0,17.0,FT,True,away
164238,2024-11-01,2024-11-01 19:30:00,34,Starligue,France,2024,9,Ivry,Chambery Savoie,255,251,19.0,30.0,10.0,14.0,FT,True,away
164243,2024-11-01,2024-11-01 19:30:00,34,Starligue,France,2024,9,Tremblay,Istres,261,243,36.0,34.0,17.0,14.0,FT,True,home
164242,2024-11-02,2024-11-02 20:00:00,34,Starligue,France,2024,9,Toulouse,St. Raphael,260,259,27.0,36.0,16.0,18.0,FT,True,away
164241,2024-11-03,2024-11-03 15:00:00,34,Starligue,France,2024,9,PSG,Montpellier,4484,248,29.0,23.0,14.0,15.0,FT,True,home
164239,2024-11-03,2024-11-03 18:00:00,34,Starligue,France,2024,9,Nantes,Limoges,257,256,35.0,27.0,21.0,14.0,FT,True,home
164250,2024-11-14,2024-11-14 19:00:00,34,Starligue,France,2024,10,Chambery Savoie,Tremblay,251,261,27.0,28.0,15.0,15.0,FT,True,away
164244,2024-11-15,2024-11-15 19:00:00,34,Starligue,France,2024,10,Limoges,Creteil,256,253,33.0,36.0,17.0,19.0,FT,True,away
164246,2024-11-15,2024-11-15 19:00:00,34,Starligue,France,2024,10,Montpellier,Cesson Rennes-Metropole,248,242,30.0,23.0,12.0,12.0,FT,True,home
164247,2024-11-15,2024-11-15 19:00:00,34,Starligue,France,2024,10,Istres,Toulouse,243,260,29.0,30.0,12.0,12.0,FT,True,away
164249,2024-11-15,2024-11-15 19:00:00,34,Starligue,France,2024,10,Chartres,Nimes,252,258,27.0,31.0,12.0,14.0,FT,True,away
164248,2024-11-15,2024-11-15 19:30:00,34,Starligue,France,2024,10,Ivry,Nantes,255,257,22.0,34.0,10.0,18.0,FT,True,away
164245,2024-11-16,2024-11-16 19:30:00,34,Starligue,France,2024,10,St. Raphael,Dunkerque,259,254,27.0,29.0,14.0,13.0,FT,True,away
164251,2024-11-17,2024-11-17 16:00:00,34,Starligue,France,2024,10,Aix,PSG,250,4484,26.0,28.0,11.0,14.0,FT,True,away
164257,2024-11-22,2024-11-22 19:00:00,34,Starligue,France,2024,11,Nimes,St. Raphael,258,259,29.0,33.0,16.0,18.0,FT,True,away
164252,2024-11-22,2024-11-22 19:30:00,34,Starligue,France,2024,11,Cesson Rennes-Metropole,Limoges,242,256,24.0,29.0,11.0,9.0,FT,True,away
164254,2024-11-22,2024-11-22 19:30:00,34,Starligue,France,2024,11,Creteil,Istres,253,243,33.0,28.0,14.0,14.0,FT,True,home
164259,2024-11-22,2024-11-22 19:30:00,34,Starligue,France,2024,11,Tremblay,Chartres,261,252,31.0,30.0,15.0,14.0,FT,True,home
164255,2024-11-23,2024-11-23 19:00:00,34,Starligue,France,2024,11,Dunkerque,Montpellier,254,248,22.0,24.0,11.0,13.0,FT,True,away
164253,2024-11-24,2024-11-24 15:00:00,34,Starligue,France,2024,11,Chambery Savoie,PSG,251,4484,31.0,37.0,17.0,18.0,FT,True,away
164256,2024-11-24,2024-11-24 18:00:00,34,Starligue,France,2024,11,Nantes,Aix,257,250,39.0,30.0,17.0,18.0,FT,True,home
164263,2024-11-29,2024-11-29 19:00:00,34,Starligue,France,2024,12,Limoges,Tremblay,256,261,34.0,31.0,22.0,14.0,FT,True,home
164264,2024-11-29,2024-11-29 19:00:00,34,Starligue,France,2024,12,Montpellier,Ivry,248,255,39.0,23.0,22.0,12.0,FT,True,home
164266,2024-11-29,2024-11-29 19:00:00,34,Starligue,France,2024,12,Chartres,Istres,252,243,37.0,34.0,19.0,13.0,FT,True,home
164267,2024-11-29,2024-11-29 19:00:00,34,Starligue,France,2024,12,Aix,Chambery Savoie,250,251,30.0,27.0,15.0,13.0,FT,True,home
164261,2024-11-29,2024-11-29 19:30:00,34,Starligue,France,2024,12,St. Raphael,Creteil,259,253,35.0,27.0,16.0,13.0,FT,True,home
164260,2024-11-30,2024-11-30 19:15:00,34,Starligue,France,2024,12,Nimes,Toulouse,258,260,36.0,29.0,15.0,12.0,FT,True,home
164265,2024-12-01,2024-12-01 15:00:00,34,Starligue,France,2024,12,Dunkerque,Nantes,254,257,31.0,35.0,15.0,18.0,FT,True,away
164262,2024-12-01,2024-12-01 16:00:00,34,Starligue,France,2024,12,PSG,Cesson Rennes-Metropole,4484,242,35.0,29.0,15.0,16.0,FT,True,home
164268,2024-12-05,2024-12-05 19:00:00,34,Starligue,France,2024,13,Aix,Limoges,250,256,25.0,23.0,12.0,11.0,FT,True,home
164271,2024-12-06,2024-12-06 19:00:00,34,Starligue,France,2024,13,Istres,St. Raphael,243,259,29.0,35.0,13.0,17.0,FT,True,away
164270,2024-12-06,2024-12-06 19:30:00,34,Starligue,France,2024,13,Creteil,Montpellier,253,248,21.0,28.0,10.0,13.0,FT,True,away
164272,2024-12-06,2024-12-06 19:30:00,34,Starligue,France,2024,13,Ivry,Chartres,255,252,29.0,28.0,15.0,14.0,FT,True,home
164275,2024-12-06,2024-12-06 19:30:00,34,Starligue,France,2024,13,Tremblay,Nimes,261,258,28.0,32.0,14.0,20.0,FT,True,away
164273,2024-12-07,2024-12-07 19:45:00,34,Starligue,France,2024,13,Nantes,Chambery Savoie,257,251,32.0,25.0,16.0,6.0,FT,True,home
164269,2024-12-08,2024-12-08 15:00:00,34,Starligue,France,2024,13,Cesson Rennes-Metropole,Dunkerque,242,254,32.0,33.0,15.0,19.0,FT,True,away
164274,2024-12-08,2024-12-08 16:00:00,34,Starligue,France,2024,13,Toulouse,PSG,260,4484,28.0,31.0,14.0,17.0,FT,True,away
164282,2024-12-13,2024-12-13 18:00:00,34,Starligue,France,2024,14,Chartres,Aix,252,250,34.0,29.0,19.0,12.0,FT,True,home
164278,2024-12-13,2024-12-13 19:00:00,34,Starligue,France,2024,14,Nimes,Cesson Rennes-Metropole,258,242,28.0,28.0,15.0,19.0,FT,True,draw
164281,2024-12-13,2024-12-13 19:00:00,34,Starligue,France,2024,14,Creteil,Ivry,253,255,27.0,23.0,15.0,11.0,FT,True,home
164283,2024-12-13,2024-12-13 19:00:00,34,Starligue,France,2024,14,Chambery Savoie,Limoges,251,256,30.0,28.0,17.0,13.0,FT,True,home
164277,2024-12-13,2024-12-13 19:30:00,34,Starligue,France,2024,14,St. Raphael,Tremblay,259,261,31.0,32.0,12.0,16.0,FT,True,away
164279,2024-12-14,2024-12-14 19:00:00,34,Starligue,France,2024,14,Dunkerque,Istres,254,243,28.0,26.0,15.0,16.0,FT,True,home
164280,2024-12-14,2024-12-14 19:00:00,34,Starligue,France,2024,14,Montpellier,Toulouse,248,260,28.0,28.0,15.0,12.0,FT,True,draw
164276,2024-12-15,2024-12-15 15:00:00,34,Starligue,France,2024,14,Nantes,PSG,257,4484,34.0,31.0,20.0,17.0,FT,True,home
164284,2024-12-20,2024-12-20 19:00:00,34,Starligue,France,2024,15,Cesson Rennes-Metropole,Nantes,242,257,23.0,34.0,6.0,18.0,FT,True,away
164285,2024-12-20,2024-12-20 19:00:00,34,Starligue,France,2024,15,Chartres,Montpellier,252,248,23.0,34.0,9.0,18.0,FT,True,away
164288,2024-12-20,2024-12-20 19:00:00,34,Starligue,France,2024,15,Limoges,Nimes,256,258,30.0,33.0,15.0,18.0,FT,True,away
164289,2024-12-20,2024-12-20 19:00:00,34,Starligue,France,2024,15,PSG,St. Raphael,4484,259,41.0,34.0,23.0,15.0,FT,True,home
164287,2024-12-20,2024-12-20 19:30:00,34,Starligue,France,2024,15,Ivry,Dunkerque,255,254,22.0,26.0,14.0,16.0,FT,True,away
164291,2024-12-20,2024-12-20 19:30:00,34,Starligue,France,2024,15,Tremblay,Creteil,261,253,29.0,30.0,14.0,15.0,FT,True,away
164290,2024-12-21,2024-12-21 19:45:00,34,Starligue,France,2024,15,Toulouse,Chambery Savoie,260,251,40.0,33.0,20.0,17.0,FT,True,home
164286,2024-12-22,2024-12-22 17:45:00,34,Starligue,France,2024,15,Istres,Aix,243,250,24.0,27.0,11.0,9.0,FT,True,away
164258,2025-02-07,2025-02-07 19:30:00,34,Starligue,France,2024,11,Toulouse,Ivry,260,255,31.0,27.0,11.0,14.0,FT,True,home
164292,2025-02-14,2025-02-14 19:15:00,34,Starligue,France,2024,16,Nimes,Chartres,258,252,30.0,22.0,14.0,8.0,FT,True,home
164293,2025-02-14,2025-02-14 19:30:00,34,Starligue,France,2024,16,Tremblay,Cesson Rennes-Metropole,261,242,31.0,30.0,13.0,16.0,FT,True,home
164294,2025-02-14,2025-02-14 19:30:00,34,Starligue,France,2024,16,St. Raphael,Istres,259,243,31.0,30.0,16.0,11.0,FT,True,home
164297,2025-02-14,2025-02-14 19:30:00,34,Starligue,France,2024,16,Creteil,Limoges,253,256,29.0,33.0,13.0,18.0,FT,True,away
164295,2025-02-15,2025-02-15 19:00:00,34,Starligue,France,2024,16,Aix,Toulouse,250,260,31.0,29.0,14.0,12.0,FT,True,home
164296,2025-02-15,2025-02-15 19:00:00,34,Starligue,France,2024,16,Montpellier,Nantes,248,257,27.0,29.0,15.0,14.0,FT,True,away
164298,2025-02-16,2025-02-16 16:00:00,34,Starligue,France,2024,16,Chambery Savoie,Ivry,251,255,35.0,25.0,19.0,15.0,FT,True,home
164299,2025-02-16,2025-02-16 16:00:00,34,Starligue,France,2024,16,Dunkerque,PSG,254,4484,27.0,27.0,13.0,12.0,FT,True,draw
164300,2025-02-21,2025-02-21 19:00:00,34,Starligue,France,2024,17,Limoges,Chambery Savoie,256,251,34.0,32.0,18.0,15.0,FT,True,home
164303,2025-02-21,2025-02-21 19:00:00,34,Starligue,France,2024,17,Toulouse,Nimes,260,258,25.0,25.0,15.0,12.0,FT,True,draw
164305,2025-02-21,2025-02-21 19:00:00,34,Starligue,France,2024,17,Istres,Dunkerque,243,254,28.0,28.0,15.0,16.0,FT,True,draw
164306,2025-02-21,2025-02-21 19:00:00,34,Starligue,France,2024,17,Chartres,Tremblay,252,261,30.0,25.0,15.0,10.0,FT,True,home
164304,2025-02-21,2025-02-21 19:30:00,34,Starligue,France,2024,17,Ivry,Montpellier,255,248,26.0,33.0,12.0,15.0,FT,True,away
164307,2025-02-22,2025-02-22 19:00:00,34,Starligue,France,2024,17,Cesson Rennes-Metropole,St. Raphael,242,259,29.0,39.0,14.0,26.0,FT,True,away
164302,2025-02-22,2025-02-22 19:30:00,34,Starligue,France,2024,17,Nantes,Creteil,257,253,25.0,23.0,11.0,14.0,FT,True,home
164301,2025-02-23,2025-02-23 16:00:00,34,Starligue,France,2024,17,PSG,Aix,4484,250,37.0,34.0,18.0,16.0,FT,True,home
164308,2025-02-27,2025-02-27 19:30:00,34,Starligue,France,2024,18,Cesson Rennes-Metropole,Ivry,242,255,29.0,31.0,10.0,14.0,FT,True,away
164309,2025-02-28,2025-02-28 19:00:00,34,Starligue,France,2024,18,Chambery Savoie,Toulouse,251,260,29.0,25.0,13.0,13.0,FT,True,home
164311,2025-02-28,2025-02-28 19:00:00,34,Starligue,France,2024,18,Montpellier,Istres,248,243,36.0,31.0,17.0,16.0,FT,True,home
164310,2025-02-28,2025-02-28 19:30:00,34,Starligue,France,2024,18,Creteil,Aix,253,250,35.0,33.0,19.0,12.0,FT,True,home
164315,2025-02-28,2025-02-28 19:30:00,34,Starligue,France,2024,18,Tremblay,Dunkerque,261,254,27.0,26.0,9.0,12.0,FT,True,home
164313,2025-03-01,2025-03-01 19:00:00,34,Starligue,France,2024,18,Nimes,Limoges,258,256,37.0,31.0,15.0,16.0,FT,True,home
164312,2025-03-01,2025-03-01 19:30:00,34,Starligue,France,2024,18,Nantes,Chartres,257,252,32.0,25.0,16.0,12.0,FT,True,home
164314,2025-03-02,2025-03-02 16:00:00,34,Starligue,France,2024,18,St. Raphael,PSG,259,4484,30.0,39.0,17.0,21.0,FT,True,away
164323,2025-03-06,2025-03-06 19:00:00,34,Starligue,France,2024,19,Aix,Cesson Rennes-Metropole,250,242,29.0,24.0,13.0,12.0,FT,True,home
164316,2025-03-07,2025-03-07 19:00:00,34,Starligue,France,2024,19,Limoges,Montpellier,256,248,27.0,37.0,15.0,18.0,FT,True,away
164318,2025-03-07,2025-03-07 19:00:00,34,Starligue,France,2024,19,Nimes,Chambery Savoie,258,251,32.0,26.0,13.0,14.0,FT,True,home
164321,2025-03-07,2025-03-07 19:00:00,34,Starligue,France,2024,19,Istres,Tremblay,243,261,34.0,30.0,16.0,13.0,FT,True,home
164319,2025-03-08,2025-03-08 19:00:00,34,Starligue,France,2024,19,Toulouse,Chartres,260,252,31.0,30.0,12.0,13.0,FT,True,home
164322,2025-03-08,2025-03-08 19:00:00,34,Starligue,France,2024,19,Dunkerque,St. Raphael,254,259,30.0,37.0,14.0,20.0,FT,True,away
164320,2025-03-08,2025-03-08 19:15:00,34,Starligue,France,2024,19,Ivry,Creteil,255,253,32.0,30.0,13.0,19.0,FT,True,home
164317,2025-03-09,2025-03-09 16:00:00,34,Starligue,France,2024,19,PSG,Nantes,4484,257,34.0,28.0,16.0,11.0,FT,True,home
164331,2025-03-20,2025-03-20 19:30:00,34,Starligue,France,2024,20,Tremblay,Toulouse,261,260,31.0,25.0,16.0,11.0,FT,True,home
164324,2025-03-21,2025-03-21 19:00:00,34,Starligue,France,2024,20,Cesson Rennes-Metropole,Montpellier,242,248,24.0,33.0,11.0,16.0,FT,True,away
164326,2025-03-21,2025-03-21 19:00:00,34,Starligue,France,2024,20,Chartres,Limoges,252,256,24.0,26.0,13.0,13.0,FT,True,away
164327,2025-03-21,2025-03-21 19:30:00,34,Starligue,France,2024,20,Creteil,Nimes,253,258,24.0,28.0,11.0,13.0,FT,True,away
164328,2025-03-21,2025-03-21 19:30:00,34,Starligue,France,2024,20,Ivry,PSG,255,4484,28.0,41.0,15.0,20.0,FT,True,away
164329,2025-03-22,2025-03-22 19:00:00,34,Starligue,France,2024,20,Nantes,Dunkerque,257,254,30.0,21.0,16.0,8.0,FT,True,home
164325,2025-03-23,2025-03-23 16:00:00,34,Starligue,France,2024,20,Chambery Savoie,Istres,251,243,35.0,29.0,19.0,14.0,FT,True,home
164330,2025-03-23,2025-03-23 16:00:00,34,Starligue,France,2024,20,St. Raphael,Aix,259,250,38.0,27.0,20.0,17.0,FT,True,home
164332,2025-03-28,2025-03-28 19:00:00,34,Starligue,France,2024,21,Toulouse,Cesson Rennes-Metropole,260,242,33.0,27.0,16.0,14.0,FT,True,home
164334,2025-03-28,2025-03-28 19:00:00,34,Starligue,France,2024,21,Nimes,Ivry,258,255,30.0,21.0,14.0,11.0,FT,True,home
164336,2025-03-28,2025-03-28 19:00:00,34,Starligue,France,2024,21,Montpellier,Tremblay,248,261,29.0,25.0,15.0,12.0,FT,True,home
164339,2025-03-28,2025-03-28 19:00:00,34,Starligue,France,2024,21,Aix,Chartres,250,252,31.0,23.0,15.0,14.0,FT,True,home
164335,2025-03-29,2025-03-29 19:00:00,34,Starligue,France,2024,21,Limoges,St. Raphael,256,259,33.0,27.0,19.0,14.0,FT,True,home
164338,2025-03-29,2025-03-29 19:00:00,34,Starligue,France,2024,21,Dunkerque,Chambery Savoie,254,251,25.0,30.0,11.0,15.0,FT,True,away
164333,2025-03-30,2025-03-30 15:00:00,34,Starligue,France,2024,21,PSG,Creteil,4484,253,30.0,19.0,15.0,10.0,FT,True,home
164337,2025-03-30,2025-03-30 15:00:00,34,Starligue,France,2024,21,Istres,Nantes,243,257,25.0,24.0,13.0,13.0,FT,True,home
164341,2025-04-04,2025-04-04 18:00:00,34,Starligue,France,2024,22,Chambery Savoie,Aix,251,250,33.0,29.0,16.0,15.0,FT,True,home
164344,2025-04-04,2025-04-04 18:00:00,34,Starligue,France,2024,22,Ivry,Istres,255,243,30.0,31.0,15.0,16.0,FT,True,away
164346,2025-04-04,2025-04-04 18:00:00,34,Starligue,France,2024,22,St. Raphael,Montpellier,259,248,28.0,30.0,15.0,14.0,FT,True,away
164343,2025-04-04,2025-04-04 18:30:00,34,Starligue,France,2024,22,Creteil,Dunkerque,253,254,30.0,31.0,14.0,15.0,FT,True,away
164347,2025-04-05,2025-04-05 18:00:00,34,Starligue,France,2024,22,Tremblay,Limoges,261,256,25.0,27.0,9.0,9.0,FT,True,away
164340,2025-04-05,2025-04-05 18:30:00,34,Starligue,France,2024,22,Cesson Rennes-Metropole,Nimes,242,258,26.0,26.0,15.0,14.0,FT,True,draw
164342,2025-04-06,2025-04-06 14:00:00,34,Starligue,France,2024,22,Chartres,PSG,252,4484,25.0,31.0,13.0,15.0,FT,True,away
164345,2025-04-06,2025-04-06 17:00:00,34,Starligue,France,2024,22,Nantes,Toulouse,257,260,34.0,29.0,19.0,15.0,FT,True,home
164349,2025-04-11,2025-04-11 18:00:00,34,Starligue,France,2024,23,Montpellier,Creteil,248,253,38.0,26.0,20.0,10.0,FT,True,home
164350,2025-04-11,2025-04-11 18:00:00,34,Starligue,France,2024,23,Nimes,Tremblay,258,261,26.0,25.0,12.0,15.0,FT,True,home
164352,2025-04-11,2025-04-11 18:00:00,34,Starligue,France,2024,23,Limoges,Nantes,256,257,30.0,38.0,16.0,17.0,FT,True,away
164353,2025-04-11,2025-04-11 18:00:00,34,Starligue,France,2024,23,Aix,Ivry,250,255,34.0,35.0,14.0,19.0,FT,True,away
164354,2025-04-11,2025-04-11 18:00:00,34,Starligue,France,2024,23,Istres,Chartres,243,252,32.0,28.0,17.0,12.0,FT,True,home
164355,2025-04-11,2025-04-11 18:00:00,34,Starligue,France,2024,23,Dunkerque,Cesson Rennes-Metropole,254,242,31.0,32.0,17.0,17.0,FT,True,away
164348,2025-04-12,2025-04-12 18:00:00,34,Starligue,France,2024,23,St. Raphael,Chambery Savoie,259,251,27.0,27.0,16.0,13.0,FT,True,draw
164351,2025-04-13,2025-04-13 15:00:00,34,Starligue,France,2024,23,PSG,Toulouse,4484,260,36.0,25.0,19.0,12.0,FT,True,home
164359,2025-04-17,2025-04-17 18:30:00,34,Starligue,France,2024,24,Ivry,Limoges,255,256,22.0,23.0,9.0,7.0,FT,True,away
164356,2025-04-18,2025-04-18 18:00:00,34,Starligue,France,2024,24,Chambery Savoie,Montpellier,251,248,25.0,36.0,12.0,18.0,FT,True,away
164363,2025-04-18,2025-04-18 18:00:00,34,Starligue,France,2024,24,Cesson Rennes-Metropole,PSG,242,4484,29.0,42.0,11.0,18.0,FT,True,away
164358,2025-04-18,2025-04-18 18:30:00,34,Starligue,France,2024,24,Creteil,St. Raphael,253,259,31.0,39.0,14.0,22.0,FT,True,away
164362,2025-04-18,2025-04-18 18:30:00,34,Starligue,France,2024,24,Tremblay,Aix,261,250,34.0,37.0,13.0,23.0,FT,True,away
164361,2025-04-19,2025-04-19 18:00:00,34,Starligue,France,2024,24,Toulouse,Istres,260,243,39.0,32.0,17.0,15.0,FT,True,home
164357,2025-04-20,2025-04-20 14:00:00,34,Starligue,France,2024,24,Chartres,Dunkerque,252,254,30.0,28.0,16.0,15.0,FT,True,home
164360,2025-04-20,2025-04-20 15:00:00,34,Starligue,France,2024,24,Nantes,Nimes,257,258,36.0,27.0,21.0,13.0,FT,True,home
164364,2025-04-25,2025-04-25 18:00:00,34,Starligue,France,2024,25,Montpellier,Chartres,248,252,37.0,30.0,21.0,14.0,FT,True,home
164367,2025-04-25,2025-04-25 18:00:00,34,Starligue,France,2024,25,Nimes,Dunkerque,258,254,29.0,23.0,17.0,15.0,FT,True,home
164369,2025-04-25,2025-04-25 18:00:00,34,Starligue,France,2024,25,Chambery Savoie,Creteil,251,253,34.0,28.0,17.0,15.0,FT,True,home
164370,2025-04-25,2025-04-25 18:00:00,34,Starligue,France,2024,25,Aix,Istres,250,243,31.0,30.0,12.0,12.0,FT,True,home
164371,2025-04-25,2025-04-25 18:00:00,34,Starligue,France,2024,25,Limoges,Cesson Rennes-Metropole,256,242,30.0,29.0,12.0,16.0,FT,True,home
164368,2025-04-25,2025-04-25 18:30:00,34,Starligue,France,2024,25,Ivry,Toulouse,255,260,28.0,29.0,12.0,17.0,FT,True,away
164366,2025-04-26,2025-04-26 18:00:00,34,Starligue,France,2024,25,PSG,Tremblay,4484,261,30.0,26.0,14.0,13.0,FT,True,home
164373,2025-05-02,2025-05-02 18:00:00,34,Starligue,France,2024,26,Chartres,Creteil,252,253,26.0,25.0,10.0,9.0,FT,True,home
164375,2025-05-02,2025-05-02 18:00:00,34,Starligue,France,2024,26,Istres,Nimes,243,258,26.0,29.0,9.0,15.0,FT,True,away
164378,2025-05-02,2025-05-02 18:00:00,34,Starligue,France,2024,26,Toulouse,Montpellier,260,248,31.0,29.0,15.0,17.0,FT,True,home
164374,2025-05-03,2025-05-03 18:00:00,34,Starligue,France,2024,26,Dunkerque,Aix,254,250,29.0,32.0,11.0,18.0,FT,True,away
164379,2025-05-03,2025-05-03 18:00:00,34,Starligue,France,2024,26,Tremblay,St. Raphael,261,259,39.0,33.0,20.0,15.0,FT,True,home
164376,2025-05-03,2025-05-03 18:30:00,34,Starligue,France,2024,26,Nantes,Ivry,257,255,33.0,29.0,14.0,11.0,FT,True,home
164377,2025-05-04,2025-05-04 15:00:00,34,Starligue,France,2024,26,PSG,Limoges,4484,256,37.0,26.0,20.0,10.0,FT,True,home
164372,2025-05-04,2025-05-04 16:00:00,34,Starligue,France,2024,26,Cesson Rennes-Metropole,Chambery Savoie,242,251,30.0,24.0,16.0,12.0,FT,True,home
164380,2025-05-14,2025-05-14 18:00:00,34,Starligue,France,2024,27,Montpellier,Dunkerque,248,254,24.0,23.0,10.0,12.0,FT,True,home
164365,2025-05-16,2025-05-16 18:00:00,34,Starligue,France,2024,25,St. Raphael,Nantes,259,257,28.0,31.0,16.0,15.0,FT,True,away
164383,2025-05-23,2025-05-23 18:00:00,34,Starligue,France,2024,27,Creteil,Cesson Rennes-Metropole,253,242,29.0,34.0,14.0,18.0,FT,True,away
164384,2025-05-23,2025-05-23 18:00:00,34,Starligue,France,2024,27,Limoges,Istres,256,243,33.0,27.0,17.0,15.0,FT,True,home
164385,2025-05-23,2025-05-23 18:00:00,34,Starligue,France,2024,27,Chambery Savoie,Chartres,251,252,32.0,22.0,16.0,9.0,FT,True,home
164386,2025-05-24,2025-05-24 18:00:00,34,Starligue,France,2024,27,Aix,Nantes,250,257,32.0,32.0,15.0,16.0,FT,True,draw
164381,2025-05-24,2025-05-24 18:30:00,34,Starligue,France,2024,27,St. Raphael,Toulouse,259,260,36.0,26.0,15.0,9.0,FT,True,home
164387,2025-05-24,2025-05-24 18:30:00,34,Starligue,France,2024,27,Ivry,Tremblay,255,261,33.0,40.0,14.0,21.0,FT,True,away
164382,2025-05-25,2025-05-25 15:00:00,34,Starligue,France,2024,27,Nimes,PSG,258,4484,28.0,29.0,13.0,12.0,FT,True,away
164388,2025-05-30,2025-05-30 18:00:00,34,Starligue,France,2024,28,Aix,Nimes,250,258,27.0,27.0,17.0,13.0,FT,True,draw
164389,2025-05-30,2025-05-30 18:00:00,34,Starligue,France,2024,28,Chartres,St. Raphael,252,259,25.0,27.0,11.0,12.0,FT,True,away
164390,2025-05-30,2025-05-30 18:00:00,34,Starligue,France,2024,28,Dunkerque,Ivry,254,255,27.0,24.0,11.0,11.0,FT,True,home
164391,2025-05-30,2025-05-30 18:00:00,34,Starligue,France,2024,28,Istres,Creteil,243,253,33.0,33.0,15.0,15.0,FT,True,draw
164393,2025-05-30,2025-05-30 18:00:00,34,Starligue,France,2024,28,Nantes,Cesson Rennes-Metropole,257,242,33.0,22.0,14.0,8.0,FT,True,home
164395,2025-05-30,2025-05-30 18:30:00,34,Starligue,France,2024,28,Tremblay,Chambery Savoie,261,251,29.0,32.0,17.0,12.0,FT,True,away
164392,2025-05-31,2025-05-31 16:00:00,34,Starligue,France,2024,28,Montpellier,PSG,248,4484,33.0,33.0,16.0,18.0,FT,True,draw
164394,2025-06-01,2025-06-01 15:00:00,34,Starligue,France,2024,28,Toulouse,Limoges,260,256,35.0,32.0,17.0,20.0,FT,True,home
164396,2025-06-03,2025-06-03 18:00:00,34,Starligue,France,2024,29,Nimes,Montpellier,258,248,30.0,28.0,13.0,17.0,FT,True,home
164401,2025-06-03,2025-06-03 18:30:00,34,Starligue,France,2024,29,Ivry,St. Raphael,255,259,33.0,38.0,14.0,16.0,FT,True,away
164397,2025-06-04,2025-06-04 18:00:00,34,Starligue,France,2024,29,Toulouse,Dunkerque,260,254,39.0,32.0,19.0,17.0,FT,True,home
164398,2025-06-04,2025-06-04 18:00:00,34,Starligue,France,2024,29,PSG,Istres,4484,243,39.0,31.0,19.0,17.0,FT,True,home
164400,2025-06-04,2025-06-04 18:00:00,34,Starligue,France,2024,29,Limoges,Aix,256,250,27.0,39.0,16.0,19.0,FT,True,away
164402,2025-06-04,2025-06-04 18:00:00,34,Starligue,France,2024,29,Chambery Savoie,Nantes,251,257,28.0,28.0,16.0,17.0,FT,True,draw
164399,2025-06-04,2025-06-04 18:30:00,34,Starligue,France,2024,29,Creteil,Tremblay,253,261,28.0,31.0,14.0,17.0,FT,True,away
164403,2025-06-04,2025-06-04 18:30:00,34,Starligue,France,2024,29,Cesson Rennes-Metropole,Chartres,242,252,35.0,31.0,17.0,14.0,FT,True,home
164404,2025-06-07,2025-06-07 18:30:00,34,Starligue,France,2024,30,Aix,Montpellier,250,248,27.0,31.0,15.0,12.0,FT,True,away
164405,2025-06-07,2025-06-07 18:30:00,34,Starligue,France,2024,30,Chartres,Ivry,252,255,35.0,33.0,18.0,18.0,FT,True,home
164406,2025-06-07,2025-06-07 18:30:00,34,Starligue,France,2024,30,Creteil,Toulouse,253,260,26.0,37.0,11.0,19.0,FT,True,away
164407,2025-06-07,2025-06-07 18:30:00,34,Starligue,France,2024,30,Dunkerque,Limoges,254,256,27.0,34.0,13.0,19.0,FT,True,away
164408,2025-06-07,2025-06-07 18:30:00,34,Starligue,France,2024,30,Istres,Cesson Rennes-Metropole,243,242,37.0,37.0,19.0,20.0,FT,True,draw
164409,2025-06-07,2025-06-07 18:30:00,34,Starligue,France,2024,30,PSG,Chambery Savoie,4484,251,30.0,23.0,12.0,13.0,FT,True,home
164410,2025-06-07,2025-06-07 18:30:00,34,Starligue,France,2024,30,St. Raphael,Nimes,259,258,31.0,27.0,16.0,13.0,FT,True,home
164411,2025-06-07,2025-06-07 18:30:00,34,Starligue,France,2024,30,Tremblay,Nantes,261,257,27.0,35.0,13.0,18.0,FT,True,away
166376,2024-09-05,2024-09-05 17:00:00,39,Bundesliga,Germany,2024,1,Hannover-Burgdorf,Gummersbach,320,339,28.0,32.0,15.0,15.0,FT,True,away
166377,2024-09-05,2024-09-05 17:00:00,39,Bundesliga,Germany,2024,1,Lemgo,MT Melsungen,323,324,20.0,28.0,11.0,13.0,FT,True,away
166378,2024-09-05,2024-09-05 18:30:00,39,Bundesliga,Germany,2024,1,Rhein-Neckar,Kiel,327,321,32.0,27.0,14.0,14.0,FT,True,home
166379,2024-09-06,2024-09-06 17:00:00,39,Bundesliga,Germany,2024,1,Goppingen,Hamburg,316,319,25.0,25.0,15.0,13.0,FT,True,draw
166380,2024-09-06,2024-09-06 18:00:00,39,Bundesliga,Germany,2024,1,Flensburg-H.,Erlangen,314,313,42.0,28.0,22.0,12.0,FT,True,home
166381,2024-09-07,2024-09-07 16:00:00,39,Bundesliga,Germany,2024,1,SC Magdeburg,HSG Wetzlar,328,318,35.0,28.0,18.0,16.0,FT,True,home
166382,2024-09-07,2024-09-07 18:00:00,39,Bundesliga,Germany,2024,1,Eisenach,Fuchse Berlin,335,315,35.0,41.0,17.0,19.0,FT,True,away
166383,2024-09-08,2024-09-08 13:00:00,39,Bundesliga,Germany,2024,1,Leipzig,Stuttgart,322,329,33.0,24.0,15.0,12.0,FT,True,home
166384,2024-09-08,2024-09-08 14:30:00,39,Bundesliga,Germany,2024,1,Potsdam,Bietigheim-Metterzimmern,347,333,26.0,28.0,11.0,12.0,FT,True,away
166385,2024-09-12,2024-09-12 17:00:00,39,Bundesliga,Germany,2024,2,Kiel,Goppingen,321,316,33.0,24.0,17.0,11.0,FT,True,home
166386,2024-09-12,2024-09-12 17:00:00,39,Bundesliga,Germany,2024,2,MT Melsungen,Potsdam,324,347,31.0,23.0,18.0,10.0,FT,True,home
166387,2024-09-13,2024-09-13 17:00:00,39,Bundesliga,Germany,2024,2,Erlangen,Eisenach,313,335,24.0,28.0,12.0,14.0,FT,True,away
166388,2024-09-14,2024-09-14 17:00:00,39,Bundesliga,Germany,2024,2,Bietigheim-Metterzimmern,Rhein-Neckar,333,327,25.0,33.0,11.0,19.0,FT,True,away
166389,2024-09-15,2024-09-15 13:00:00,39,Bundesliga,Germany,2024,2,Hamburg,SC Magdeburg,319,328,26.0,32.0,10.0,16.0,FT,True,away
166390,2024-09-15,2024-09-15 14:30:00,39,Bundesliga,Germany,2024,2,Gummersbach,Lemgo,339,323,27.0,29.0,17.0,14.0,FT,True,away
166391,2024-09-15,2024-09-15 14:30:00,39,Bundesliga,Germany,2024,2,HSG Wetzlar,Hannover-Burgdorf,318,320,25.0,36.0,16.0,13.0,FT,True,away
166392,2024-09-15,2024-09-15 14:30:00,39,Bundesliga,Germany,2024,2,Stuttgart,Flensburg-H.,329,314,25.0,39.0,8.0,21.0,FT,True,away
166393,2024-09-15,2024-09-15 16:00:00,39,Bundesliga,Germany,2024,2,Fuchse Berlin,Leipzig,315,322,37.0,32.0,20.0,17.0,FT,True,home
166394,2024-09-19,2024-09-19 17:00:00,39,Bundesliga,Germany,2024,3,Lemgo,HSG Wetzlar,323,318,28.0,25.0,16.0,10.0,FT,True,home
166395,2024-09-19,2024-09-19 17:00:00,39,Bundesliga,Germany,2024,3,Eisenach,Bietigheim-Metterzimmern,335,333,32.0,35.0,12.0,20.0,FT,True,away
166396,2024-09-20,2024-09-20 17:00:00,39,Bundesliga,Germany,2024,3,Erlangen,Stuttgart,313,329,25.0,26.0,13.0,14.0,FT,True,away
166397,2024-09-20,2024-09-20 18:00:00,39,Bundesliga,Germany,2024,3,Potsdam,Hamburg,347,319,30.0,31.0,13.0,17.0,FT,True,away
166398,2024-09-21,2024-09-21 17:00:00,39,Bundesliga,Germany,2024,3,Rhein-Neckar,MT Melsungen,327,324,31.0,26.0,17.0,14.0,FT,True,home
166399,2024-09-21,2024-09-21 18:30:00,39,Bundesliga,Germany,2024,3,Flensburg-H.,Goppingen,314,316,37.0,32.0,15.0,15.0,FT,True,home
166400,2024-09-22,2024-09-22 13:00:00,39,Bundesliga,Germany,2024,3,Hannover-Burgdorf,Fuchse Berlin,320,315,38.0,35.0,21.0,17.0,FT,True,home
166401,2024-09-22,2024-09-22 14:30:00,39,Bundesliga,Germany,2024,3,Leipzig,Gummersbach,322,339,34.0,29.0,17.0,11.0,FT,True,home
166402,2024-09-22,2024-09-22 16:00:00,39,Bundesliga,Germany,2024,3,SC Magdeburg,Kiel,328,321,24.0,29.0,15.0,16.0,FT,True,away
166403,2024-09-25,2024-09-25 17:00:00,39,Bundesliga,Germany,2024,10,Stuttgart,Gummersbach,329,339,28.0,35.0,9.0,18.0,FT,True,away
166404,2024-09-26,2024-09-26 17:00:00,39,Bundesliga,Germany,2024,4,Leipzig,Rhein-Neckar,322,327,28.0,27.0,13.0,13.0,FT,True,home
166405,2024-09-26,2024-09-26 17:00:00,39,Bundesliga,Germany,2024,4,Kiel,MT Melsungen,321,324,21.0,25.0,8.0,15.0,FT,True,away
166406,2024-09-27,2024-09-27 17:00:00,39,Bundesliga,Germany,2024,4,Goppingen,Hannover-Burgdorf,316,320,31.0,33.0,16.0,16.0,FT,True,away
166407,2024-09-27,2024-09-27 18:00:00,39,Bundesliga,Germany,2024,4,Eisenach,Flensburg-H.,335,314,25.0,30.0,11.0,15.0,FT,True,away
166408,2024-09-28,2024-09-28 17:00:00,39,Bundesliga,Germany,2024,4,Hamburg,Lemgo,319,323,30.0,26.0,15.0,11.0,FT,True,home
166409,2024-09-29,2024-09-29 13:00:00,39,Bundesliga,Germany,2024,4,Bietigheim-Metterzimmern,Gummersbach,333,339,30.0,32.0,14.0,18.0,FT,True,away
166410,2024-09-29,2024-09-29 14:30:00,39,Bundesliga,Germany,2024,4,Fuchse Berlin,Erlangen,315,313,30.0,27.0,13.0,13.0,FT,True,home
166411,2024-09-29,2024-09-29 14:30:00,39,Bundesliga,Germany,2024,4,Stuttgart,HSG Wetzlar,329,318,23.0,26.0,12.0,13.0,FT,True,away
166413,2024-10-05,2024-10-05 17:00:00,39,Bundesliga,Germany,2024,5,Hannover-Burgdorf,Eisenach,320,335,28.0,26.0,13.0,11.0,FT,True,home
166414,2024-10-05,2024-10-05 17:00:00,39,Bundesliga,Germany,2024,5,Kiel,Stuttgart,321,329,29.0,24.0,15.0,14.0,FT,True,home
166415,2024-10-05,2024-10-05 18:30:00,39,Bundesliga,Germany,2024,5,MT Melsungen,Bietigheim-Metterzimmern,324,333,26.0,24.0,13.0,15.0,FT,True,home
166416,2024-10-06,2024-10-06 13:00:00,39,Bundesliga,Germany,2024,5,Erlangen,Potsdam,313,347,23.0,19.0,12.0,9.0,FT,True,home
166417,2024-10-06,2024-10-06 14:30:00,39,Bundesliga,Germany,2024,5,HSG Wetzlar,Fuchse Berlin,318,315,25.0,34.0,11.0,20.0,FT,True,away
166418,2024-10-06,2024-10-06 14:30:00,39,Bundesliga,Germany,2024,5,Lemgo,Leipzig,323,322,33.0,28.0,14.0,10.0,FT,True,home
166419,2024-10-06,2024-10-06 16:00:00,39,Bundesliga,Germany,2024,5,Gummersbach,Flensburg-H.,339,314,29.0,29.0,15.0,13.0,FT,True,draw
166420,2024-10-07,2024-10-07 17:00:00,39,Bundesliga,Germany,2024,5,Rhein-Neckar,Hamburg,327,319,30.0,27.0,16.0,13.0,FT,True,home
166421,2024-10-07,2024-10-07 17:00:00,39,Bundesliga,Germany,2024,5,SC Magdeburg,Goppingen,328,316,31.0,24.0,16.0,11.0,FT,True,home
166422,2024-10-10,2024-10-10 17:00:00,39,Bundesliga,Germany,2024,6,Bietigheim-Metterzimmern,Lemgo,333,323,23.0,28.0,11.0,16.0,FT,True,away
166423,2024-10-10,2024-10-10 17:00:00,39,Bundesliga,Germany,2024,6,Stuttgart,MT Melsungen,329,324,27.0,36.0,14.0,18.0,FT,True,away
166424,2024-10-11,2024-10-11 17:00:00,39,Bundesliga,Germany,2024,6,Eisenach,HSG Wetzlar,335,318,30.0,22.0,13.0,13.0,FT,True,home
166425,2024-10-11,2024-10-11 18:00:00,39,Bundesliga,Germany,2024,6,Hamburg,Kiel,319,321,25.0,31.0,11.0,14.0,FT,True,away
166426,2024-10-12,2024-10-12 13:40:00,39,Bundesliga,Germany,2024,6,Flensburg-H.,SC Magdeburg,314,328,27.0,29.0,13.0,17.0,FT,True,away
166427,2024-10-12,2024-10-12 17:00:00,39,Bundesliga,Germany,2024,6,Goppingen,Gummersbach,316,339,24.0,24.0,13.0,14.0,FT,True,draw
166428,2024-10-13,2024-10-13 13:00:00,39,Bundesliga,Germany,2024,6,Fuchse Berlin,Rhein-Neckar,315,327,34.0,27.0,18.0,13.0,FT,True,home
166429,2024-10-13,2024-10-13 14:30:00,39,Bundesliga,Germany,2024,6,Potsdam,Hannover-Burgdorf,347,320,22.0,27.0,10.0,10.0,FT,True,away
166430,2024-10-14,2024-10-14 17:00:00,39,Bundesliga,Germany,2024,6,Leipzig,Erlangen,322,313,32.0,25.0,16.0,17.0,FT,True,home
166431,2024-10-17,2024-10-17 17:00:00,39,Bundesliga,Germany,2024,7,HSG Wetzlar,Hamburg,318,319,31.0,26.0,14.0,15.0,FT,True,home
166432,2024-10-17,2024-10-17 17:00:00,39,Bundesliga,Germany,2024,7,Rhein-Neckar,Erlangen,327,313,38.0,33.0,20.0,19.0,FT,True,home
166433,2024-10-18,2024-10-18 17:00:00,39,Bundesliga,Germany,2024,7,Gummersbach,Eisenach,339,335,34.0,32.0,14.0,17.0,FT,True,home
166434,2024-10-18,2024-10-18 18:00:00,39,Bundesliga,Germany,2024,7,Goppingen,Bietigheim-Metterzimmern,316,333,30.0,25.0,19.0,15.0,FT,True,home
166435,2024-10-19,2024-10-19 17:00:00,39,Bundesliga,Germany,2024,7,MT Melsungen,Fuchse Berlin,324,315,33.0,31.0,16.0,13.0,FT,True,home
166436,2024-10-19,2024-10-19 18:30:00,39,Bundesliga,Germany,2024,7,Kiel,Potsdam,321,347,27.0,23.0,13.0,11.0,FT,True,home
166437,2024-10-20,2024-10-20 13:00:00,39,Bundesliga,Germany,2024,7,Hannover-Burgdorf,Flensburg-H.,320,314,31.0,30.0,15.0,15.0,FT,True,home
166439,2024-10-20,2024-10-20 14:00:00,39,Bundesliga,Germany,2024,7,SC Magdeburg,Leipzig,328,322,35.0,29.0,18.0,14.0,FT,True,home
166438,2024-10-20,2024-10-20 14:30:00,39,Bundesliga,Germany,2024,7,Lemgo,Stuttgart,323,329,28.0,24.0,14.0,10.0,FT,True,home
166440,2024-10-24,2024-10-24 17:00:00,39,Bundesliga,Germany,2024,8,Hamburg,Hannover-Burgdorf,319,320,32.0,32.0,15.0,15.0,FT,True,draw
166441,2024-10-24,2024-10-24 17:00:00,39,Bundesliga,Germany,2024,8,Leipzig,MT Melsungen,322,324,27.0,28.0,14.0,13.0,FT,True,away
166442,2024-10-25,2024-10-25 17:00:00,39,Bundesliga,Germany,2024,8,Flensburg-H.,HSG Wetzlar,314,318,36.0,22.0,16.0,10.0,FT,True,home
166443,2024-10-25,2024-10-25 18:30:00,39,Bundesliga,Germany,2024,8,Erlangen,Kiel,313,321,28.0,37.0,15.0,18.0,FT,True,away
166444,2024-10-26,2024-10-26 17:00:00,39,Bundesliga,Germany,2024,8,Potsdam,Gummersbach,347,339,26.0,28.0,10.0,10.0,FT,True,away
166445,2024-10-27,2024-10-27 14:00:00,39,Bundesliga,Germany,2024,8,Stuttgart,SC Magdeburg,329,328,25.0,36.0,15.0,18.0,FT,True,away
166446,2024-10-27,2024-10-27 15:30:00,39,Bundesliga,Germany,2024,8,Bietigheim-Metterzimmern,Fuchse Berlin,333,315,24.0,38.0,15.0,16.0,FT,True,away
166447,2024-10-27,2024-10-27 15:30:00,39,Bundesliga,Germany,2024,8,Lemgo,Rhein-Neckar,323,327,34.0,31.0,17.0,18.0,FT,True,home
166448,2024-10-28,2024-10-28 18:00:00,39,Bundesliga,Germany,2024,8,Eisenach,Goppingen,335,316,35.0,25.0,15.0,11.0,FT,True,home
166449,2024-10-31,2024-10-31 18:00:00,39,Bundesliga,Germany,2024,9,Hannover-Burgdorf,Stuttgart,320,329,33.0,20.0,17.0,9.0,FT,True,home
166450,2024-10-31,2024-10-31 18:00:00,39,Bundesliga,Germany,2024,9,HSG Wetzlar,Bietigheim-Metterzimmern,318,333,21.0,26.0,9.0,12.0,FT,True,away
166451,2024-11-01,2024-11-01 18:00:00,39,Bundesliga,Germany,2024,9,Goppingen,Potsdam,316,347,30.0,25.0,13.0,12.0,FT,True,home
166452,2024-11-01,2024-11-01 19:00:00,39,Bundesliga,Germany,2024,9,Rhein-Neckar,Eisenach,327,335,32.0,36.0,14.0,20.0,FT,True,away
166453,2024-11-02,2024-11-02 18:00:00,39,Bundesliga,Germany,2024,9,MT Melsungen,Erlangen,324,313,32.0,27.0,18.0,13.0,FT,True,home
166454,2024-11-03,2024-11-03 14:00:00,39,Bundesliga,Germany,2024,9,Fuchse Berlin,Kiel,315,321,35.0,26.0,17.0,15.0,FT,True,home
166455,2024-11-03,2024-11-03 15:30:00,39,Bundesliga,Germany,2024,9,Flensburg-H.,Leipzig,314,322,35.0,29.0,19.0,17.0,FT,True,home
166456,2024-11-03,2024-11-03 15:30:00,39,Bundesliga,Germany,2024,9,Gummersbach,Hamburg,339,319,33.0,29.0,13.0,12.0,FT,True,home
166457,2024-11-03,2024-11-03 17:00:00,39,Bundesliga,Germany,2024,9,SC Magdeburg,Lemgo,328,323,30.0,27.0,15.0,12.0,FT,True,home
166458,2024-11-16,2024-11-16 18:00:00,39,Bundesliga,Germany,2024,10,Bietigheim-Metterzimmern,Hannover-Burgdorf,333,320,28.0,28.0,15.0,15.0,FT,True,draw
166463,2024-11-16,2024-11-16 18:00:00,39,Bundesliga,Germany,2024,10,Lemgo,Eisenach,323,335,31.0,28.0,16.0,13.0,FT,True,home
166464,2024-11-16,2024-11-16 19:30:00,39,Bundesliga,Germany,2024,10,MT Melsungen,SC Magdeburg,324,328,31.0,23.0,15.0,12.0,FT,True,home
166461,2024-11-17,2024-11-17 13:00:00,39,Bundesliga,Germany,2024,10,Kiel,Flensburg-H.,321,314,33.0,37.0,17.0,17.0,FT,True,away
166465,2024-11-17,2024-11-17 14:00:00,39,Bundesliga,Germany,2024,10,Potsdam,Rhein-Neckar,347,327,18.0,25.0,8.0,11.0,FT,True,away
166459,2024-11-17,2024-11-17 15:30:00,39,Bundesliga,Germany,2024,10,Erlangen,HSG Wetzlar,313,318,22.0,25.0,12.0,12.0,FT,True,away
166462,2024-11-17,2024-11-17 15:30:00,39,Bundesliga,Germany,2024,10,Leipzig,Goppingen,322,316,27.0,25.0,15.0,14.0,FT,True,home
166460,2024-11-18,2024-11-18 18:00:00,39,Bundesliga,Germany,2024,10,Hamburg,Fuchse Berlin,319,315,29.0,29.0,12.0,18.0,FT,True,draw
166474,2024-11-21,2024-11-21 18:00:00,39,Bundesliga,Germany,2024,11,Bietigheim-Metterzimmern,Leipzig,333,322,28.0,29.0,17.0,14.0,FT,True,away
166470,2024-11-22,2024-11-22 18:00:00,39,Bundesliga,Germany,2024,11,Eisenach,MT Melsungen,335,324,32.0,31.0,18.0,20.0,FT,True,home
166466,2024-11-22,2024-11-22 19:00:00,39,Bundesliga,Germany,2024,11,Gummersbach,Kiel,339,321,24.0,30.0,15.0,16.0,FT,True,away
166468,2024-11-23,2024-11-23 18:00:00,39,Bundesliga,Germany,2024,11,Hannover-Burgdorf,SC Magdeburg,320,328,28.0,27.0,14.0,13.0,FT,True,home
166473,2024-11-23,2024-11-23 18:00:00,39,Bundesliga,Germany,2024,11,Flensburg-H.,Lemgo,314,323,36.0,27.0,17.0,14.0,FT,True,home
166471,2024-11-23,2024-11-23 19:30:00,39,Bundesliga,Germany,2024,11,Goppingen,Rhein-Neckar,316,327,30.0,36.0,16.0,20.0,FT,True,away
166469,2024-11-24,2024-11-24 14:00:00,39,Bundesliga,Germany,2024,11,Hamburg,Erlangen,319,313,28.0,27.0,11.0,12.0,FT,True,home
166472,2024-11-24,2024-11-24 15:30:00,39,Bundesliga,Germany,2024,11,Fuchse Berlin,Stuttgart,315,329,33.0,29.0,15.0,15.0,FT,True,home
166467,2024-11-25,2024-11-25 18:00:00,39,Bundesliga,Germany,2024,11,HSG Wetzlar,Potsdam,318,347,26.0,18.0,14.0,10.0,FT,True,home
166476,2024-11-28,2024-11-28 18:00:00,39,Bundesliga,Germany,2024,12,Stuttgart,Hamburg,329,319,27.0,28.0,13.0,12.0,FT,True,away
166482,2024-11-28,2024-11-28 18:00:00,39,Bundesliga,Germany,2024,12,Leipzig,Eisenach,322,335,31.0,36.0,16.0,18.0,FT,True,away
166483,2024-11-29,2024-11-29 18:00:00,39,Bundesliga,Germany,2024,12,Erlangen,Goppingen,313,316,28.0,24.0,15.0,15.0,FT,True,home
166480,2024-11-29,2024-11-29 19:00:00,39,Bundesliga,Germany,2024,12,MT Melsungen,Flensburg-H.,324,314,33.0,24.0,15.0,13.0,FT,True,home
166479,2024-11-30,2024-11-30 18:00:00,39,Bundesliga,Germany,2024,12,Kiel,HSG Wetzlar,321,318,35.0,24.0,16.0,10.0,FT,True,home
166475,2024-12-01,2024-12-01 14:00:00,39,Bundesliga,Germany,2024,12,Potsdam,Fuchse Berlin,347,315,26.0,36.0,12.0,21.0,FT,True,away
166477,2024-12-01,2024-12-01 15:30:00,39,Bundesliga,Germany,2024,12,SC Magdeburg,Bietigheim-Metterzimmern,328,333,35.0,26.0,19.0,12.0,FT,True,home
166481,2024-12-01,2024-12-01 15:30:00,39,Bundesliga,Germany,2024,12,Lemgo,Hannover-Burgdorf,323,320,22.0,31.0,13.0,15.0,FT,True,away
166493,2024-12-05,2024-12-05 18:00:00,39,Bundesliga,Germany,2024,14,Stuttgart,Goppingen,329,316,30.0,26.0,13.0,12.0,FT,True,home
166501,2024-12-05,2024-12-05 18:00:00,39,Bundesliga,Germany,2024,14,Erlangen,Bietigheim-Metterzimmern,313,333,25.0,25.0,13.0,14.0,FT,True,draw
166485,2024-12-06,2024-12-06 18:00:00,39,Bundesliga,Germany,2024,13,Hannover-Burgdorf,Rhein-Neckar,320,327,35.0,30.0,14.0,14.0,FT,True,home
166490,2024-12-06,2024-12-06 19:00:00,39,Bundesliga,Germany,2024,13,Flensburg-H.,Potsdam,314,347,39.0,22.0,19.0,11.0,FT,True,home
166484,2024-12-07,2024-12-07 18:00:00,39,Bundesliga,Germany,2024,13,HSG Wetzlar,MT Melsungen,318,324,27.0,29.0,14.0,14.0,FT,True,away
166491,2024-12-08,2024-12-08 14:00:00,39,Bundesliga,Germany,2024,13,Eisenach,Kiel,335,321,33.0,37.0,16.0,23.0,FT,True,away
166486,2024-12-08,2024-12-08 15:30:00,39,Bundesliga,Germany,2024,13,Hamburg,Leipzig,319,322,33.0,32.0,13.0,19.0,FT,True,home
166487,2024-12-08,2024-12-08 15:30:00,39,Bundesliga,Germany,2024,13,Gummersbach,Erlangen,339,313,28.0,24.0,17.0,9.0,FT,True,home
166488,2024-12-08,2024-12-08 15:30:00,39,Bundesliga,Germany,2024,13,Goppingen,Lemgo,316,323,29.0,22.0,14.0,7.0,FT,True,home
166489,2024-12-08,2024-12-08 17:00:00,39,Bundesliga,Germany,2024,13,Fuchse Berlin,SC Magdeburg,315,328,31.0,31.0,23.0,17.0,FT,True,draw
166492,2024-12-09,2024-12-09 18:30:00,39,Bundesliga,Germany,2024,13,Bietigheim-Metterzimmern,Stuttgart,333,329,29.0,30.0,15.0,14.0,FT,True,away
166495,2024-12-11,2024-12-11 18:00:00,39,Bundesliga,Germany,2024,14,SC Magdeburg,Gummersbach,328,339,37.0,28.0,21.0,15.0,FT,True,home
166498,2024-12-11,2024-12-11 18:00:00,39,Bundesliga,Germany,2024,14,MT Melsungen,Hamburg,324,319,35.0,28.0,17.0,12.0,FT,True,home
166494,2024-12-11,2024-12-11 19:00:00,39,Bundesliga,Germany,2024,14,Potsdam,Eisenach,347,335,26.0,31.0,10.0,14.0,FT,True,away
166499,2024-12-11,2024-12-11 19:00:00,39,Bundesliga,Germany,2024,14,Kiel,Hannover-Burgdorf,321,320,28.0,24.0,18.0,12.0,FT,True,home
166500,2024-12-11,2024-12-11 19:00:00,39,Bundesliga,Germany,2024,14,HSG Wetzlar,Leipzig,318,322,31.0,30.0,15.0,14.0,FT,True,home
166497,2024-12-12,2024-12-12 18:00:00,39,Bundesliga,Germany,2024,14,Fuchse Berlin,Lemgo,315,323,33.0,21.0,16.0,11.0,FT,True,home
166496,2024-12-12,2024-12-12 19:00:00,39,Bundesliga,Germany,2024,14,Rhein-Neckar,Flensburg-H.,327,314,31.0,29.0,15.0,14.0,FT,True,home
166504,2024-12-14,2024-12-14 15:00:00,39,Bundesliga,Germany,2024,15,Leipzig,Kiel,322,321,28.0,32.0,15.0,18.0,FT,True,away
166510,2024-12-14,2024-12-14 18:00:00,39,Bundesliga,Germany,2024,15,Bietigheim-Metterzimmern,Hamburg,333,319,29.0,35.0,14.0,16.0,FT,True,away
166509,2024-12-14,2024-12-14 19:00:00,39,Bundesliga,Germany,2024,15,Eisenach,Stuttgart,335,329,25.0,29.0,14.0,16.0,FT,True,away
166502,2024-12-15,2024-12-15 13:20:00,39,Bundesliga,Germany,2024,15,Rhein-Neckar,SC Magdeburg,327,328,25.0,36.0,10.0,18.0,FT,True,away
166507,2024-12-15,2024-12-15 14:00:00,39,Bundesliga,Germany,2024,15,Goppingen,HSG Wetzlar,316,318,27.0,24.0,12.0,12.0,FT,True,home
166505,2024-12-15,2024-12-15 15:30:00,39,Bundesliga,Germany,2024,15,Hannover-Burgdorf,Erlangen,320,313,31.0,25.0,13.0,18.0,FT,True,home
166506,2024-12-16,2024-12-16 18:00:00,39,Bundesliga,Germany,2024,15,Gummersbach,MT Melsungen,339,324,24.0,29.0,11.0,14.0,FT,True,away
166508,2024-12-16,2024-12-16 18:30:00,39,Bundesliga,Germany,2024,15,Flensburg-H.,Fuchse Berlin,314,315,38.0,37.0,18.0,20.0,FT,True,home
166517,2024-12-22,2024-12-22 14:00:00,39,Bundesliga,Germany,2024,16,Hamburg,Flensburg-H.,319,314,32.0,32.0,15.0,17.0,FT,True,draw
166515,2024-12-22,2024-12-22 15:30:00,39,Bundesliga,Germany,2024,16,Kiel,Bietigheim-Metterzimmern,321,333,38.0,29.0,19.0,18.0,FT,True,home
166518,2024-12-22,2024-12-22 15:30:00,39,Bundesliga,Germany,2024,16,Fuchse Berlin,Goppingen,315,316,35.0,23.0,16.0,12.0,FT,True,home
166519,2024-12-22,2024-12-22 15:30:00,39,Bundesliga,Germany,2024,16,Erlangen,Lemgo,313,323,19.0,28.0,7.0,12.0,FT,True,away
166516,2024-12-22,2024-12-22 17:00:00,39,Bundesliga,Germany,2024,16,HSG Wetzlar,Gummersbach,318,339,32.0,29.0,17.0,13.0,FT,True,home
166513,2024-12-23,2024-12-23 18:00:00,39,Bundesliga,Germany,2024,16,Potsdam,Leipzig,347,322,26.0,35.0,13.0,17.0,FT,True,away
166514,2024-12-23,2024-12-23 18:00:00,39,Bundesliga,Germany,2024,16,MT Melsungen,Hannover-Burgdorf,324,320,31.0,23.0,16.0,11.0,FT,True,home
166511,2024-12-23,2024-12-23 18:30:00,39,Bundesliga,Germany,2024,16,Stuttgart,Rhein-Neckar,329,327,25.0,28.0,13.0,15.0,FT,True,away
166522,2024-12-26,2024-12-26 16:30:00,39,Bundesliga,Germany,2024,17,Rhein-Neckar,HSG Wetzlar,327,318,32.0,27.0,17.0,11.0,FT,True,home
166523,2024-12-26,2024-12-26 16:30:00,39,Bundesliga,Germany,2024,17,Lemgo,Kiel,323,321,22.0,23.0,13.0,14.0,FT,True,away
166528,2024-12-26,2024-12-26 16:30:00,39,Bundesliga,Germany,2024,17,Eisenach,Hamburg,335,319,32.0,31.0,17.0,19.0,FT,True,home
166525,2024-12-26,2024-12-26 18:00:00,39,Bundesliga,Germany,2024,17,Gummersbach,Fuchse Berlin,339,315,22.0,29.0,12.0,15.0,FT,True,away
166520,2024-12-27,2024-12-27 18:00:00,39,Bundesliga,Germany,2024,17,Stuttgart,Potsdam,329,347,29.0,24.0,15.0,11.0,FT,True,home
166526,2024-12-27,2024-12-27 18:00:00,39,Bundesliga,Germany,2024,17,Goppingen,MT Melsungen,316,324,25.0,29.0,11.0,16.0,FT,True,away
166524,2024-12-27,2024-12-27 19:00:00,39,Bundesliga,Germany,2024,17,Leipzig,Hannover-Burgdorf,322,320,30.0,32.0,18.0,15.0,FT,True,away
166527,2024-12-27,2024-12-27 19:00:00,39,Bundesliga,Germany,2024,17,Flensburg-H.,Bietigheim-Metterzimmern,314,333,39.0,27.0,19.0,13.0,FT,True,home
166530,2025-02-08,2025-02-08 18:00:00,39,Bundesliga,Germany,2024,18,MT Melsungen,Goppingen,324,316,30.0,23.0,20.0,12.0,FT,True,home
166531,2025-02-08,2025-02-08 19:30:00,39,Bundesliga,Germany,2024,18,Kiel,SC Magdeburg,321,328,31.0,25.0,20.0,11.0,FT,True,home
166534,2025-02-08,2025-02-08 19:30:00,39,Bundesliga,Germany,2024,18,Gummersbach,Stuttgart,339,329,36.0,29.0,15.0,11.0,FT,True,home
166529,2025-02-09,2025-02-09 14:00:00,39,Bundesliga,Germany,2024,18,Hamburg,Rhein-Neckar,319,327,30.0,30.0,18.0,16.0,FT,True,draw
166532,2025-02-09,2025-02-09 15:30:00,39,Bundesliga,Germany,2024,18,Hannover-Burgdorf,Leipzig,320,322,24.0,23.0,12.0,9.0,FT,True,home
166533,2025-02-09,2025-02-09 15:30:00,39,Bundesliga,Germany,2024,18,Bietigheim-Metterzimmern,HSG Wetzlar,333,318,27.0,28.0,16.0,13.0,FT,True,away
166535,2025-02-09,2025-02-09 15:30:00,39,Bundesliga,Germany,2024,18,Erlangen,Flensburg-H.,313,314,26.0,32.0,16.0,16.0,FT,True,away
166537,2025-02-09,2025-02-09 17:00:00,39,Bundesliga,Germany,2024,18,Fuchse Berlin,Potsdam,315,347,36.0,19.0,20.0,10.0,FT,True,home
166536,2025-02-10,2025-02-10 18:00:00,39,Bundesliga,Germany,2024,18,Eisenach,Lemgo,335,323,34.0,31.0,14.0,14.0,FT,True,home
166539,2025-02-13,2025-02-13 18:00:00,39,Bundesliga,Germany,2024,19,Stuttgart,Hannover-Burgdorf,329,320,27.0,35.0,13.0,18.0,FT,True,away
166541,2025-02-13,2025-02-13 18:00:00,39,Bundesliga,Germany,2024,19,Rhein-Neckar,Bietigheim-Metterzimmern,327,333,36.0,30.0,20.0,13.0,FT,True,home
166545,2025-02-15,2025-02-15 18:00:00,39,Bundesliga,Germany,2024,19,Flensburg-H.,Gummersbach,314,339,35.0,30.0,16.0,14.0,FT,True,home
166540,2025-02-16,2025-02-16 14:00:00,39,Bundesliga,Germany,2024,19,SC Magdeburg,MT Melsungen,328,324,29.0,28.0,16.0,13.0,FT,True,home
166538,2025-02-16,2025-02-16 15:30:00,39,Bundesliga,Germany,2024,19,Lemgo,Fuchse Berlin,323,315,25.0,25.0,12.0,12.0,FT,True,draw
166543,2025-02-16,2025-02-16 15:30:00,39,Bundesliga,Germany,2024,19,HSG Wetzlar,Kiel,318,321,27.0,25.0,13.0,12.0,FT,True,home
166546,2025-02-16,2025-02-16 15:30:00,39,Bundesliga,Germany,2024,19,Erlangen,Hamburg,313,319,29.0,35.0,13.0,15.0,FT,True,away
166544,2025-02-17,2025-02-17 18:00:00,39,Bundesliga,Germany,2024,19,Goppingen,Eisenach,316,335,31.0,27.0,13.0,11.0,FT,True,home
166550,2025-02-20,2025-02-20 18:00:00,39,Bundesliga,Germany,2024,20,Kiel,Erlangen,321,313,28.0,24.0,12.0,9.0,FT,True,home
166551,2025-02-20,2025-02-20 18:00:00,39,Bundesliga,Germany,2024,20,Hamburg,Bietigheim-Metterzimmern,319,333,37.0,36.0,19.0,22.0,FT,True,home
166548,2025-02-21,2025-02-21 18:00:00,39,Bundesliga,Germany,2024,20,Potsdam,Lemgo,347,323,21.0,22.0,11.0,13.0,FT,True,away
166555,2025-02-21,2025-02-21 19:00:00,39,Bundesliga,Germany,2024,20,Eisenach,Leipzig,335,322,34.0,34.0,18.0,17.0,FT,True,draw
166547,2025-02-22,2025-02-22 18:00:00,39,Bundesliga,Germany,2024,20,Hannover-Burgdorf,HSG Wetzlar,320,318,34.0,32.0,14.0,16.0,FT,True,home
166554,2025-02-22,2025-02-22 18:00:00,39,Bundesliga,Germany,2024,20,Gummersbach,Rhein-Neckar,339,327,36.0,25.0,17.0,11.0,FT,True,home
166549,2025-02-22,2025-02-22 19:30:00,39,Bundesliga,Germany,2024,20,MT Melsungen,Stuttgart,324,329,35.0,29.0,16.0,13.0,FT,True,home
166553,2025-02-23,2025-02-23 14:00:00,39,Bundesliga,Germany,2024,20,Fuchse Berlin,Flensburg-H.,315,314,36.0,31.0,19.0,16.0,FT,True,home
166552,2025-02-23,2025-02-23 15:30:00,39,Bundesliga,Germany,2024,20,Goppingen,SC Magdeburg,316,328,25.0,28.0,11.0,17.0,FT,True,away
166562,2025-02-26,2025-02-26 18:00:00,39,Bundesliga,Germany,2024,21,Rhein-Neckar,Goppingen,327,316,29.0,28.0,16.0,15.0,FT,True,home
166542,2025-02-27,2025-02-27 18:00:00,39,Bundesliga,Germany,2024,19,Leipzig,Potsdam,322,347,32.0,19.0,17.0,10.0,FT,True,home
166560,2025-02-27,2025-02-27 18:00:00,39,Bundesliga,Germany,2024,21,Hamburg,Gummersbach,319,339,30.0,37.0,14.0,18.0,FT,True,away
166564,2025-02-27,2025-02-27 18:00:00,39,Bundesliga,Germany,2024,21,Stuttgart,Lemgo,329,323,23.0,26.0,13.0,13.0,FT,True,away
166556,2025-02-27,2025-02-27 19:00:00,39,Bundesliga,Germany,2024,21,HSG Wetzlar,Eisenach,318,335,30.0,31.0,17.0,13.0,FT,True,away
166557,2025-02-28,2025-02-28 19:00:00,39,Bundesliga,Germany,2024,21,Bietigheim-Metterzimmern,Kiel,333,321,24.0,39.0,11.0,22.0,FT,True,away
166559,2025-03-01,2025-03-01 18:00:00,39,Bundesliga,Germany,2024,21,Flensburg-H.,MT Melsungen,314,324,35.0,33.0,14.0,13.0,FT,True,home
166558,2025-03-02,2025-03-02 14:00:00,39,Bundesliga,Germany,2024,21,Erlangen,Hannover-Burgdorf,313,320,33.0,33.0,17.0,20.0,FT,True,draw
166561,2025-03-02,2025-03-02 15:30:00,39,Bundesliga,Germany,2024,21,Leipzig,Fuchse Berlin,322,315,30.0,33.0,15.0,15.0,FT,True,away
166563,2025-03-02,2025-03-02 17:30:00,39,Bundesliga,Germany,2024,21,SC Magdeburg,Potsdam,328,347,25.0,15.0,13.0,7.0,FT,True,home
166567,2025-03-06,2025-03-06 18:00:00,39,Bundesliga,Germany,2024,22,Potsdam,Stuttgart,347,329,28.0,25.0,11.0,11.0,FT,True,home
166568,2025-03-06,2025-03-06 18:00:00,39,Bundesliga,Germany,2024,22,Lemgo,Erlangen,323,313,30.0,24.0,15.0,14.0,FT,True,home
166573,2025-03-07,2025-03-07 18:00:00,39,Bundesliga,Germany,2024,22,Gummersbach,Bietigheim-Metterzimmern,339,333,37.0,27.0,21.0,13.0,FT,True,home
166565,2025-03-07,2025-03-07 19:00:00,39,Bundesliga,Germany,2024,22,MT Melsungen,Leipzig,324,322,34.0,25.0,17.0,12.0,FT,True,home
166571,2025-03-08,2025-03-08 18:00:00,39,Bundesliga,Germany,2024,22,Goppingen,Flensburg-H.,316,314,27.0,27.0,14.0,14.0,FT,True,draw
166570,2025-03-08,2025-03-08 19:30:00,39,Bundesliga,Germany,2024,22,Eisenach,SC Magdeburg,335,328,26.0,36.0,12.0,18.0,FT,True,away
166572,2025-03-09,2025-03-09 14:00:00,39,Bundesliga,Germany,2024,22,Fuchse Berlin,HSG Wetzlar,315,318,38.0,29.0,21.0,17.0,FT,True,home
166566,2025-03-09,2025-03-09 15:30:00,39,Bundesliga,Germany,2024,22,Kiel,Rhein-Neckar,321,327,29.0,24.0,12.0,12.0,FT,True,home
166569,2025-03-09,2025-03-09 15:30:00,39,Bundesliga,Germany,2024,22,Hannover-Burgdorf,Hamburg,320,319,33.0,32.0,16.0,18.0,FT,True,home
166578,2025-03-20,2025-03-20 18:00:00,39,Bundesliga,Germany,2024,23,Hamburg,MT Melsungen,319,324,42.0,32.0,19.0,17.0,FT,True,home
166580,2025-03-20,2025-03-20 18:00:00,39,Bundesliga,Germany,2024,23,Rhein-Neckar,Hannover-Burgdorf,327,320,35.0,36.0,16.0,21.0,FT,True,away
166581,2025-03-21,2025-03-21 18:00:00,39,Bundesliga,Germany,2024,23,SC Magdeburg,Fuchse Berlin,328,315,30.0,33.0,15.0,17.0,FT,True,away
166577,2025-03-22,2025-03-22 17:00:00,39,Bundesliga,Germany,2024,23,Flensburg-H.,Kiel,314,321,36.0,33.0,19.0,17.0,FT,True,home
166575,2025-03-22,2025-03-22 18:00:00,39,Bundesliga,Germany,2024,23,Bietigheim-Metterzimmern,Potsdam,333,347,30.0,28.0,12.0,14.0,FT,True,home
166576,2025-03-22,2025-03-22 18:00:00,39,Bundesliga,Germany,2024,23,Erlangen,Gummersbach,313,339,24.0,31.0,12.0,17.0,FT,True,away
166582,2025-03-23,2025-03-23 14:00:00,39,Bundesliga,Germany,2024,23,Stuttgart,Eisenach,329,335,31.0,30.0,16.0,16.0,FT,True,home
166574,2025-03-23,2025-03-23 15:30:00,39,Bundesliga,Germany,2024,23,HSG Wetzlar,Goppingen,318,316,30.0,26.0,10.0,11.0,FT,True,home
166579,2025-03-23,2025-03-23 15:30:00,39,Bundesliga,Germany,2024,23,Leipzig,Lemgo,322,323,26.0,35.0,12.0,19.0,FT,True,away
166583,2025-03-27,2025-03-27 18:00:00,39,Bundesliga,Germany,2024,24,Hannover-Burgdorf,Bietigheim-Metterzimmern,320,333,32.0,18.0,15.0,9.0,FT,True,home
166589,2025-03-27,2025-03-27 18:00:00,39,Bundesliga,Germany,2024,24,Gummersbach,HSG Wetzlar,339,318,33.0,24.0,17.0,9.0,FT,True,home
166591,2025-03-28,2025-03-28 18:00:00,39,Bundesliga,Germany,2024,24,Eisenach,Rhein-Neckar,335,327,30.0,35.0,18.0,17.0,FT,True,away
166587,2025-03-28,2025-03-28 19:00:00,39,Bundesliga,Germany,2024,24,Goppingen,Leipzig,316,322,29.0,27.0,18.0,17.0,FT,True,home
166586,2025-03-29,2025-03-29 15:05:00,39,Bundesliga,Germany,2024,24,MT Melsungen,Kiel,324,321,27.0,22.0,11.0,12.0,FT,True,home
166584,2025-03-29,2025-03-29 18:00:00,39,Bundesliga,Germany,2024,24,Potsdam,Erlangen,347,313,23.0,26.0,10.0,12.0,FT,True,away
166588,2025-03-29,2025-03-29 18:00:00,39,Bundesliga,Germany,2024,24,Lemgo,Flensburg-H.,323,314,34.0,29.0,20.0,13.0,FT,True,home
166590,2025-03-30,2025-03-30 13:00:00,39,Bundesliga,Germany,2024,24,Fuchse Berlin,Hamburg,315,319,40.0,35.0,19.0,15.0,FT,True,home
166595,2025-04-03,2025-04-03 17:00:00,39,Bundesliga,Germany,2024,25,Hamburg,Potsdam,319,347,28.0,23.0,17.0,13.0,FT,True,home
166597,2025-04-04,2025-04-04 17:00:00,39,Bundesliga,Germany,2024,25,HSG Wetzlar,Stuttgart,318,329,26.0,28.0,10.0,14.0,FT,True,away
166592,2025-04-05,2025-04-05 17:00:00,39,Bundesliga,Germany,2024,25,Bietigheim-Metterzimmern,MT Melsungen,333,324,28.0,32.0,14.0,15.0,FT,True,away
166593,2025-04-05,2025-04-05 17:00:00,39,Bundesliga,Germany,2024,25,Erlangen,Fuchse Berlin,313,315,31.0,31.0,16.0,14.0,FT,True,draw
166600,2025-04-05,2025-04-05 17:00:00,39,Bundesliga,Germany,2024,25,Rhein-Neckar,Lemgo,327,323,33.0,26.0,15.0,10.0,FT,True,home
166598,2025-04-05,2025-04-05 18:00:00,39,Bundesliga,Germany,2024,25,Kiel,Gummersbach,321,339,31.0,25.0,19.0,12.0,FT,True,home
166594,2025-04-06,2025-04-06 13:00:00,39,Bundesliga,Germany,2024,25,Flensburg-H.,Eisenach,314,335,39.0,39.0,21.0,18.0,FT,True,draw
166599,2025-04-06,2025-04-06 14:00:00,39,Bundesliga,Germany,2024,25,Leipzig,SC Magdeburg,322,328,30.0,31.0,14.0,13.0,FT,True,away
166596,2025-04-06,2025-04-06 14:30:00,39,Bundesliga,Germany,2024,25,Hannover-Burgdorf,Goppingen,320,316,30.0,36.0,15.0,18.0,FT,True,away
166503,2025-04-10,2025-04-10 17:00:00,39,Bundesliga,Germany,2024,15,Lemgo,Potsdam,323,347,32.0,23.0,18.0,12.0,FT,True,home
166521,2025-04-10,2025-04-10 17:00:00,39,Bundesliga,Germany,2024,17,SC Magdeburg,Erlangen,328,313,30.0,19.0,14.0,9.0,FT,True,home
166617,2025-04-16,2025-04-16 17:00:00,39,Bundesliga,Germany,2024,27,Kiel,Fuchse Berlin,321,315,34.0,36.0,14.0,18.0,FT,True,away
166585,2025-04-16,2025-04-16 18:00:00,39,Bundesliga,Germany,2024,24,SC Magdeburg,Stuttgart,328,329,31.0,20.0,14.0,11.0,FT,True,home
166605,2025-04-17,2025-04-17 17:00:00,39,Bundesliga,Germany,2024,26,Lemgo,Hamburg,323,319,41.0,29.0,20.0,15.0,FT,True,home
166606,2025-04-17,2025-04-17 17:00:00,39,Bundesliga,Germany,2024,26,Eisenach,Erlangen,335,313,26.0,26.0,13.0,12.0,FT,True,draw
166607,2025-04-17,2025-04-17 17:00:00,39,Bundesliga,Germany,2024,26,Leipzig,Flensburg-H.,322,314,31.0,33.0,16.0,18.0,FT,True,away
166603,2025-04-17,2025-04-17 18:00:00,39,Bundesliga,Germany,2024,26,Potsdam,HSG Wetzlar,347,318,32.0,28.0,15.0,14.0,FT,True,home
166601,2025-04-19,2025-04-19 17:00:00,39,Bundesliga,Germany,2024,26,MT Melsungen,Gummersbach,324,339,26.0,25.0,9.0,11.0,FT,True,home
166609,2025-04-19,2025-04-19 17:00:00,39,Bundesliga,Germany,2024,26,Goppingen,Kiel,316,321,29.0,36.0,14.0,19.0,FT,True,away
166604,2025-04-19,2025-04-19 18:00:00,39,Bundesliga,Germany,2024,26,SC Magdeburg,Rhein-Neckar,328,327,30.0,27.0,13.0,11.0,FT,True,home
166608,2025-04-20,2025-04-20 13:00:00,39,Bundesliga,Germany,2024,26,Fuchse Berlin,Hannover-Burgdorf,315,320,37.0,33.0,17.0,15.0,FT,True,home
166618,2025-04-24,2025-04-24 17:00:00,39,Bundesliga,Germany,2024,27,Rhein-Neckar,Leipzig,327,322,35.0,34.0,18.0,16.0,FT,True,home
166613,2025-04-25,2025-04-25 17:00:00,39,Bundesliga,Germany,2024,27,Gummersbach,Potsdam,339,347,31.0,27.0,20.0,13.0,FT,True,home
166615,2025-04-25,2025-04-25 18:00:00,39,Bundesliga,Germany,2024,27,Hannover-Burgdorf,Lemgo,320,323,30.0,29.0,13.0,14.0,FT,True,home
166610,2025-04-26,2025-04-26 17:00:00,39,Bundesliga,Germany,2024,27,Bietigheim-Metterzimmern,Eisenach,333,335,26.0,34.0,11.0,16.0,FT,True,away
166611,2025-04-26,2025-04-26 17:00:00,39,Bundesliga,Germany,2024,27,Erlangen,MT Melsungen,313,324,25.0,31.0,12.0,17.0,FT,True,away
166612,2025-04-26,2025-04-26 18:00:00,39,Bundesliga,Germany,2024,27,Flensburg-H.,Stuttgart,314,329,32.0,27.0,18.0,14.0,FT,True,home
166616,2025-04-27,2025-04-27 13:00:00,39,Bundesliga,Germany,2024,27,HSG Wetzlar,SC Magdeburg,318,328,29.0,32.0,12.0,17.0,FT,True,away
166614,2025-04-27,2025-04-27 14:30:00,39,Bundesliga,Germany,2024,27,Hamburg,Goppingen,319,316,31.0,30.0,15.0,15.0,FT,True,home
166625,2025-05-01,2025-05-01 17:00:00,39,Bundesliga,Germany,2024,28,Leipzig,HSG Wetzlar,322,318,30.0,18.0,13.0,9.0,FT,True,home
166671,2025-05-01,2025-05-01 17:00:00,39,Bundesliga,Germany,2024,33,Erlangen,Rhein-Neckar,313,327,34.0,25.0,14.0,13.0,FT,True,home
166623,2025-05-02,2025-05-02 17:00:00,39,Bundesliga,Germany,2024,28,Lemgo,Gummersbach,323,339,35.0,26.0,16.0,13.0,FT,True,home
166624,2025-05-02,2025-05-02 18:00:00,39,Bundesliga,Germany,2024,28,Eisenach,Hannover-Burgdorf,335,320,26.0,31.0,11.0,19.0,FT,True,away
166621,2025-05-03,2025-05-03 17:00:00,39,Bundesliga,Germany,2024,28,Potsdam,Flensburg-H.,347,314,26.0,34.0,12.0,15.0,FT,True,away
166622,2025-05-04,2025-05-04 13:00:00,39,Bundesliga,Germany,2024,28,MT Melsungen,Rhein-Neckar,324,327,25.0,22.0,13.0,9.0,FT,True,home
166619,2025-05-04,2025-05-04 14:30:00,39,Bundesliga,Germany,2024,28,Stuttgart,Kiel,329,321,32.0,35.0,19.0,23.0,FT,True,away
166626,2025-05-04,2025-05-04 14:30:00,39,Bundesliga,Germany,2024,28,Fuchse Berlin,Bietigheim-Metterzimmern,315,333,42.0,30.0,22.0,18.0,FT,True,home
166627,2025-05-04,2025-05-04 14:30:00,39,Bundesliga,Germany,2024,28,Goppingen,Erlangen,316,313,25.0,24.0,14.0,9.0,FT,True,home
166620,2025-05-04,2025-05-04 16:00:00,39,Bundesliga,Germany,2024,28,SC Magdeburg,Hamburg,328,319,37.0,28.0,18.0,14.0,FT,True,home
166629,2025-05-15,2025-05-15 17:00:00,39,Bundesliga,Germany,2024,29,Erlangen,Leipzig,313,322,23.0,25.0,11.0,10.0,FT,True,away
166631,2025-05-15,2025-05-15 17:00:00,39,Bundesliga,Germany,2024,29,Hamburg,Stuttgart,319,329,41.0,28.0,21.0,12.0,FT,True,home
166635,2025-05-15,2025-05-15 17:00:00,39,Bundesliga,Germany,2024,29,Rhein-Neckar,Potsdam,327,347,29.0,26.0,11.0,11.0,FT,True,home
166636,2025-05-15,2025-05-15 17:00:00,39,Bundesliga,Germany,2024,29,Gummersbach,SC Magdeburg,339,328,31.0,32.0,15.0,15.0,FT,True,away
166630,2025-05-15,2025-05-15 18:00:00,39,Bundesliga,Germany,2024,29,Fuchse Berlin,Eisenach,315,335,34.0,26.0,18.0,11.0,FT,True,home
166633,2025-05-15,2025-05-15 18:00:00,39,Bundesliga,Germany,2024,29,HSG Wetzlar,Flensburg-H.,318,314,28.0,34.0,15.0,17.0,FT,True,away
166634,2025-05-15,2025-05-15 18:00:00,39,Bundesliga,Germany,2024,29,Kiel,Lemgo,321,323,35.0,29.0,18.0,17.0,FT,True,home
166628,2025-05-16,2025-05-16 17:00:00,39,Bundesliga,Germany,2024,29,Bietigheim-Metterzimmern,Goppingen,333,316,31.0,30.0,18.0,14.0,FT,True,home
166632,2025-05-16,2025-05-16 18:00:00,39,Bundesliga,Germany,2024,29,Hannover-Burgdorf,MT Melsungen,320,324,23.0,29.0,15.0,14.0,FT,True,away
166640,2025-05-18,2025-05-18 13:00:00,39,Bundesliga,Germany,2024,30,Potsdam,Kiel,347,321,22.0,25.0,11.0,10.0,FT,True,away
166642,2025-05-18,2025-05-18 14:30:00,39,Bundesliga,Germany,2024,30,Eisenach,Gummersbach,335,339,30.0,34.0,13.0,16.0,FT,True,away
166644,2025-05-18,2025-05-18 14:30:00,39,Bundesliga,Germany,2024,30,Flensburg-H.,Rhein-Neckar,314,327,28.0,33.0,14.0,17.0,FT,True,away
166638,2025-05-18,2025-05-18 16:00:00,39,Bundesliga,Germany,2024,30,Stuttgart,Erlangen,329,313,27.0,30.0,13.0,13.0,FT,True,away
166641,2025-05-19,2025-05-19 17:00:00,39,Bundesliga,Germany,2024,30,Lemgo,Bietigheim-Metterzimmern,323,333,33.0,21.0,15.0,8.0,FT,True,home
166643,2025-05-19,2025-05-19 17:00:00,39,Bundesliga,Germany,2024,30,Leipzig,Hamburg,322,319,25.0,29.0,11.0,15.0,FT,True,away
166645,2025-05-19,2025-05-19 17:00:00,39,Bundesliga,Germany,2024,30,Goppingen,Fuchse Berlin,316,315,28.0,43.0,11.0,21.0,FT,True,away
166637,2025-05-19,2025-05-19 18:00:00,39,Bundesliga,Germany,2024,30,MT Melsungen,HSG Wetzlar,324,318,33.0,27.0,20.0,10.0,FT,True,home
166639,2025-05-19,2025-05-19 18:00:00,39,Bundesliga,Germany,2024,30,SC Magdeburg,Hannover-Burgdorf,328,320,34.0,28.0,17.0,13.0,FT,True,home
166478,2025-05-21,2025-05-21 17:00:00,39,Bundesliga,Germany,2024,12,Rhein-Neckar,Gummersbach,327,339,32.0,34.0,13.0,15.0,FT,True,away
166512,2025-05-22,2025-05-22 17:00:00,39,Bundesliga,Germany,2024,16,SC Magdeburg,Eisenach,328,335,33.0,32.0,18.0,18.0,FT,True,home
166602,2025-05-24,2025-05-24 16:00:00,39,Bundesliga,Germany,2024,26,Stuttgart,Bietigheim-Metterzimmern,329,333,26.0,30.0,14.0,15.0,FT,True,away
166412,2025-05-25,2025-05-25 14:30:00,39,Bundesliga,Germany,2024,4,Potsdam,SC Magdeburg,347,328,23.0,37.0,8.0,18.0,FT,True,away
166647,2025-05-28,2025-05-28 17:00:00,39,Bundesliga,Germany,2024,31,Erlangen,SC Magdeburg,313,328,23.0,34.0,12.0,16.0,FT,True,away
166649,2025-05-28,2025-05-28 17:00:00,39,Bundesliga,Germany,2024,31,Hamburg,Eisenach,319,335,31.0,29.0,12.0,12.0,FT,True,home
166650,2025-05-28,2025-05-28 17:00:00,39,Bundesliga,Germany,2024,31,Hannover-Burgdorf,Potsdam,320,347,26.0,27.0,12.0,12.0,FT,True,away
166651,2025-05-28,2025-05-28 17:00:00,39,Bundesliga,Germany,2024,31,HSG Wetzlar,Lemgo,318,323,20.0,26.0,9.0,14.0,FT,True,away
166654,2025-05-28,2025-05-28 17:00:00,39,Bundesliga,Germany,2024,31,Gummersbach,Goppingen,339,316,41.0,25.0,17.0,11.0,FT,True,home
166652,2025-05-28,2025-05-28 18:00:00,39,Bundesliga,Germany,2024,31,Kiel,Leipzig,321,322,39.0,24.0,21.0,11.0,FT,True,home
166646,2025-05-29,2025-05-29 17:00:00,39,Bundesliga,Germany,2024,31,Bietigheim-Metterzimmern,Flensburg-H.,333,314,29.0,29.0,21.0,12.0,FT,True,draw
166653,2025-05-29,2025-05-29 17:00:00,39,Bundesliga,Germany,2024,31,Rhein-Neckar,Stuttgart,327,329,26.0,33.0,12.0,14.0,FT,True,away
166648,2025-05-29,2025-05-29 18:00:00,39,Bundesliga,Germany,2024,31,Fuchse Berlin,MT Melsungen,315,324,37.0,29.0,18.0,12.0,FT,True,home
166657,2025-05-31,2025-05-31 17:00:00,39,Bundesliga,Germany,2024,32,Potsdam,Goppingen,347,316,21.0,25.0,9.0,16.0,FT,True,away
166659,2025-05-31,2025-05-31 17:00:00,39,Bundesliga,Germany,2024,32,Kiel,Hamburg,321,319,38.0,37.0,16.0,18.0,FT,True,home
166660,2025-05-31,2025-05-31 17:00:00,39,Bundesliga,Germany,2024,32,Gummersbach,Leipzig,339,322,32.0,31.0,14.0,13.0,FT,True,home
166655,2025-06-01,2025-06-01 13:00:00,39,Bundesliga,Germany,2024,32,Lemgo,SC Magdeburg,323,328,29.0,31.0,14.0,15.0,FT,True,away
166656,2025-06-01,2025-06-01 14:30:00,39,Bundesliga,Germany,2024,32,Stuttgart,Fuchse Berlin,329,315,20.0,35.0,12.0,16.0,FT,True,away
166658,2025-06-01,2025-06-01 14:30:00,39,Bundesliga,Germany,2024,32,MT Melsungen,Eisenach,324,335,26.0,25.0,16.0,13.0,FT,True,home
166661,2025-06-01,2025-06-01 14:30:00,39,Bundesliga,Germany,2024,32,Flensburg-H.,Hannover-Burgdorf,314,320,34.0,32.0,17.0,16.0,FT,True,home
166663,2025-06-01,2025-06-01 14:30:00,39,Bundesliga,Germany,2024,32,HSG Wetzlar,Rhein-Neckar,318,327,30.0,30.0,13.0,15.0,FT,True,draw
166662,2025-06-01,2025-06-01 16:00:00,39,Bundesliga,Germany,2024,32,Bietigheim-Metterzimmern,Erlangen,333,313,23.0,29.0,12.0,15.0,FT,True,away
166664,2025-06-04,2025-06-04 17:00:00,39,Bundesliga,Germany,2024,33,Hannover-Burgdorf,Kiel,320,321,29.0,29.0,17.0,14.0,FT,True,draw
166666,2025-06-04,2025-06-04 17:00:00,39,Bundesliga,Germany,2024,33,MT Melsungen,Lemgo,324,323,26.0,26.0,11.0,16.0,FT,True,draw
166667,2025-06-04,2025-06-04 17:00:00,39,Bundesliga,Germany,2024,33,Leipzig,Bietigheim-Metterzimmern,322,333,25.0,34.0,9.0,18.0,FT,True,away
166672,2025-06-04,2025-06-04 17:00:00,39,Bundesliga,Germany,2024,33,Eisenach,Potsdam,335,347,37.0,19.0,18.0,8.0,FT,True,home
166665,2025-06-04,2025-06-04 18:00:00,39,Bundesliga,Germany,2024,33,SC Magdeburg,Flensburg-H.,328,314,35.0,27.0,17.0,12.0,FT,True,home
166668,2025-06-05,2025-06-05 17:00:00,39,Bundesliga,Germany,2024,33,Hamburg,HSG Wetzlar,319,318,33.0,29.0,16.0,14.0,FT,True,home
166669,2025-06-05,2025-06-05 17:00:00,39,Bundesliga,Germany,2024,33,Goppingen,Stuttgart,316,329,28.0,27.0,18.0,13.0,FT,True,home
166670,2025-06-05,2025-06-05 17:00:00,39,Bundesliga,Germany,2024,33,Fuchse Berlin,Gummersbach,315,339,45.0,35.0,22.0,15.0,FT,True,home
166673,2025-06-08,2025-06-08 13:00:00,39,Bundesliga,Germany,2024,34,Bietigheim-Metterzimmern,SC Magdeburg,333,328,25.0,35.0,10.0,18.0,FT,True,away
166674,2025-06-08,2025-06-08 13:00:00,39,Bundesliga,Germany,2024,34,Flensburg-H.,Hamburg,314,319,40.0,37.0,21.0,15.0,FT,True,home
166675,2025-06-08,2025-06-08 13:00:00,39,Bundesliga,Germany,2024,34,Gummersbach,Hannover-Burgdorf,339,320,39.0,29.0,20.0,15.0,FT,True,home
166676,2025-06-08,2025-06-08 13:00:00,39,Bundesliga,Germany,2024,34,HSG Wetzlar,Erlangen,318,313,21.0,25.0,12.0,13.0,FT,True,away
166677,2025-06-08,2025-06-08 13:00:00,39,Bundesliga,Germany,2024,34,Kiel,Eisenach,321,335,36.0,35.0,20.0,15.0,FT,True,home
166678,2025-06-08,2025-06-08 13:00:00,39,Bundesliga,Germany,2024,34,Lemgo,Goppingen,323,316,29.0,29.0,10.0,15.0,FT,True,draw
166679,2025-06-08,2025-06-08 13:00:00,39,Bundesliga,Germany,2024,34,Potsdam,MT Melsungen,347,324,26.0,31.0,11.0,15.0,FT,True,away
166680,2025-06-08,2025-06-08 13:00:00,39,Bundesliga,Germany,2024,34,Rhein-Neckar,Fuchse Berlin,327,315,33.0,38.0,20.0,17.0,FT,True,away
166681,2025-06-08,2025-06-08 13:00:00,39,Bundesliga,Germany,2024,34,Stuttgart,Leipzig,329,322,29.0,28.0,15.0,15.0,FT,True,home
170510,2024-08-31,2024-08-31 15:00:00,49,NB I,Hungary,2024,5,Szeged,Eger,417,411,41.0,23.0,18.0,8.0,FT,True,home
170511,2024-09-04,2024-09-04 16:00:00,49,NB I,Hungary,2024,10,Szeged,Gyongyosi,417,413,35.0,27.0,18.0,8.0,FT,True,home
170512,2024-09-06,2024-09-06 16:00:00,49,NB I,Hungary,2024,1,Gyor,Budakalasz,442,408,31.0,30.0,12.0,13.0,FT,True,home
170513,2024-09-06,2024-09-06 16:00:00,49,NB I,Hungary,2024,1,PLER,Balatonfuredi,447,407,28.0,29.0,12.0,12.0,FT,True,away
170514,2024-09-06,2024-09-06 16:00:00,49,NB I,Hungary,2024,1,Veszprem,Dabas,4616,410,42.0,28.0,23.0,13.0,FT,True,home
170515,2024-09-07,2024-09-07 16:00:00,49,NB I,Hungary,2024,1,Csurgoi,Eger,409,411,26.0,25.0,17.0,11.0,FT,True,home
170516,2024-09-07,2024-09-07 16:00:00,49,NB I,Hungary,2024,1,NEKA,Komloi,416,415,25.0,26.0,14.0,12.0,FT,True,away
170517,2024-09-07,2024-09-07 16:15:00,49,NB I,Hungary,2024,1,Szeged,Tatabanya,417,418,33.0,27.0,20.0,18.0,FT,True,home
170518,2024-09-13,2024-09-13 16:00:00,49,NB I,Hungary,2024,2,Eger,Gyor,411,442,26.0,35.0,15.0,16.0,FT,True,away
170519,2024-09-13,2024-09-13 16:30:00,49,NB I,Hungary,2024,2,Tatabanya,NEKA,418,416,39.0,33.0,23.0,15.0,FT,True,home
170520,2024-09-14,2024-09-14 15:00:00,49,NB I,Hungary,2024,2,Budakalasz,PLER,408,447,29.0,31.0,16.0,14.0,FT,True,away
170521,2024-09-14,2024-09-14 16:00:00,49,NB I,Hungary,2024,2,Komloi,Ferencvaros,415,412,30.0,29.0,12.0,17.0,FT,True,home
170522,2024-09-14,2024-09-14 16:00:00,49,NB I,Hungary,2024,2,Dabas,Szeged,410,417,29.0,38.0,15.0,19.0,FT,True,away
170523,2024-09-14,2024-09-14 16:00:00,49,NB I,Hungary,2024,2,Gyongyosi,Csurgoi,413,409,29.0,29.0,15.0,12.0,FT,True,draw
170524,2024-09-15,2024-09-15 16:00:00,49,NB I,Hungary,2024,2,Balatonfuredi,Veszprem,407,4616,28.0,38.0,12.0,15.0,FT,True,away
170525,2024-09-20,2024-09-20 16:00:00,49,NB I,Hungary,2024,3,Gyor,Csurgoi,442,409,35.0,28.0,18.0,14.0,FT,True,home
170526,2024-09-20,2024-09-20 16:00:00,49,NB I,Hungary,2024,3,PLER,Eger,447,411,25.0,29.0,13.0,14.0,FT,True,away
170527,2024-09-21,2024-09-21 16:00:00,49,NB I,Hungary,2024,3,Ferencvaros,Tatabanya,412,418,41.0,33.0,24.0,16.0,FT,True,home
170528,2024-09-21,2024-09-21 16:00:00,49,NB I,Hungary,2024,3,Gyongyosi,Komloi,413,415,29.0,25.0,17.0,11.0,FT,True,home
170529,2024-09-21,2024-09-21 16:00:00,49,NB I,Hungary,2024,3,NEKA,Dabas,416,410,28.0,24.0,11.0,11.0,FT,True,home
170530,2024-09-21,2024-09-21 16:00:00,49,NB I,Hungary,2024,3,Veszprem,Budakalasz,4616,408,45.0,26.0,19.0,14.0,FT,True,home
170531,2024-09-22,2024-09-22 16:00:00,49,NB I,Hungary,2024,3,Szeged,Balatonfuredi,417,407,37.0,28.0,15.0,13.0,FT,True,home
170532,2024-09-27,2024-09-27 16:30:00,49,NB I,Hungary,2024,4,Tatabanya,Komloi,418,415,37.0,21.0,14.0,11.0,FT,True,home
170533,2024-09-28,2024-09-28 16:00:00,49,NB I,Hungary,2024,4,Csurgoi,PLER,409,447,27.0,27.0,17.0,12.0,FT,True,draw
170534,2024-09-28,2024-09-28 16:00:00,49,NB I,Hungary,2024,4,Dabas,Ferencvaros,410,412,32.0,35.0,18.0,17.0,FT,True,away
170535,2024-09-28,2024-09-28 16:00:00,49,NB I,Hungary,2024,4,Gyor,Gyongyosi,442,413,32.0,26.0,17.0,11.0,FT,True,home
170536,2024-09-29,2024-09-29 15:00:00,49,NB I,Hungary,2024,4,Budakalasz,Szeged,408,417,27.0,37.0,17.0,21.0,FT,True,away
170537,2024-09-29,2024-09-29 16:00:00,49,NB I,Hungary,2024,4,Balatonfuredi,NEKA,407,416,40.0,24.0,22.0,12.0,FT,True,home
170538,2024-10-06,2024-10-06 16:00:00,49,NB I,Hungary,2024,4,Eger,Veszprem,411,4616,25.0,39.0,10.0,20.0,FT,True,away
170539,2024-10-11,2024-10-11 16:00:00,49,NB I,Hungary,2024,5,Komloi,Dabas,415,410,29.0,29.0,15.0,13.0,FT,True,draw
170540,2024-10-11,2024-10-11 16:00:00,49,NB I,Hungary,2024,5,PLER,Gyor,447,442,31.0,38.0,16.0,18.0,FT,True,away
170542,2024-10-12,2024-10-12 15:00:00,49,NB I,Hungary,2024,5,Gyongyosi,Tatabanya,413,418,26.0,29.0,13.0,12.0,FT,True,away
170543,2024-10-12,2024-10-12 15:00:00,49,NB I,Hungary,2024,5,NEKA,Budakalasz,416,408,33.0,32.0,16.0,19.0,FT,True,home
170541,2024-10-12,2024-10-12 16:00:00,49,NB I,Hungary,2024,5,Ferencvaros,Balatonfuredi,412,407,27.0,25.0,14.0,11.0,FT,True,home
170544,2024-10-13,2024-10-13 15:00:00,49,NB I,Hungary,2024,5,Veszprem,Csurgoi,4616,409,31.0,23.0,16.0,10.0,FT,True,home
170545,2024-10-18,2024-10-18 16:00:00,49,NB I,Hungary,2024,6,Eger,NEKA,411,416,34.0,33.0,17.0,15.0,FT,True,home
170546,2024-10-18,2024-10-18 16:00:00,49,NB I,Hungary,2024,6,PLER,Gyongyosi,447,413,30.0,29.0,11.0,15.0,FT,True,home
170547,2024-10-19,2024-10-19 15:00:00,49,NB I,Hungary,2024,6,Budakalasz,Ferencvaros,408,412,25.0,27.0,10.0,13.0,FT,True,away
170548,2024-10-19,2024-10-19 15:00:00,49,NB I,Hungary,2024,6,Csurgoi,Szeged,409,417,32.0,27.0,15.0,12.0,FT,True,home
170549,2024-10-19,2024-10-19 16:00:00,49,NB I,Hungary,2024,6,Balatonfuredi,Komloi,407,415,30.0,27.0,15.0,11.0,FT,True,home
170550,2024-10-19,2024-10-19 17:00:00,49,NB I,Hungary,2024,6,Dabas,Tatabanya,410,418,31.0,33.0,18.0,13.0,FT,True,away
170551,2024-10-20,2024-10-20 15:00:00,49,NB I,Hungary,2024,6,Gyor,Veszprem,442,4616,22.0,37.0,11.0,19.0,FT,True,away
170554,2024-10-26,2024-10-26 13:15:00,49,NB I,Hungary,2024,7,Szeged,Gyor,417,442,38.0,29.0,19.0,13.0,FT,True,home
170558,2024-10-26,2024-10-26 14:00:00,49,NB I,Hungary,2024,7,Ferencvaros,Eger,412,411,43.0,31.0,22.0,16.0,FT,True,home
170552,2024-10-26,2024-10-26 16:00:00,49,NB I,Hungary,2024,7,Veszprem,PLER,4616,447,34.0,26.0,15.0,15.0,FT,True,home
170553,2024-10-26,2024-10-26 16:00:00,49,NB I,Hungary,2024,7,Tatabanya,Balatonfuredi,418,407,26.0,26.0,14.0,12.0,FT,True,draw
170555,2024-10-26,2024-10-26 16:00:00,49,NB I,Hungary,2024,7,NEKA,Csurgoi,416,409,23.0,23.0,11.0,12.0,FT,True,draw
170556,2024-10-26,2024-10-26 16:00:00,49,NB I,Hungary,2024,7,Komloi,Budakalasz,415,408,24.0,27.0,12.0,13.0,FT,True,away
170557,2024-10-26,2024-10-26 16:00:00,49,NB I,Hungary,2024,7,Gyongyosi,Dabas,413,410,24.0,24.0,13.0,10.0,FT,True,draw
170559,2024-11-01,2024-11-01 17:00:00,49,NB I,Hungary,2024,8,Gyor,NEKA,442,416,39.0,30.0,19.0,18.0,FT,True,home
170560,2024-11-02,2024-11-02 16:00:00,49,NB I,Hungary,2024,8,Budakalasz,Tatabanya,408,418,34.0,41.0,16.0,20.0,FT,True,away
170561,2024-11-02,2024-11-02 17:00:00,49,NB I,Hungary,2024,8,Balatonfuredi,Dabas,407,410,29.0,25.0,16.0,13.0,FT,True,home
170562,2024-11-02,2024-11-02 17:00:00,49,NB I,Hungary,2024,8,Csurgoi,Ferencvaros,409,412,29.0,29.0,13.0,14.0,FT,True,draw
170563,2024-11-02,2024-11-02 17:00:00,49,NB I,Hungary,2024,8,Eger,Komloi,411,415,22.0,22.0,14.0,10.0,FT,True,draw
170564,2024-11-02,2024-11-02 17:00:00,49,NB I,Hungary,2024,8,PLER,Szeged,447,417,27.0,41.0,13.0,23.0,FT,True,away
170565,2024-11-02,2024-11-02 17:00:00,49,NB I,Hungary,2024,8,Veszprem,Gyongyosi,4616,413,40.0,25.0,19.0,13.0,FT,True,home
170567,2024-11-15,2024-11-15 17:00:00,49,NB I,Hungary,2024,9,Tatabanya,Eger,418,411,34.0,31.0,19.0,15.0,FT,True,home
170568,2024-11-16,2024-11-16 14:30:00,49,NB I,Hungary,2024,9,Ferencvaros,Gyor,412,442,41.0,39.0,23.0,21.0,FT,True,home
170566,2024-11-16,2024-11-16 17:00:00,49,NB I,Hungary,2024,9,Szeged,Veszprem,417,4616,28.0,24.0,12.0,12.0,FT,True,home
170569,2024-11-16,2024-11-16 17:00:00,49,NB I,Hungary,2024,9,NEKA,PLER,416,447,25.0,28.0,12.0,16.0,FT,True,away
170570,2024-11-16,2024-11-16 17:00:00,49,NB I,Hungary,2024,9,Komloi,Csurgoi,415,409,32.0,33.0,17.0,19.0,FT,True,away
170571,2024-11-16,2024-11-16 17:00:00,49,NB I,Hungary,2024,9,Dabas,Budakalasz,410,408,24.0,28.0,15.0,15.0,FT,True,away
170572,2024-11-17,2024-11-17 17:00:00,49,NB I,Hungary,2024,9,Gyongyosi,Balatonfuredi,413,407,30.0,30.0,15.0,15.0,FT,True,draw
170573,2024-11-22,2024-11-22 17:00:00,49,NB I,Hungary,2024,10,PLER,Ferencvaros,447,412,35.0,37.0,17.0,19.0,FT,True,away
170577,2024-11-23,2024-11-23 13:30:00,49,NB I,Hungary,2024,10,Csurgoi,Tatabanya,409,418,28.0,37.0,14.0,17.0,FT,True,away
170574,2024-11-23,2024-11-23 16:00:00,49,NB I,Hungary,2024,10,Budakalasz,Balatonfuredi,408,407,29.0,30.0,15.0,14.0,FT,True,away
170575,2024-11-23,2024-11-23 17:00:00,49,NB I,Hungary,2024,10,Gyor,Komloi,442,415,34.0,24.0,18.0,13.0,FT,True,home
170576,2024-11-23,2024-11-23 17:00:00,49,NB I,Hungary,2024,10,Veszprem,NEKA,4616,416,52.0,27.0,26.0,12.0,FT,True,home
170578,2024-11-23,2024-11-23 17:00:00,49,NB I,Hungary,2024,10,Eger,Dabas,411,410,26.0,27.0,15.0,13.0,FT,True,away
170579,2024-11-27,2024-11-27 17:00:00,49,NB I,Hungary,2024,1,Ferencvaros,Gyongyosi,412,413,38.0,32.0,20.0,20.0,FT,True,home
170580,2024-11-29,2024-11-29 17:00:00,49,NB I,Hungary,2024,11,Komloi,PLER,415,447,32.0,25.0,15.0,10.0,FT,True,home
170581,2024-11-30,2024-11-30 17:00:00,49,NB I,Hungary,2024,11,Balatonfuredi,Eger,407,411,38.0,27.0,20.0,14.0,FT,True,home
170582,2024-11-30,2024-11-30 17:00:00,49,NB I,Hungary,2024,11,Dabas,Csurgoi,410,409,32.0,31.0,16.0,16.0,FT,True,home
170583,2024-11-30,2024-11-30 17:00:00,49,NB I,Hungary,2024,11,NEKA,Szeged,416,417,26.0,36.0,13.0,20.0,FT,True,away
170584,2024-12-01,2024-12-01 15:00:00,49,NB I,Hungary,2024,11,Tatabanya,Gyor,418,442,35.0,27.0,15.0,15.0,FT,True,home
170585,2024-12-01,2024-12-01 17:00:00,49,NB I,Hungary,2024,11,Ferencvaros,Veszprem,412,4616,29.0,44.0,18.0,17.0,FT,True,away
170586,2024-12-01,2024-12-01 17:00:00,49,NB I,Hungary,2024,11,Gyongyosi,Budakalasz,413,408,32.0,28.0,15.0,11.0,FT,True,home
170587,2024-12-06,2024-12-06 17:00:00,49,NB I,Hungary,2024,12,PLER,Tatabanya,447,418,24.0,26.0,10.0,16.0,FT,True,away
170589,2024-12-07,2024-12-07 14:00:00,49,NB I,Hungary,2024,12,Veszprem,Komloi,4616,415,37.0,25.0,19.0,14.0,FT,True,home
170592,2024-12-07,2024-12-07 16:00:00,49,NB I,Hungary,2024,12,Csurgoi,Balatonfuredi,409,407,30.0,30.0,16.0,18.0,FT,True,draw
170588,2024-12-07,2024-12-07 17:00:00,49,NB I,Hungary,2024,12,NEKA,Gyongyosi,416,413,34.0,37.0,14.0,18.0,FT,True,away
170590,2024-12-07,2024-12-07 17:00:00,49,NB I,Hungary,2024,12,Eger,Budakalasz,411,408,23.0,22.0,10.0,14.0,FT,True,home
170591,2024-12-07,2024-12-07 17:00:00,49,NB I,Hungary,2024,12,Gyor,Dabas,442,410,26.0,26.0,15.0,14.0,FT,True,draw
170593,2024-12-08,2024-12-08 17:00:00,49,NB I,Hungary,2024,12,Szeged,Ferencvaros,417,412,48.0,37.0,24.0,20.0,FT,True,home
170594,2024-12-11,2024-12-11 17:00:00,49,NB I,Hungary,2024,13,Balatonfuredi,Gyor,407,442,27.0,37.0,13.0,16.0,FT,True,away
170600,2024-12-11,2024-12-11 17:00:00,49,NB I,Hungary,2024,13,Tatabanya,Veszprem,418,4616,21.0,38.0,8.0,18.0,FT,True,away
170595,2024-12-12,2024-12-12 16:00:00,49,NB I,Hungary,2024,13,Budakalasz,Csurgoi,408,409,32.0,31.0,17.0,14.0,FT,True,home
170596,2024-12-12,2024-12-12 17:00:00,49,NB I,Hungary,2024,13,Dabas,PLER,410,447,27.0,32.0,12.0,15.0,FT,True,away
170597,2024-12-12,2024-12-12 17:00:00,49,NB I,Hungary,2024,13,Ferencvaros,NEKA,412,416,38.0,32.0,19.0,14.0,FT,True,home
170598,2024-12-12,2024-12-12 17:00:00,49,NB I,Hungary,2024,13,Gyongyosi,Eger,413,411,37.0,28.0,15.0,12.0,FT,True,home
170599,2024-12-12,2024-12-12 17:00:00,49,NB I,Hungary,2024,13,Komloi,Szeged,415,417,28.0,33.0,15.0,19.0,FT,True,away
170607,2025-02-07,2025-02-07 17:00:00,49,NB I,Hungary,2024,14,Dabas,Veszprem,410,4616,24.0,48.0,8.0,20.0,FT,True,away
170606,2025-02-08,2025-02-08 15:15:00,49,NB I,Hungary,2024,14,Tatabanya,Szeged,418,417,30.0,32.0,10.0,13.0,FT,True,away
170601,2025-02-08,2025-02-08 16:00:00,49,NB I,Hungary,2024,14,Budakalasz,Gyor,408,442,30.0,28.0,12.0,14.0,FT,True,home
170602,2025-02-08,2025-02-08 17:00:00,49,NB I,Hungary,2024,14,Balatonfuredi,PLER,407,447,30.0,29.0,15.0,12.0,FT,True,home
170603,2025-02-08,2025-02-08 17:00:00,49,NB I,Hungary,2024,14,Eger,Csurgoi,411,409,31.0,29.0,15.0,14.0,FT,True,home
170604,2025-02-08,2025-02-08 17:00:00,49,NB I,Hungary,2024,14,Gyongyosi,Ferencvaros,413,412,34.0,41.0,18.0,21.0,FT,True,away
170605,2025-02-08,2025-02-08 17:00:00,49,NB I,Hungary,2024,14,Komloi,NEKA,415,416,27.0,33.0,14.0,15.0,FT,True,away
170608,2025-02-14,2025-02-14 17:00:00,49,NB I,Hungary,2024,15,Gyor,Eger,442,411,31.0,24.0,16.0,10.0,FT,True,home
170609,2025-02-14,2025-02-14 17:00:00,49,NB I,Hungary,2024,15,PLER,Budakalasz,447,408,36.0,33.0,15.0,16.0,FT,True,home
170613,2025-02-15,2025-02-15 16:00:00,49,NB I,Hungary,2024,15,Csurgoi,Gyongyosi,409,413,28.0,22.0,9.0,10.0,FT,True,home
170610,2025-02-15,2025-02-15 17:00:00,49,NB I,Hungary,2024,15,NEKA,Tatabanya,416,418,36.0,28.0,19.0,15.0,FT,True,home
170611,2025-02-15,2025-02-15 17:00:00,49,NB I,Hungary,2024,15,Szeged,Dabas,417,410,35.0,27.0,16.0,14.0,FT,True,home
170612,2025-02-15,2025-02-15 17:00:00,49,NB I,Hungary,2024,15,Ferencvaros,Komloi,412,415,26.0,21.0,13.0,11.0,FT,True,home
170614,2025-02-16,2025-02-16 18:15:00,49,NB I,Hungary,2024,15,Veszprem,Balatonfuredi,4616,407,47.0,24.0,22.0,14.0,FT,True,home
170615,2025-02-21,2025-02-21 17:00:00,49,NB I,Hungary,2024,16,Eger,PLER,411,447,31.0,36.0,16.0,19.0,FT,True,away
170621,2025-02-22,2025-02-22 14:15:00,49,NB I,Hungary,2024,16,Tatabanya,Ferencvaros,418,412,34.0,37.0,10.0,15.0,FT,True,away
170618,2025-02-22,2025-02-22 16:00:00,49,NB I,Hungary,2024,16,Csurgoi,Gyor,409,442,26.0,22.0,11.0,11.0,FT,True,home
170617,2025-02-22,2025-02-22 17:00:00,49,NB I,Hungary,2024,16,Balatonfuredi,Szeged,407,417,38.0,36.0,21.0,21.0,FT,True,home
170619,2025-02-22,2025-02-22 17:00:00,49,NB I,Hungary,2024,16,Dabas,NEKA,410,416,22.0,25.0,8.0,12.0,FT,True,away
170620,2025-02-22,2025-02-22 17:00:00,49,NB I,Hungary,2024,16,Komloi,Gyongyosi,415,413,29.0,25.0,11.0,15.0,FT,True,home
170616,2025-02-23,2025-02-23 16:00:00,49,NB I,Hungary,2024,16,Budakalasz,Veszprem,408,4616,22.0,38.0,9.0,21.0,FT,True,away
170622,2025-02-28,2025-02-28 16:00:00,49,NB I,Hungary,2024,17,PLER,Csurgoi,447,409,21.0,31.0,11.0,12.0,FT,True,away
170625,2025-02-28,2025-02-28 17:00:00,49,NB I,Hungary,2024,17,Ferencvaros,Dabas,412,410,39.0,29.0,18.0,14.0,FT,True,home
170623,2025-03-01,2025-03-01 17:00:00,49,NB I,Hungary,2024,17,NEKA,Balatonfuredi,416,407,29.0,32.0,17.0,16.0,FT,True,away
170624,2025-03-01,2025-03-01 17:00:00,49,NB I,Hungary,2024,17,Szeged,Budakalasz,417,408,34.0,24.0,16.0,10.0,FT,True,home
170626,2025-03-01,2025-03-01 17:00:00,49,NB I,Hungary,2024,17,Komloi,Tatabanya,415,418,28.0,36.0,16.0,15.0,FT,True,away
170627,2025-03-01,2025-03-01 17:00:00,49,NB I,Hungary,2024,17,Gyongyosi,Gyor,413,442,28.0,26.0,13.0,10.0,FT,True,home
170628,2025-03-01,2025-03-01 17:00:00,49,NB I,Hungary,2024,17,Veszprem,Eger,4616,411,47.0,31.0,24.0,14.0,FT,True,home
170629,2025-03-07,2025-03-07 17:00:00,49,NB I,Hungary,2024,18,Gyor,PLER,442,447,38.0,32.0,19.0,15.0,FT,True,home
170630,2025-03-08,2025-03-08 16:00:00,49,NB I,Hungary,2024,18,Budakalasz,NEKA,408,416,25.0,28.0,13.0,14.0,FT,True,away
170631,2025-03-08,2025-03-08 17:00:00,49,NB I,Hungary,2024,18,Balatonfuredi,Ferencvaros,407,412,27.0,28.0,15.0,15.0,FT,True,away
170632,2025-03-08,2025-03-08 17:00:00,49,NB I,Hungary,2024,18,Dabas,Komloi,410,415,19.0,20.0,10.0,10.0,FT,True,away
170633,2025-03-08,2025-03-08 17:00:00,49,NB I,Hungary,2024,18,Eger,Szeged,411,417,26.0,37.0,11.0,20.0,FT,True,away
170634,2025-03-09,2025-03-09 15:00:00,49,NB I,Hungary,2024,18,Tatabanya,Gyongyosi,418,413,31.0,28.0,17.0,17.0,FT,True,home
170635,2025-03-09,2025-03-09 17:00:00,49,NB I,Hungary,2024,18,Csurgoi,Veszprem,409,4616,29.0,40.0,14.0,19.0,FT,True,away
170641,2025-03-22,2025-03-22 15:00:00,49,NB I,Hungary,2024,19,Veszprem,Gyor,4616,442,44.0,33.0,23.0,18.0,FT,True,home
170636,2025-03-22,2025-03-22 16:00:00,49,NB I,Hungary,2024,19,Szeged,Csurgoi,417,409,42.0,26.0,18.0,15.0,FT,True,home
170637,2025-03-22,2025-03-22 17:00:00,49,NB I,Hungary,2024,19,Ferencvaros,Budakalasz,412,408,38.0,27.0,19.0,15.0,FT,True,home
170639,2025-03-22,2025-03-22 17:00:00,49,NB I,Hungary,2024,19,Komloi,Balatonfuredi,415,407,29.0,29.0,15.0,19.0,FT,True,draw
170640,2025-03-22,2025-03-22 17:00:00,49,NB I,Hungary,2024,19,NEKA,Eger,416,411,29.0,25.0,16.0,15.0,FT,True,home
170642,2025-03-23,2025-03-23 15:00:00,49,NB I,Hungary,2024,19,Tatabanya,Dabas,418,410,32.0,28.0,14.0,14.0,FT,True,home
170638,2025-03-23,2025-03-23 17:00:00,49,NB I,Hungary,2024,19,Gyongyosi,PLER,413,447,29.0,28.0,13.0,16.0,FT,True,home
170666,2025-03-25,2025-03-25 17:00:00,49,NB I,Hungary,2024,23,NEKA,Veszprem,416,4616,29.0,38.0,12.0,22.0,FT,True,away
170643,2025-03-29,2025-03-29 16:00:00,49,NB I,Hungary,2024,20,Budakalasz,Komloi,408,415,26.0,26.0,11.0,15.0,FT,True,draw
170644,2025-03-29,2025-03-29 17:00:00,49,NB I,Hungary,2024,20,PLER,Veszprem,447,4616,20.0,41.0,15.0,21.0,FT,True,away
170645,2025-03-29,2025-03-29 17:00:00,49,NB I,Hungary,2024,20,Eger,Ferencvaros,411,412,22.0,35.0,13.0,17.0,FT,True,away
170648,2025-03-29,2025-03-29 17:00:00,49,NB I,Hungary,2024,20,Balatonfuredi,Tatabanya,407,418,33.0,29.0,19.0,17.0,FT,True,home
170647,2025-03-30,2025-03-30 15:00:00,49,NB I,Hungary,2024,20,Csurgoi,NEKA,409,416,29.0,27.0,17.0,15.0,FT,True,home
170649,2025-03-30,2025-03-30 15:00:00,49,NB I,Hungary,2024,20,Gyor,Szeged,442,417,35.0,33.0,19.0,15.0,FT,True,home
170646,2025-03-30,2025-03-30 16:00:00,49,NB I,Hungary,2024,20,Dabas,Gyongyosi,410,413,27.0,27.0,14.0,11.0,FT,True,draw
170656,2025-04-04,2025-04-04 16:00:00,49,NB I,Hungary,2024,21,Gyongyosi,Veszprem,413,4616,25.0,45.0,12.0,22.0,FT,True,away
170650,2025-04-05,2025-04-05 13:30:00,49,NB I,Hungary,2024,21,Ferencvaros,Csurgoi,412,409,37.0,26.0,19.0,13.0,FT,True,home
170651,2025-04-05,2025-04-05 16:00:00,49,NB I,Hungary,2024,21,Dabas,Balatonfuredi,410,407,27.0,27.0,13.0,10.0,FT,True,draw
170652,2025-04-05,2025-04-05 16:00:00,49,NB I,Hungary,2024,21,Komloi,Eger,415,411,27.0,25.0,15.0,10.0,FT,True,home
170653,2025-04-05,2025-04-05 16:00:00,49,NB I,Hungary,2024,21,NEKA,Gyor,416,442,22.0,28.0,10.0,10.0,FT,True,away
170655,2025-04-05,2025-04-05 16:00:00,49,NB I,Hungary,2024,21,Tatabanya,Budakalasz,418,408,34.0,28.0,14.0,16.0,FT,True,home
170654,2025-04-06,2025-04-06 15:00:00,49,NB I,Hungary,2024,21,Szeged,PLER,417,447,35.0,24.0,19.0,13.0,FT,True,home
170662,2025-04-18,2025-04-18 15:00:00,49,NB I,Hungary,2024,22,Csurgoi,Komloi,409,415,31.0,26.0,13.0,15.0,FT,True,home
170657,2025-04-18,2025-04-18 16:00:00,49,NB I,Hungary,2024,22,PLER,NEKA,447,416,28.0,28.0,14.0,11.0,FT,True,draw
170659,2025-04-18,2025-04-18 16:00:00,49,NB I,Hungary,2024,22,Gyor,Ferencvaros,442,412,37.0,35.0,21.0,21.0,FT,True,home
170658,2025-04-18,2025-04-18 18:15:00,49,NB I,Hungary,2024,22,Veszprem,Szeged,4616,417,36.0,33.0,17.0,17.0,FT,True,home
170660,2025-04-19,2025-04-19 15:00:00,49,NB I,Hungary,2024,22,Budakalasz,Dabas,408,410,27.0,26.0,12.0,13.0,FT,True,home
170661,2025-04-19,2025-04-19 16:00:00,49,NB I,Hungary,2024,22,Balatonfuredi,Gyongyosi,407,413,28.0,29.0,14.0,12.0,FT,True,away
170663,2025-04-19,2025-04-19 16:00:00,49,NB I,Hungary,2024,22,Eger,Tatabanya,411,418,36.0,36.0,16.0,21.0,FT,True,draw
170670,2025-04-25,2025-04-25 16:00:00,49,NB I,Hungary,2024,23,Ferencvaros,PLER,412,447,33.0,28.0,21.0,11.0,FT,True,home
170664,2025-04-26,2025-04-26 16:00:00,49,NB I,Hungary,2024,23,Komloi,Gyor,415,442,32.0,29.0,18.0,17.0,FT,True,home
170665,2025-04-26,2025-04-26 16:00:00,49,NB I,Hungary,2024,23,Tatabanya,Csurgoi,418,409,31.0,28.0,17.0,16.0,FT,True,home
170667,2025-04-26,2025-04-26 16:00:00,49,NB I,Hungary,2024,23,Gyongyosi,Szeged,413,417,27.0,35.0,15.0,20.0,FT,True,away
170668,2025-04-26,2025-04-26 16:00:00,49,NB I,Hungary,2024,23,Dabas,Eger,410,411,31.0,26.0,19.0,14.0,FT,True,home
170669,2025-04-26,2025-04-26 16:00:00,49,NB I,Hungary,2024,23,Balatonfuredi,Budakalasz,407,408,25.0,24.0,14.0,11.0,FT,True,home
170671,2025-05-02,2025-05-02 16:00:00,49,NB I,Hungary,2024,24,PLER,Komloi,447,415,29.0,29.0,15.0,13.0,FT,True,draw
170675,2025-05-03,2025-05-03 13:45:00,49,NB I,Hungary,2024,24,Gyor,Tatabanya,442,418,30.0,39.0,20.0,21.0,FT,True,away
170672,2025-05-03,2025-05-03 15:00:00,49,NB I,Hungary,2024,24,Budakalasz,Gyongyosi,408,413,33.0,26.0,13.0,13.0,FT,True,home
170673,2025-05-03,2025-05-03 16:00:00,49,NB I,Hungary,2024,24,Csurgoi,Dabas,409,410,34.0,27.0,19.0,15.0,FT,True,home
170674,2025-05-03,2025-05-03 16:00:00,49,NB I,Hungary,2024,24,Eger,Balatonfuredi,411,407,26.0,26.0,13.0,11.0,FT,True,draw
170677,2025-05-03,2025-05-03 16:00:00,49,NB I,Hungary,2024,24,Veszprem,Ferencvaros,4616,412,34.0,29.0,16.0,16.0,FT,True,home
170676,2025-05-04,2025-05-04 15:00:00,49,NB I,Hungary,2024,24,Szeged,NEKA,417,416,43.0,33.0,21.0,16.0,FT,True,home
170678,2025-05-18,2025-05-18 15:30:00,49,NB I,Hungary,2024,25,Gyongyosi,NEKA,413,416,29.0,23.0,13.0,9.0,FT,True,home
170679,2025-05-18,2025-05-18 15:30:00,49,NB I,Hungary,2024,25,Tatabanya,PLER,418,447,34.0,28.0,14.0,13.0,FT,True,home
170680,2025-05-18,2025-05-18 15:30:00,49,NB I,Hungary,2024,25,Komloi,Veszprem,415,4616,26.0,37.0,16.0,20.0,FT,True,away
170681,2025-05-18,2025-05-18 15:30:00,49,NB I,Hungary,2024,25,Budakalasz,Eger,408,411,31.0,23.0,16.0,12.0,FT,True,home
170682,2025-05-18,2025-05-18 15:30:00,49,NB I,Hungary,2024,25,Ferencvaros,Szeged,412,417,32.0,40.0,16.0,17.0,FT,True,away
170683,2025-05-18,2025-05-18 15:30:00,49,NB I,Hungary,2024,25,Dabas,Gyor,410,442,30.0,29.0,12.0,15.0,FT,True,home
170684,2025-05-18,2025-05-18 15:30:00,49,NB I,Hungary,2024,25,Balatonfuredi,Csurgoi,407,409,28.0,26.0,15.0,12.0,FT,True,home
170685,2025-05-25,2025-05-25 16:00:00,49,NB I,Hungary,2024,26,Csurgoi,Budakalasz,409,408,26.0,22.0,13.0,12.0,FT,True,home
170686,2025-05-25,2025-05-25 16:00:00,49,NB I,Hungary,2024,26,Eger,Gyongyosi,411,413,31.0,32.0,15.0,17.0,FT,True,away
170687,2025-05-25,2025-05-25 16:00:00,49,NB I,Hungary,2024,26,Gyor,Balatonfuredi,442,407,29.0,29.0,16.0,14.0,FT,True,draw
170688,2025-05-25,2025-05-25 16:00:00,49,NB I,Hungary,2024,26,NEKA,Ferencvaros,416,412,33.0,36.0,13.0,19.0,FT,True,away
170689,2025-05-25,2025-05-25 16:00:00,49,NB I,Hungary,2024,26,PLER,Dabas,447,410,30.0,24.0,14.0,9.0,FT,True,home
170690,2025-05-25,2025-05-25 16:00:00,49,NB I,Hungary,2024,26,Szeged,Komloi,417,415,38.0,27.0,23.0,14.0,FT,True,home
170691,2025-05-25,2025-05-25 16:00:00,49,NB I,Hungary,2024,26,Veszprem,Tatabanya,4616,418,36.0,30.0,21.0,14.0,FT,True,home
176880,2025-05-30,2025-05-30 17:15:00,49,NB I,Hungary,2024,Final,Veszprem,Szeged,4616,417,34.0,32.0,14.0,16.0,FT,True,home
176881,2025-06-04,2025-06-04 16:30:00,49,NB I,Hungary,2024,Final,Szeged,Veszprem,417,4616,32.0,28.0,15.0,12.0,FT,True,home
177222,2025-06-08,2025-06-08 15:45:00,49,NB I,Hungary,2024,Final,Veszprem,Szeged,4616,417,34.0,31.0,17.0,15.0,FT,True,home
161943,2024-09-01,2024-09-01 14:45:00,75,REMA 1000-ligaen,Norway,2024,,Runar,Kolstad,646,639,34.0,37.0,16.0,22.0,FT,True,away
161945,2024-09-01,2024-09-01 16:00:00,75,REMA 1000-ligaen,Norway,2024,,Follo,Naerbo,608,643,31.0,27.0,16.0,10.0,FT,True,home
161946,2024-09-01,2024-09-01 16:00:00,75,REMA 1000-ligaen,Norway,2024,,Haslum HK,Arendal,638,629,26.0,33.0,13.0,15.0,FT,True,away
161947,2024-09-01,2024-09-01 16:00:00,75,REMA 1000-ligaen,Norway,2024,,Halden,Baekkelaget,674,632,27.0,26.0,13.0,15.0,FT,True,home
161948,2024-09-04,2024-09-04 16:00:00,75,REMA 1000-ligaen,Norway,2024,,Drammen,Fjellhammer,635,637,27.0,23.0,13.0,12.0,FT,True,home
161949,2024-09-04,2024-09-04 16:00:00,75,REMA 1000-ligaen,Norway,2024,,Sandnes,Bergen,611,2067,27.0,29.0,10.0,12.0,FT,True,away
161950,2024-09-07,2024-09-07 14:00:00,75,REMA 1000-ligaen,Norway,2024,,Bergen,Kolstad,2067,639,30.0,36.0,16.0,13.0,FT,True,away
161951,2024-09-07,2024-09-07 15:00:00,75,REMA 1000-ligaen,Norway,2024,,Arendal,Sandnes,629,611,32.0,29.0,16.0,10.0,FT,True,home
161952,2024-09-07,2024-09-07 18:00:00,75,REMA 1000-ligaen,Norway,2024,,Runar,Follo,646,608,38.0,26.0,16.0,13.0,FT,True,home
161953,2024-09-08,2024-09-08 16:00:00,75,REMA 1000-ligaen,Norway,2024,,Fjellhammer,Halden,637,674,26.0,30.0,15.0,14.0,FT,True,away
161956,2024-09-08,2024-09-08 16:00:00,75,REMA 1000-ligaen,Norway,2024,,Baekkelaget,Kristiansand,632,640,23.0,30.0,14.0,16.0,FT,True,away
161954,2024-09-08,2024-09-08 16:15:00,75,REMA 1000-ligaen,Norway,2024,,Naerbo,Drammen,643,635,26.0,31.0,12.0,21.0,FT,True,away
161958,2024-09-11,2024-09-11 16:00:00,75,REMA 1000-ligaen,Norway,2024,,Drammen,Follo,635,608,28.0,22.0,11.0,12.0,FT,True,home
161955,2024-09-12,2024-09-12 17:15:00,75,REMA 1000-ligaen,Norway,2024,,Elverum,Haslum HK,636,638,45.0,28.0,21.0,11.0,FT,True,home
161959,2024-09-15,2024-09-15 14:30:00,75,REMA 1000-ligaen,Norway,2024,,Halden,Naerbo,674,643,27.0,18.0,13.0,10.0,FT,True,home
161957,2024-09-15,2024-09-15 16:00:00,75,REMA 1000-ligaen,Norway,2024,,Haslum HK,Baekkelaget,638,632,18.0,30.0,8.0,12.0,FT,True,away
161961,2024-09-15,2024-09-15 16:00:00,75,REMA 1000-ligaen,Norway,2024,,Kristiansand,Fjellhammer,640,637,35.0,21.0,11.0,8.0,FT,True,home
161962,2024-09-15,2024-09-15 16:00:00,75,REMA 1000-ligaen,Norway,2024,,Runar,Bergen,646,2067,39.0,42.0,17.0,22.0,FT,True,away
161963,2024-09-15,2024-09-15 16:00:00,75,REMA 1000-ligaen,Norway,2024,,Sandnes,Elverum,611,636,28.0,42.0,14.0,25.0,FT,True,away
161960,2024-09-15,2024-09-15 17:15:00,75,REMA 1000-ligaen,Norway,2024,,Kolstad,Arendal,639,629,40.0,32.0,19.0,14.0,FT,True,home
161964,2024-09-18,2024-09-18 16:00:00,75,REMA 1000-ligaen,Norway,2024,,Drammen,Kristiansand,635,640,34.0,24.0,15.0,11.0,FT,True,home
161965,2024-09-22,2024-09-22 16:00:00,75,REMA 1000-ligaen,Norway,2024,,Naerbo,Sandnes,643,611,33.0,25.0,14.0,11.0,FT,True,home
161966,2024-09-22,2024-09-22 16:00:00,75,REMA 1000-ligaen,Norway,2024,,Follo,Haslum HK,608,638,34.0,24.0,16.0,12.0,FT,True,home
161967,2024-09-22,2024-09-22 16:00:00,75,REMA 1000-ligaen,Norway,2024,,Fjellhammer,Kolstad,637,639,24.0,35.0,15.0,18.0,FT,True,away
161969,2024-09-22,2024-09-22 16:00:00,75,REMA 1000-ligaen,Norway,2024,,Baekkelaget,Bergen,632,2067,26.0,28.0,15.0,13.0,FT,True,away
161970,2024-09-22,2024-09-22 16:00:00,75,REMA 1000-ligaen,Norway,2024,,Halden,Runar,674,646,34.0,25.0,16.0,16.0,FT,True,home
161968,2024-09-22,2024-09-22 17:15:00,75,REMA 1000-ligaen,Norway,2024,,Elverum,Arendal,636,629,33.0,28.0,18.0,15.0,FT,True,home
161971,2024-09-25,2024-09-25 16:00:00,75,REMA 1000-ligaen,Norway,2024,,Sandnes,Follo,611,608,27.0,23.0,14.0,11.0,FT,True,home
161944,2024-09-25,2024-09-25 16:30:00,75,REMA 1000-ligaen,Norway,2024,,Kristiansand,Elverum,640,636,25.0,27.0,12.0,15.0,FT,True,away
161972,2024-09-25,2024-09-25 17:00:00,75,REMA 1000-ligaen,Norway,2024,,Haslum HK,Drammen,638,635,34.0,29.0,14.0,14.0,FT,True,home
161973,2024-10-02,2024-10-02 16:00:00,75,REMA 1000-ligaen,Norway,2024,,Bergen,Fjellhammer,2067,637,30.0,28.0,14.0,10.0,FT,True,home
161974,2024-10-02,2024-10-02 16:00:00,75,REMA 1000-ligaen,Norway,2024,,Kolstad,Naerbo,639,643,30.0,27.0,14.0,13.0,FT,True,home
161977,2024-10-02,2024-10-02 16:15:00,75,REMA 1000-ligaen,Norway,2024,,Runar,Elverum,646,636,35.0,39.0,18.0,20.0,FT,True,away
161975,2024-10-02,2024-10-02 16:30:00,75,REMA 1000-ligaen,Norway,2024,,Kristiansand,Halden,640,674,31.0,27.0,17.0,16.0,FT,True,home
161976,2024-10-02,2024-10-02 16:30:00,75,REMA 1000-ligaen,Norway,2024,,Arendal,Baekkelaget,629,632,25.0,28.0,12.0,15.0,FT,True,away
161978,2024-10-05,2024-10-05 14:45:00,75,REMA 1000-ligaen,Norway,2024,,Elverum,Kolstad,636,639,30.0,28.0,15.0,15.0,FT,True,home
161979,2024-10-06,2024-10-06 15:00:00,75,REMA 1000-ligaen,Norway,2024,,Arendal,Bergen,629,2067,33.0,33.0,18.0,16.0,FT,True,draw
161980,2024-10-06,2024-10-06 16:00:00,75,REMA 1000-ligaen,Norway,2024,,Baekkelaget,Sandnes,632,611,27.0,23.0,13.0,15.0,FT,True,home
161981,2024-10-06,2024-10-06 16:00:00,75,REMA 1000-ligaen,Norway,2024,,Fjellhammer,Haslum HK,637,638,27.0,25.0,8.0,11.0,FT,True,home
161982,2024-10-06,2024-10-06 16:00:00,75,REMA 1000-ligaen,Norway,2024,,Follo,Halden,608,674,29.0,27.0,12.0,12.0,FT,True,home
161983,2024-10-06,2024-10-06 16:00:00,75,REMA 1000-ligaen,Norway,2024,,Naerbo,Kristiansand,643,640,28.0,25.0,13.0,10.0,FT,True,home
161984,2024-10-09,2024-10-09 16:15:00,75,REMA 1000-ligaen,Norway,2024,,Drammen,Runar,635,646,32.0,34.0,16.0,20.0,FT,True,away
161997,2024-10-16,2024-10-16 16:00:00,75,REMA 1000-ligaen,Norway,2024,,Drammen,Sandnes,635,611,38.0,23.0,19.0,9.0,FT,True,home
161986,2024-10-16,2024-10-16 16:15:00,75,REMA 1000-ligaen,Norway,2024,,Runar,Arendal,646,629,37.0,27.0,19.0,13.0,FT,True,home
161985,2024-10-17,2024-10-17 16:00:00,75,REMA 1000-ligaen,Norway,2024,,Haslum HK,Naerbo,638,643,25.0,37.0,12.0,14.0,FT,True,away
161987,2024-10-19,2024-10-19 14:00:00,75,REMA 1000-ligaen,Norway,2024,,Bergen,Elverum,2067,636,25.0,29.0,12.0,13.0,FT,True,away
161988,2024-10-20,2024-10-20 16:00:00,75,REMA 1000-ligaen,Norway,2024,,Sandnes,Fjellhammer,611,637,34.0,25.0,15.0,12.0,FT,True,home
161989,2024-10-20,2024-10-20 16:00:00,75,REMA 1000-ligaen,Norway,2024,,Kristiansand,Follo,640,608,35.0,36.0,15.0,14.0,FT,True,away
161990,2024-10-20,2024-10-20 16:00:00,75,REMA 1000-ligaen,Norway,2024,,Kolstad,Baekkelaget,639,632,35.0,21.0,17.0,8.0,FT,True,home
161991,2024-10-20,2024-10-20 16:00:00,75,REMA 1000-ligaen,Norway,2024,,Halden,Drammen,674,635,32.0,28.0,14.0,16.0,FT,True,home
161992,2024-10-23,2024-10-23 16:00:00,75,REMA 1000-ligaen,Norway,2024,,Fjellhammer,Arendal,637,629,38.0,35.0,22.0,22.0,FT,True,home
161993,2024-10-24,2024-10-24 16:30:00,75,REMA 1000-ligaen,Norway,2024,,Kristiansand,Runar,640,646,21.0,32.0,11.0,16.0,FT,True,away
161994,2024-10-26,2024-10-26 15:00:00,75,REMA 1000-ligaen,Norway,2024,,Baekkelaget,Elverum,632,636,20.0,35.0,10.0,15.0,FT,True,away
161995,2024-10-27,2024-10-27 13:00:00,75,REMA 1000-ligaen,Norway,2024,,Halden,Haslum HK,674,638,32.0,30.0,14.0,14.0,FT,True,home
161996,2024-10-27,2024-10-27 16:00:00,75,REMA 1000-ligaen,Norway,2024,,Naerbo,Bergen,643,2067,30.0,32.0,18.0,14.0,FT,True,away
161998,2024-10-27,2024-10-27 17:00:00,75,REMA 1000-ligaen,Norway,2024,,Follo,Kolstad,608,639,26.0,33.0,12.0,15.0,FT,True,away
161999,2024-10-30,2024-10-30 17:00:00,75,REMA 1000-ligaen,Norway,2024,,Follo,Arendal,608,629,26.0,38.0,15.0,15.0,FT,True,away
162000,2024-11-02,2024-11-02 15:00:00,75,REMA 1000-ligaen,Norway,2024,,Bergen,Follo,2067,608,32.0,28.0,15.0,12.0,FT,True,home
162001,2024-11-02,2024-11-02 16:00:00,75,REMA 1000-ligaen,Norway,2024,,Arendal,Naerbo,629,643,33.0,33.0,18.0,15.0,FT,True,draw
162005,2024-11-02,2024-11-02 17:30:00,75,REMA 1000-ligaen,Norway,2024,,Kolstad,Drammen,639,635,31.0,26.0,15.0,14.0,FT,True,home
162002,2024-11-03,2024-11-03 16:00:00,75,REMA 1000-ligaen,Norway,2024,,Runar,Baekkelaget,646,632,32.0,28.0,14.0,14.0,FT,True,home
162003,2024-11-03,2024-11-03 17:00:00,75,REMA 1000-ligaen,Norway,2024,,Elverum,Fjellhammer,636,637,35.0,26.0,17.0,9.0,FT,True,home
162004,2024-11-03,2024-11-03 17:00:00,75,REMA 1000-ligaen,Norway,2024,,Haslum HK,Kristiansand,638,640,30.0,36.0,17.0,22.0,FT,True,away
162006,2024-11-03,2024-11-03 17:00:00,75,REMA 1000-ligaen,Norway,2024,,Sandnes,Halden,611,674,31.0,29.0,15.0,16.0,FT,True,home
162007,2024-11-16,2024-11-16 14:00:00,75,REMA 1000-ligaen,Norway,2024,,Halden,Kolstad,674,639,22.0,26.0,9.0,12.0,FT,True,away
162013,2024-11-17,2024-11-17 15:00:00,75,REMA 1000-ligaen,Norway,2024,,Arendal,Drammen,629,635,32.0,30.0,15.0,14.0,FT,True,home
162008,2024-11-17,2024-11-17 16:30:00,75,REMA 1000-ligaen,Norway,2024,,Naerbo,Elverum,643,636,29.0,38.0,12.0,21.0,FT,True,away
162009,2024-11-17,2024-11-17 17:00:00,75,REMA 1000-ligaen,Norway,2024,,Haslum HK,Runar,638,646,24.0,31.0,10.0,15.0,FT,True,away
162010,2024-11-17,2024-11-17 17:00:00,75,REMA 1000-ligaen,Norway,2024,,Kristiansand,Sandnes,640,611,32.0,29.0,15.0,14.0,FT,True,home
162012,2024-11-17,2024-11-17 17:00:00,75,REMA 1000-ligaen,Norway,2024,,Fjellhammer,Baekkelaget,637,632,24.0,24.0,11.0,12.0,FT,True,draw
162014,2024-11-20,2024-11-20 17:30:00,75,REMA 1000-ligaen,Norway,2024,,Runar,Fjellhammer,646,637,34.0,22.0,17.0,11.0,FT,True,home
162015,2024-11-22,2024-11-22 17:00:00,75,REMA 1000-ligaen,Norway,2024,,Elverum,Follo,636,608,26.0,26.0,13.0,11.0,FT,True,draw
162016,2024-11-24,2024-11-24 16:30:00,75,REMA 1000-ligaen,Norway,2024,,Sandnes,Haslum HK,611,638,28.0,27.0,14.0,12.0,FT,True,home
162017,2024-11-24,2024-11-24 17:00:00,75,REMA 1000-ligaen,Norway,2024,,Baekkelaget,Naerbo,632,643,21.0,22.0,10.0,11.0,FT,True,away
162018,2024-11-24,2024-11-24 17:00:00,75,REMA 1000-ligaen,Norway,2024,,Kolstad,Kristiansand,639,640,37.0,25.0,17.0,14.0,FT,True,home
162019,2024-11-24,2024-11-24 17:30:00,75,REMA 1000-ligaen,Norway,2024,,Bergen,Halden,2067,674,28.0,27.0,13.0,12.0,FT,True,home
162011,2024-11-27,2024-11-27 16:30:00,75,REMA 1000-ligaen,Norway,2024,,Drammen,Bergen,635,2067,30.0,30.0,16.0,18.0,FT,True,draw
162026,2024-11-27,2024-11-27 17:00:00,75,REMA 1000-ligaen,Norway,2024,,Follo,Baekkelaget,608,632,28.0,28.0,12.0,11.0,FT,True,draw
162020,2024-11-27,2024-11-27 17:30:00,75,REMA 1000-ligaen,Norway,2024,,Sandnes,Runar,611,646,29.0,30.0,13.0,15.0,FT,True,away
162021,2024-12-01,2024-12-01 16:00:00,75,REMA 1000-ligaen,Norway,2024,,Naerbo,Fjellhammer,643,637,29.0,28.0,14.0,15.0,FT,True,home
162022,2024-12-01,2024-12-01 16:30:00,75,REMA 1000-ligaen,Norway,2024,,Kristiansand,Bergen,640,2067,28.0,29.0,17.0,15.0,FT,True,away
162023,2024-12-01,2024-12-01 17:00:00,75,REMA 1000-ligaen,Norway,2024,,Haslum HK,Kolstad,638,639,32.0,42.0,13.0,21.0,FT,True,away
162025,2024-12-01,2024-12-01 17:00:00,75,REMA 1000-ligaen,Norway,2024,,Elverum,Halden,636,674,34.0,27.0,17.0,11.0,FT,True,home
162024,2024-12-01,2024-12-01 18:30:00,75,REMA 1000-ligaen,Norway,2024,,Drammen,Baekkelaget,635,632,33.0,28.0,17.0,11.0,FT,True,home
162027,2024-12-04,2024-12-04 17:30:00,75,REMA 1000-ligaen,Norway,2024,,Halden,Arendal,674,629,29.0,22.0,14.0,9.0,FT,True,home
162029,2024-12-06,2024-12-06 17:15:00,75,REMA 1000-ligaen,Norway,2024,,Drammen,Elverum,635,636,26.0,27.0,14.0,15.0,FT,True,away
162028,2024-12-07,2024-12-07 17:00:00,75,REMA 1000-ligaen,Norway,2024,,Fjellhammer,Follo,637,608,31.0,28.0,14.0,12.0,FT,True,home
162030,2024-12-08,2024-12-08 16:00:00,75,REMA 1000-ligaen,Norway,2024,,Arendal,Kristiansand,629,640,39.0,36.0,18.0,18.0,FT,True,home
162031,2024-12-08,2024-12-08 16:00:00,75,REMA 1000-ligaen,Norway,2024,,Runar,Naerbo,646,643,40.0,33.0,21.0,15.0,FT,True,home
162032,2024-12-08,2024-12-08 17:00:00,75,REMA 1000-ligaen,Norway,2024,,Kolstad,Sandnes,639,611,35.0,28.0,13.0,15.0,FT,True,home
162033,2024-12-08,2024-12-08 17:30:00,75,REMA 1000-ligaen,Norway,2024,,Bergen,Haslum HK,2067,638,35.0,29.0,16.0,11.0,FT,True,home
162034,2024-12-11,2024-12-11 16:50:00,75,REMA 1000-ligaen,Norway,2024,,Naerbo,Follo,643,608,34.0,32.0,15.0,15.0,FT,True,home
162035,2024-12-11,2024-12-11 17:00:00,75,REMA 1000-ligaen,Norway,2024,,Bergen,Sandnes,2067,611,36.0,23.0,16.0,12.0,FT,True,home
162036,2024-12-11,2024-12-11 17:00:00,75,REMA 1000-ligaen,Norway,2024,,Kolstad,Runar,639,646,37.0,31.0,18.0,15.0,FT,True,home
162037,2024-12-11,2024-12-11 17:00:00,75,REMA 1000-ligaen,Norway,2024,,Elverum,Kristiansand,636,640,35.0,25.0,19.0,13.0,FT,True,home
162038,2024-12-11,2024-12-11 17:30:00,75,REMA 1000-ligaen,Norway,2024,,Arendal,Haslum HK,629,638,38.0,29.0,20.0,12.0,FT,True,home
162039,2024-12-11,2024-12-11 17:30:00,75,REMA 1000-ligaen,Norway,2024,,Baekkelaget,Halden,632,674,20.0,24.0,9.0,17.0,FT,True,away
162040,2024-12-11,2024-12-11 17:30:00,75,REMA 1000-ligaen,Norway,2024,,Fjellhammer,Drammen,637,635,27.0,28.0,13.0,9.0,FT,True,away
162041,2024-12-14,2024-12-14 15:00:00,75,REMA 1000-ligaen,Norway,2024,,Drammen,Naerbo,635,643,31.0,39.0,19.0,20.0,FT,True,away
162042,2024-12-14,2024-12-14 15:00:00,75,REMA 1000-ligaen,Norway,2024,,Follo,Runar,608,646,30.0,34.0,17.0,17.0,FT,True,away
162047,2024-12-14,2024-12-14 15:00:00,75,REMA 1000-ligaen,Norway,2024,,Halden,Fjellhammer,674,637,28.0,26.0,17.0,13.0,FT,True,home
162043,2024-12-14,2024-12-14 16:00:00,75,REMA 1000-ligaen,Norway,2024,,Sandnes,Arendal,611,629,29.0,28.0,17.0,13.0,FT,True,home
162044,2024-12-14,2024-12-14 17:00:00,75,REMA 1000-ligaen,Norway,2024,,Kristiansand,Baekkelaget,640,632,32.0,24.0,18.0,10.0,FT,True,home
162045,2024-12-14,2024-12-14 17:00:00,75,REMA 1000-ligaen,Norway,2024,,Kolstad,Bergen,639,2067,36.0,31.0,22.0,13.0,FT,True,home
162046,2024-12-14,2024-12-14 17:00:00,75,REMA 1000-ligaen,Norway,2024,,Haslum HK,Elverum,638,636,28.0,39.0,14.0,22.0,FT,True,away
162048,2024-12-17,2024-12-17 17:15:00,75,REMA 1000-ligaen,Norway,2024,,Arendal,Kolstad,629,639,33.0,32.0,13.0,14.0,FT,True,home
162050,2024-12-18,2024-12-18 17:00:00,75,REMA 1000-ligaen,Norway,2024,,Elverum,Sandnes,636,611,36.0,24.0,18.0,10.0,FT,True,home
162051,2024-12-18,2024-12-18 17:00:00,75,REMA 1000-ligaen,Norway,2024,,Follo,Drammen,608,635,34.0,28.0,16.0,14.0,FT,True,home
162052,2024-12-18,2024-12-18 17:00:00,75,REMA 1000-ligaen,Norway,2024,,Naerbo,Halden,643,674,27.0,24.0,15.0,12.0,FT,True,home
162049,2024-12-18,2024-12-18 17:15:00,75,REMA 1000-ligaen,Norway,2024,,Bergen,Runar,2067,646,33.0,33.0,14.0,14.0,FT,True,draw
162053,2024-12-18,2024-12-18 17:30:00,75,REMA 1000-ligaen,Norway,2024,,Baekkelaget,Haslum HK,632,638,29.0,25.0,13.0,15.0,FT,True,home
162054,2024-12-18,2024-12-18 17:30:00,75,REMA 1000-ligaen,Norway,2024,,Fjellhammer,Kristiansand,637,640,23.0,23.0,12.0,12.0,FT,True,draw
162056,2024-12-21,2024-12-21 13:15:00,75,REMA 1000-ligaen,Norway,2024,,Runar,Drammen,646,635,27.0,33.0,7.0,14.0,FT,True,away
162055,2024-12-21,2024-12-21 14:00:00,75,REMA 1000-ligaen,Norway,2024,,Sandnes,Baekkelaget,611,632,28.0,19.0,14.0,12.0,FT,True,home
162057,2024-12-21,2024-12-21 15:00:00,75,REMA 1000-ligaen,Norway,2024,,Kristiansand,Naerbo,640,643,23.0,28.0,10.0,17.0,FT,True,away
162058,2024-12-21,2024-12-21 15:00:00,75,REMA 1000-ligaen,Norway,2024,,Halden,Follo,674,608,30.0,28.0,16.0,10.0,FT,True,home
162061,2024-12-21,2024-12-21 15:15:00,75,REMA 1000-ligaen,Norway,2024,,Kolstad,Elverum,639,636,32.0,29.0,15.0,12.0,FT,True,home
162059,2024-12-21,2024-12-21 17:00:00,75,REMA 1000-ligaen,Norway,2024,,Bergen,Arendal,2067,629,34.0,34.0,18.0,17.0,FT,True,draw
162060,2024-12-21,2024-12-21 17:00:00,75,REMA 1000-ligaen,Norway,2024,,Haslum HK,Fjellhammer,638,637,33.0,25.0,15.0,12.0,FT,True,home
162062,2025-02-05,2025-02-05 16:45:00,75,REMA 1000-ligaen,Norway,2024,,Fjellhammer,Sandnes,637,611,28.0,24.0,15.0,12.0,FT,True,home
162063,2025-02-05,2025-02-05 17:00:00,75,REMA 1000-ligaen,Norway,2024,,Drammen,Halden,635,674,29.0,24.0,15.0,10.0,FT,True,home
162064,2025-02-05,2025-02-05 17:00:00,75,REMA 1000-ligaen,Norway,2024,,Follo,Kristiansand,608,640,32.0,27.0,17.0,12.0,FT,True,home
162065,2025-02-05,2025-02-05 17:00:00,75,REMA 1000-ligaen,Norway,2024,,Naerbo,Haslum HK,643,638,33.0,30.0,13.0,16.0,FT,True,home
162066,2025-02-05,2025-02-05 17:30:00,75,REMA 1000-ligaen,Norway,2024,,Baekkelaget,Kolstad,632,639,24.0,29.0,10.0,18.0,FT,True,away
162067,2025-02-06,2025-02-06 17:15:00,75,REMA 1000-ligaen,Norway,2024,,Elverum,Runar,636,646,37.0,28.0,16.0,12.0,FT,True,home
162070,2025-02-08,2025-02-08 14:00:00,75,REMA 1000-ligaen,Norway,2024,,Kolstad,Fjellhammer,639,637,29.0,22.0,14.0,7.0,FT,True,home
162071,2025-02-08,2025-02-08 15:00:00,75,REMA 1000-ligaen,Norway,2024,,Kristiansand,Drammen,640,635,27.0,34.0,14.0,18.0,FT,True,away
162068,2025-02-09,2025-02-09 16:45:00,75,REMA 1000-ligaen,Norway,2024,,Arendal,Elverum,629,636,22.0,30.0,12.0,15.0,FT,True,away
162069,2025-02-09,2025-02-09 17:00:00,75,REMA 1000-ligaen,Norway,2024,,Bergen,Baekkelaget,2067,632,31.0,29.0,16.0,13.0,FT,True,home
162072,2025-02-09,2025-02-09 17:00:00,75,REMA 1000-ligaen,Norway,2024,,Runar,Halden,646,674,34.0,32.0,19.0,21.0,FT,True,home
162073,2025-02-09,2025-02-09 17:00:00,75,REMA 1000-ligaen,Norway,2024,,Sandnes,Naerbo,611,643,29.0,34.0,16.0,18.0,FT,True,away
162074,2025-02-12,2025-02-12 17:00:00,75,REMA 1000-ligaen,Norway,2024,,Fjellhammer,Bergen,637,2067,25.0,24.0,13.0,8.0,FT,True,home
162077,2025-02-12,2025-02-12 17:00:00,75,REMA 1000-ligaen,Norway,2024,,Drammen,Haslum HK,635,638,34.0,29.0,17.0,17.0,FT,True,home
162076,2025-02-13,2025-02-13 17:15:00,75,REMA 1000-ligaen,Norway,2024,,Arendal,Runar,629,646,23.0,26.0,9.0,14.0,FT,True,away
162078,2025-02-16,2025-02-16 15:15:00,75,REMA 1000-ligaen,Norway,2024,,Naerbo,Kolstad,643,639,26.0,30.0,15.0,15.0,FT,True,away
162079,2025-02-16,2025-02-16 17:00:00,75,REMA 1000-ligaen,Norway,2024,,Halden,Kristiansand,674,640,25.0,23.0,10.0,13.0,FT,True,home
162081,2025-02-16,2025-02-16 17:00:00,75,REMA 1000-ligaen,Norway,2024,,Baekkelaget,Arendal,632,629,33.0,38.0,17.0,18.0,FT,True,away
162082,2025-02-16,2025-02-16 17:00:00,75,REMA 1000-ligaen,Norway,2024,,Follo,Sandnes,608,611,31.0,31.0,12.0,13.0,FT,True,draw
162080,2025-02-16,2025-02-16 17:15:00,75,REMA 1000-ligaen,Norway,2024,,Elverum,Bergen,636,2067,35.0,28.0,16.0,13.0,FT,True,home
162089,2025-02-19,2025-02-19 17:00:00,75,REMA 1000-ligaen,Norway,2024,,Sandnes,Drammen,611,635,28.0,32.0,13.0,13.0,FT,True,away
162088,2025-02-19,2025-02-19 17:30:00,75,REMA 1000-ligaen,Norway,2024,,Runar,Kristiansand,646,640,33.0,28.0,19.0,13.0,FT,True,home
162084,2025-02-22,2025-02-22 15:00:00,75,REMA 1000-ligaen,Norway,2024,,Elverum,Baekkelaget,636,632,36.0,21.0,16.0,10.0,FT,True,home
162083,2025-02-22,2025-02-22 17:15:00,75,REMA 1000-ligaen,Norway,2024,,Bergen,Naerbo,2067,643,28.0,28.0,15.0,12.0,FT,True,draw
162085,2025-02-23,2025-02-23 16:00:00,75,REMA 1000-ligaen,Norway,2024,,Arendal,Fjellhammer,629,637,30.0,26.0,12.0,14.0,FT,True,home
162086,2025-02-23,2025-02-23 17:00:00,75,REMA 1000-ligaen,Norway,2024,,Haslum HK,Halden,638,674,28.0,30.0,14.0,15.0,FT,True,away
162087,2025-02-23,2025-02-23 17:00:00,75,REMA 1000-ligaen,Norway,2024,,Kolstad,Follo,639,608,43.0,30.0,21.0,18.0,FT,True,home
162075,2025-02-26,2025-02-26 17:00:00,75,REMA 1000-ligaen,Norway,2024,,Haslum HK,Follo,638,608,31.0,30.0,13.0,10.0,FT,True,home
162090,2025-02-28,2025-02-28 16:30:00,75,REMA 1000-ligaen,Norway,2024,,Halden,Sandnes,674,611,30.0,28.0,12.0,16.0,FT,True,home
162091,2025-03-02,2025-03-02 17:00:00,75,REMA 1000-ligaen,Norway,2024,,Kristiansand,Haslum HK,640,638,29.0,21.0,14.0,9.0,FT,True,home
162092,2025-03-02,2025-03-02 17:00:00,75,REMA 1000-ligaen,Norway,2024,,Naerbo,Arendal,643,629,30.0,30.0,17.0,13.0,FT,True,draw
162093,2025-03-02,2025-03-02 17:00:00,75,REMA 1000-ligaen,Norway,2024,,Baekkelaget,Runar,632,646,27.0,38.0,11.0,17.0,FT,True,away
162094,2025-03-02,2025-03-02 17:00:00,75,REMA 1000-ligaen,Norway,2024,,Follo,Bergen,608,2067,22.0,40.0,7.0,21.0,FT,True,away
162095,2025-03-02,2025-03-02 17:00:00,75,REMA 1000-ligaen,Norway,2024,,Fjellhammer,Elverum,637,636,21.0,28.0,10.0,12.0,FT,True,away
162096,2025-03-02,2025-03-02 17:15:00,75,REMA 1000-ligaen,Norway,2024,,Drammen,Kolstad,635,639,29.0,36.0,16.0,16.0,FT,True,away
162097,2025-03-05,2025-03-05 16:30:00,75,REMA 1000-ligaen,Norway,2024,,Bergen,Drammen,2067,635,32.0,35.0,21.0,19.0,FT,True,away
162098,2025-03-05,2025-03-05 17:30:00,75,REMA 1000-ligaen,Norway,2024,,Runar,Haslum HK,646,638,35.0,26.0,16.0,12.0,FT,True,home
162099,2025-03-09,2025-03-09 16:00:00,75,REMA 1000-ligaen,Norway,2024,,Arendal,Follo,629,608,36.0,32.0,16.0,16.0,FT,True,home
162100,2025-03-09,2025-03-09 16:00:00,75,REMA 1000-ligaen,Norway,2024,,Kolstad,Halden,639,674,33.0,31.0,16.0,15.0,FT,True,home
162101,2025-03-09,2025-03-09 17:00:00,75,REMA 1000-ligaen,Norway,2024,,Sandnes,Kristiansand,611,640,28.0,26.0,16.0,12.0,FT,True,home
162103,2025-03-09,2025-03-09 17:00:00,75,REMA 1000-ligaen,Norway,2024,,Baekkelaget,Fjellhammer,632,637,28.0,27.0,15.0,14.0,FT,True,home
162102,2025-03-09,2025-03-09 17:15:00,75,REMA 1000-ligaen,Norway,2024,,Elverum,Drammen,636,635,36.0,25.0,21.0,13.0,FT,True,home
162105,2025-03-19,2025-03-19 16:30:00,75,REMA 1000-ligaen,Norway,2024,,Fjellhammer,Runar,637,646,36.0,27.0,19.0,9.0,FT,True,home
162104,2025-03-22,2025-03-22 19:00:00,75,REMA 1000-ligaen,Norway,2024,,Follo,Elverum,608,636,24.0,33.0,12.0,18.0,FT,True,away
162106,2025-03-23,2025-03-23 16:00:00,75,REMA 1000-ligaen,Norway,2024,,Halden,Bergen,674,2067,32.0,32.0,15.0,18.0,FT,True,draw
162107,2025-03-23,2025-03-23 17:00:00,75,REMA 1000-ligaen,Norway,2024,,Drammen,Arendal,635,629,30.0,34.0,13.0,14.0,FT,True,away
162108,2025-03-23,2025-03-23 17:00:00,75,REMA 1000-ligaen,Norway,2024,,Haslum HK,Sandnes,638,611,23.0,30.0,10.0,13.0,FT,True,away
162109,2025-03-23,2025-03-23 17:00:00,75,REMA 1000-ligaen,Norway,2024,,Kristiansand,Kolstad,640,639,28.0,33.0,12.0,15.0,FT,True,away
162110,2025-03-23,2025-03-23 17:00:00,75,REMA 1000-ligaen,Norway,2024,,Naerbo,Baekkelaget,643,632,30.0,29.0,20.0,15.0,FT,True,home
162111,2025-03-26,2025-03-26 17:00:00,75,REMA 1000-ligaen,Norway,2024,,Fjellhammer,Naerbo,637,643,29.0,27.0,14.0,10.0,FT,True,home
162112,2025-03-26,2025-03-26 17:30:00,75,REMA 1000-ligaen,Norway,2024,,Baekkelaget,Follo,632,608,32.0,34.0,15.0,15.0,FT,True,away
162113,2025-03-26,2025-03-26 17:30:00,75,REMA 1000-ligaen,Norway,2024,,Runar,Sandnes,646,611,35.0,26.0,20.0,11.0,FT,True,home
162114,2025-03-30,2025-03-30 15:00:00,75,REMA 1000-ligaen,Norway,2024,,Arendal,Halden,629,674,27.0,30.0,11.0,15.0,FT,True,away
162116,2025-03-30,2025-03-30 15:00:00,75,REMA 1000-ligaen,Norway,2024,,Kolstad,Haslum HK,639,638,35.0,18.0,15.0,8.0,FT,True,home
162117,2025-03-30,2025-03-30 16:30:00,75,REMA 1000-ligaen,Norway,2024,,Bergen,Kristiansand,2067,640,26.0,28.0,9.0,13.0,FT,True,away
162115,2025-04-01,2025-04-01 16:15:00,75,REMA 1000-ligaen,Norway,2024,,Elverum,Naerbo,636,643,32.0,26.0,18.0,16.0,FT,True,home
162118,2025-04-06,2025-04-06 13:00:00,75,REMA 1000-ligaen,Norway,2024,,Baekkelaget,Drammen,632,635,27.0,26.0,14.0,9.0,FT,True,home
162119,2025-04-06,2025-04-06 13:00:00,75,REMA 1000-ligaen,Norway,2024,,Follo,Fjellhammer,608,637,26.0,30.0,14.0,15.0,FT,True,away
162120,2025-04-06,2025-04-06 13:00:00,75,REMA 1000-ligaen,Norway,2024,,Halden,Elverum,674,636,25.0,31.0,12.0,15.0,FT,True,away
162121,2025-04-06,2025-04-06 13:00:00,75,REMA 1000-ligaen,Norway,2024,,Haslum HK,Bergen,638,2067,27.0,34.0,16.0,16.0,FT,True,away
162122,2025-04-06,2025-04-06 13:00:00,75,REMA 1000-ligaen,Norway,2024,,Kristiansand,Arendal,640,629,26.0,26.0,14.0,12.0,FT,True,draw
162123,2025-04-06,2025-04-06 13:00:00,75,REMA 1000-ligaen,Norway,2024,,Naerbo,Runar,643,646,36.0,28.0,17.0,11.0,FT,True,home
162124,2025-04-06,2025-04-06 13:00:00,75,REMA 1000-ligaen,Norway,2024,,Sandnes,Kolstad,611,639,25.0,33.0,11.0,13.0,FT,True,away
176144,2025-04-09,2025-04-09 16:00:00,75,REMA 1000-ligaen,Norway,2024,Quarter-finals,Bergen,Naerbo,2067,643,26.0,32.0,11.0,12.0,FT,True,away
176145,2025-04-09,2025-04-09 16:00:00,75,REMA 1000-ligaen,Norway,2024,Final,Follo,Melhus,608,3408,33.0,27.0,17.0,11.0,FT,True,home
176146,2025-04-09,2025-04-09 16:00:00,75,REMA 1000-ligaen,Norway,2024,Quarter-finals,Kolstad,Halden,639,674,33.0,19.0,17.0,8.0,FT,True,home
176147,2025-04-09,2025-04-09 16:30:00,75,REMA 1000-ligaen,Norway,2024,Final,Baekkelaget,Viking TIF,632,616,31.0,28.0,17.0,12.0,FT,True,home
176148,2025-04-09,2025-04-09 16:30:00,75,REMA 1000-ligaen,Norway,2024,Quarter-finals,Elverum,Drammen,636,635,37.0,25.0,20.0,10.0,FT,True,home
176149,2025-04-09,2025-04-09 16:30:00,75,REMA 1000-ligaen,Norway,2024,Quarter-finals,Runar,Arendal,646,629,36.0,28.0,16.0,15.0,FT,True,home
176150,2025-04-12,2025-04-12 13:00:00,75,REMA 1000-ligaen,Norway,2024,Quarter-finals,Halden,Kolstad,674,639,23.0,40.0,11.0,20.0,FT,True,away
176198,2025-04-12,2025-04-12 13:00:00,75,REMA 1000-ligaen,Norway,2024,Final,Viking TIF,Baekkelaget,616,632,31.0,37.0,13.0,16.0,FT,True,away
176151,2025-04-12,2025-04-12 15:00:00,75,REMA 1000-ligaen,Norway,2024,Quarter-finals,Arendal,Runar,629,646,33.0,29.0,17.0,14.0,FT,True,home
176153,2025-04-12,2025-04-12 15:00:00,75,REMA 1000-ligaen,Norway,2024,Quarter-finals,Naerbo,Bergen,643,2067,39.0,20.0,19.0,9.0,FT,True,home
176152,2025-04-12,2025-04-12 19:30:00,75,REMA 1000-ligaen,Norway,2024,Quarter-finals,Drammen,Elverum,635,636,31.0,35.0,10.0,17.0,FT,True,away
176199,2025-04-13,2025-04-13 16:00:00,75,REMA 1000-ligaen,Norway,2024,Final,Melhus,Follo,3408,608,31.0,34.0,14.0,16.0,FT,True,away
176319,2025-04-15,2025-04-15 16:30:00,75,REMA 1000-ligaen,Norway,2024,Quarter-finals,Runar,Arendal,646,629,34.0,36.0,16.0,18.0,FT,True,away
176403,2025-04-23,2025-04-23 16:15:00,75,REMA 1000-ligaen,Norway,2024,Semi-finals,Kolstad,Naerbo,639,643,32.0,38.0,17.0,19.0,FT,True,away
176404,2025-04-24,2025-04-24 16:15:00,75,REMA 1000-ligaen,Norway,2024,Semi-finals,Elverum,Arendal,636,629,37.0,30.0,19.0,16.0,FT,True,home
176405,2025-04-29,2025-04-29 16:15:00,75,REMA 1000-ligaen,Norway,2024,Semi-finals,Naerbo,Kolstad,643,639,29.0,36.0,13.0,19.0,FT,True,away
176406,2025-04-30,2025-04-30 16:15:00,75,REMA 1000-ligaen,Norway,2024,Semi-finals,Arendal,Elverum,629,636,29.0,39.0,9.0,18.0,FT,True,away
176558,2025-05-03,2025-05-03 16:15:00,75,REMA 1000-ligaen,Norway,2024,Semi-finals,Kolstad,Naerbo,639,643,43.0,26.0,21.0,10.0,FT,True,home
176594,2025-05-18,2025-05-18 16:15:00,75,REMA 1000-ligaen,Norway,2024,Final,Elverum,Kolstad,636,639,25.0,31.0,14.0,17.0,FT,True,away
176595,2025-05-21,2025-05-21 16:15:00,75,REMA 1000-ligaen,Norway,2024,Final,Kolstad,Elverum,639,636,31.0,28.0,15.0,16.0,FT,True,home
166683,2024-08-30,2024-08-30 18:00:00,78,Superliga,Poland,2024,1,Ostrow Wielkopolski,Zaglebie,739,697,32.0,30.0,14.0,11.0,AP,True,home
166686,2024-08-31,2024-08-31 13:00:00,78,Superliga,Poland,2024,1,Wybrzeze Gdansk,Wisla Plock,695,694,19.0,32.0,10.0,14.0,FT,True,away
166682,2024-08-31,2024-08-31 16:00:00,78,Superliga,Poland,2024,1,Chrobry Glogow,Legionowo,685,732,26.0,22.0,12.0,11.0,FT,True,home
166684,2024-08-31,2024-08-31 16:00:00,78,Superliga,Poland,2024,1,Piotrkowianin Piotrkow,Kalisz,689,687,22.0,33.0,11.0,14.0,FT,True,away
166687,2024-08-31,2024-08-31 16:00:00,78,Superliga,Poland,2024,1,Zabrze,Azoty-Pulawy,696,684,29.0,30.0,17.0,12.0,FT,True,away
166688,2024-08-31,2024-08-31 16:00:00,78,Superliga,Poland,2024,1,MMTS Kwidzyn,Kielce,688,4252,21.0,32.0,10.0,16.0,FT,True,away
166685,2024-09-01,2024-09-01 10:30:00,78,Superliga,Poland,2024,1,Slask Wroclaw,Gwardia Opole,4225,686,20.0,22.0,9.0,14.0,FT,True,away
166690,2024-09-04,2024-09-04 16:00:00,78,Superliga,Poland,2024,2,Zaglebie,Zabrze,697,696,32.0,31.0,19.0,12.0,FT,True,home
166693,2024-09-04,2024-09-04 16:00:00,78,Superliga,Poland,2024,2,Kielce,Ostrow Wielkopolski,4252,739,42.0,33.0,21.0,15.0,FT,True,home
166694,2024-09-04,2024-09-04 16:00:00,78,Superliga,Poland,2024,2,Kalisz,Wybrzeze Gdansk,687,695,33.0,34.0,16.0,17.0,AP,True,away
166689,2024-09-04,2024-09-04 18:00:00,78,Superliga,Poland,2024,2,Slask Wroclaw,Piotrkowianin Piotrkow,4225,689,29.0,27.0,16.0,13.0,AP,True,home
166692,2024-09-04,2024-09-04 18:00:00,78,Superliga,Poland,2024,2,Legionowo,MMTS Kwidzyn,732,688,22.0,26.0,8.0,15.0,FT,True,away
166691,2024-09-04,2024-09-04 18:30:00,78,Superliga,Poland,2024,2,Wisla Plock,Chrobry Glogow,694,685,35.0,14.0,17.0,7.0,FT,True,home
166695,2024-09-05,2024-09-05 18:30:00,78,Superliga,Poland,2024,2,Gwardia Opole,Azoty-Pulawy,686,684,42.0,41.0,16.0,17.0,AP,True,home
166696,2024-09-14,2024-09-14 14:00:00,78,Superliga,Poland,2024,3,Azoty-Pulawy,Zaglebie,684,697,37.0,31.0,14.0,12.0,FT,True,home
166697,2024-09-14,2024-09-14 16:00:00,78,Superliga,Poland,2024,3,Chrobry Glogow,Kalisz,685,687,28.0,27.0,12.0,16.0,FT,True,home
166701,2024-09-14,2024-09-14 16:00:00,78,Superliga,Poland,2024,3,Wybrzeze Gdansk,Slask Wroclaw,695,4225,37.0,33.0,19.0,16.0,FT,True,home
166702,2024-09-15,2024-09-15 10:30:00,78,Superliga,Poland,2024,3,Zabrze,Kielce,696,4252,28.0,36.0,10.0,19.0,FT,True,away
166700,2024-09-15,2024-09-15 14:00:00,78,Superliga,Poland,2024,3,Piotrkowianin Piotrkow,Gwardia Opole,689,686,27.0,34.0,15.0,16.0,FT,True,away
166699,2024-09-16,2024-09-16 18:30:00,78,Superliga,Poland,2024,3,Ostrow Wielkopolski,Legionowo,739,732,36.0,32.0,16.0,16.0,FT,True,home
166709,2024-09-21,2024-09-21 13:00:00,78,Superliga,Poland,2024,4,Kielce,Azoty-Pulawy,4252,684,49.0,35.0,27.0,18.0,FT,True,home
166704,2024-09-21,2024-09-21 14:00:00,78,Superliga,Poland,2024,4,Wisla Plock,Ostrow Wielkopolski,694,739,30.0,23.0,13.0,10.0,FT,True,home
166706,2024-09-21,2024-09-21 14:00:00,78,Superliga,Poland,2024,4,Kalisz,MMTS Kwidzyn,687,688,34.0,29.0,17.0,18.0,FT,True,home
166708,2024-09-21,2024-09-21 14:00:00,78,Superliga,Poland,2024,4,Gwardia Opole,Zaglebie,686,697,30.0,35.0,15.0,17.0,FT,True,away
166707,2024-09-21,2024-09-21 16:00:00,78,Superliga,Poland,2024,4,Legionowo,Zabrze,732,696,22.0,31.0,12.0,15.0,FT,True,away
166703,2024-09-22,2024-09-22 14:00:00,78,Superliga,Poland,2024,4,Piotrkowianin Piotrkow,Wybrzeze Gdansk,689,695,32.0,33.0,14.0,15.0,AP,True,away
166710,2024-09-28,2024-09-28 16:00:00,78,Superliga,Poland,2024,5,Wybrzeze Gdansk,Gwardia Opole,695,686,31.0,30.0,15.0,11.0,AP,True,home
166714,2024-09-28,2024-09-28 16:00:00,78,Superliga,Poland,2024,5,MMTS Kwidzyn,Slask Wroclaw,688,4225,26.0,29.0,13.0,13.0,FT,True,away
166715,2024-09-28,2024-09-28 16:00:00,78,Superliga,Poland,2024,5,Chrobry Glogow,Piotrkowianin Piotrkow,685,689,38.0,21.0,19.0,13.0,FT,True,home
166711,2024-09-29,2024-09-29 10:30:00,78,Superliga,Poland,2024,5,Zabrze,Wisla Plock,696,694,20.0,27.0,10.0,15.0,FT,True,away
166716,2024-09-29,2024-09-29 14:00:00,78,Superliga,Poland,2024,5,Azoty-Pulawy,Legionowo,684,732,39.0,35.0,18.0,18.0,FT,True,home
166712,2024-09-29,2024-09-29 16:00:00,78,Superliga,Poland,2024,5,Zaglebie,Kielce,697,4252,21.0,34.0,11.0,18.0,FT,True,away
166713,2024-09-30,2024-09-30 18:30:00,78,Superliga,Poland,2024,5,Ostrow Wielkopolski,Kalisz,739,687,39.0,40.0,14.0,16.0,AP,True,away
166720,2024-10-02,2024-10-02 16:00:00,78,Superliga,Poland,2024,6,Piotrkowianin Piotrkow,MMTS Kwidzyn,689,688,34.0,35.0,14.0,17.0,AP,True,away
166723,2024-10-02,2024-10-02 16:00:00,78,Superliga,Poland,2024,6,Wybrzeze Gdansk,Chrobry Glogow,695,685,33.0,31.0,13.0,11.0,AP,True,home
166717,2024-10-02,2024-10-02 18:00:00,78,Superliga,Poland,2024,6,Gwardia Opole,Kielce,686,4252,21.0,39.0,9.0,16.0,FT,True,away
166722,2024-10-02,2024-10-02 18:30:00,78,Superliga,Poland,2024,6,Wisla Plock,Azoty-Pulawy,694,684,40.0,31.0,18.0,16.0,FT,True,home
166718,2024-10-03,2024-10-03 18:00:00,78,Superliga,Poland,2024,6,Kalisz,Zabrze,687,696,30.0,29.0,14.0,14.0,FT,True,home
166719,2024-10-03,2024-10-03 18:30:00,78,Superliga,Poland,2024,6,Legionowo,Zaglebie,732,697,29.0,30.0,17.0,13.0,FT,True,away
166729,2024-10-05,2024-10-05 16:00:00,78,Superliga,Poland,2024,7,Chrobry Glogow,Gwardia Opole,685,686,37.0,24.0,20.0,13.0,FT,True,home
166730,2024-10-05,2024-10-05 16:00:00,78,Superliga,Poland,2024,7,Kielce,Legionowo,4252,732,34.0,19.0,22.0,8.0,FT,True,home
166724,2024-10-06,2024-10-06 10:30:00,78,Superliga,Poland,2024,7,Ostrow Wielkopolski,Piotrkowianin Piotrkow,739,689,37.0,22.0,15.0,12.0,FT,True,home
166726,2024-10-06,2024-10-06 13:00:00,78,Superliga,Poland,2024,7,Zabrze,Slask Wroclaw,696,4225,35.0,21.0,16.0,6.0,FT,True,home
166727,2024-10-07,2024-10-07 18:30:00,78,Superliga,Poland,2024,7,MMTS Kwidzyn,Wybrzeze Gdansk,688,695,34.0,36.0,17.0,18.0,FT,True,away
166728,2024-10-08,2024-10-08 18:00:00,78,Superliga,Poland,2024,7,Azoty-Pulawy,Kalisz,684,687,35.0,33.0,19.0,14.0,FT,True,home
166736,2024-10-12,2024-10-12 14:00:00,78,Superliga,Poland,2024,8,Gwardia Opole,Legionowo,686,732,37.0,30.0,20.0,17.0,FT,True,home
166733,2024-10-12,2024-10-12 16:00:00,78,Superliga,Poland,2024,8,Wybrzeze Gdansk,Ostrow Wielkopolski,695,739,28.0,39.0,15.0,18.0,FT,True,away
166734,2024-10-12,2024-10-12 16:00:00,78,Superliga,Poland,2024,8,Piotrkowianin Piotrkow,Zabrze,689,696,26.0,33.0,13.0,16.0,FT,True,away
166732,2024-10-13,2024-10-13 10:30:00,78,Superliga,Poland,2024,8,Wisla Plock,Kielce,694,4252,29.0,25.0,18.0,14.0,FT,True,home
166737,2024-10-13,2024-10-13 14:00:00,78,Superliga,Poland,2024,8,Chrobry Glogow,MMTS Kwidzyn,685,688,27.0,28.0,14.0,16.0,FT,True,away
166731,2024-10-14,2024-10-14 18:00:00,78,Superliga,Poland,2024,8,Slask Wroclaw,Azoty-Pulawy,4225,684,35.0,37.0,20.0,16.0,FT,True,away
166735,2024-10-14,2024-10-14 18:30:00,78,Superliga,Poland,2024,8,Kalisz,Zaglebie,687,697,30.0,24.0,15.0,10.0,FT,True,home
166742,2024-10-18,2024-10-18 16:00:00,78,Superliga,Poland,2024,9,Ostrow Wielkopolski,Chrobry Glogow,739,685,30.0,31.0,17.0,17.0,FT,True,away
166739,2024-10-19,2024-10-19 14:00:00,78,Superliga,Poland,2024,9,Kielce,Kalisz,4252,687,39.0,28.0,16.0,13.0,FT,True,home
166741,2024-10-19,2024-10-19 14:00:00,78,Superliga,Poland,2024,9,MMTS Kwidzyn,Gwardia Opole,688,686,24.0,31.0,9.0,14.0,FT,True,away
166743,2024-10-19,2024-10-19 16:00:00,78,Superliga,Poland,2024,9,Zabrze,Wybrzeze Gdansk,696,695,31.0,26.0,17.0,12.0,FT,True,home
166738,2024-10-20,2024-10-20 10:30:00,78,Superliga,Poland,2024,9,Azoty-Pulawy,Piotrkowianin Piotrkow,684,689,29.0,35.0,15.0,18.0,FT,True,away
166740,2024-10-20,2024-10-20 14:00:00,78,Superliga,Poland,2024,9,Legionowo,Wisla Plock,732,694,26.0,33.0,16.0,20.0,FT,True,away
166744,2024-10-21,2024-10-21 18:30:00,78,Superliga,Poland,2024,9,Zaglebie,Slask Wroclaw,697,4225,37.0,31.0,19.0,13.0,FT,True,home
166748,2024-10-23,2024-10-23 18:00:00,78,Superliga,Poland,2024,10,MMTS Kwidzyn,Ostrow Wielkopolski,688,739,34.0,33.0,17.0,15.0,AP,True,home
166749,2024-10-25,2024-10-25 16:00:00,78,Superliga,Poland,2024,10,Kalisz,Legionowo,687,732,29.0,28.0,16.0,11.0,FT,True,home
166750,2024-10-25,2024-10-25 16:00:00,78,Superliga,Poland,2024,10,Gwardia Opole,Wisla Plock,686,694,22.0,33.0,13.0,17.0,FT,True,away
166751,2024-10-26,2024-10-26 13:00:00,78,Superliga,Poland,2024,10,Chrobry Glogow,Zabrze,685,696,32.0,30.0,18.0,13.0,FT,True,home
166746,2024-10-27,2024-10-27 11:30:00,78,Superliga,Poland,2024,10,Slask Wroclaw,Kielce,4225,4252,18.0,35.0,6.0,14.0,FT,True,away
166745,2024-10-27,2024-10-27 15:00:00,78,Superliga,Poland,2024,10,Piotrkowianin Piotrkow,Zaglebie,689,697,33.0,32.0,16.0,21.0,FT,True,home
166747,2024-10-27,2024-10-27 17:00:00,78,Superliga,Poland,2024,10,Wybrzeze Gdansk,Azoty-Pulawy,695,684,37.0,35.0,20.0,16.0,AP,True,home
166698,2024-11-02,2024-11-02 15:00:00,78,Superliga,Poland,2024,3,MMTS Kwidzyn,Wisla Plock,688,694,21.0,30.0,11.0,14.0,FT,True,away
166725,2024-11-13,2024-11-13 17:00:00,78,Superliga,Poland,2024,7,Zaglebie,Wisla Plock,697,694,15.0,28.0,7.0,17.0,FT,True,away
166721,2024-11-13,2024-11-13 19:00:00,78,Superliga,Poland,2024,6,Slask Wroclaw,Ostrow Wielkopolski,4225,739,20.0,34.0,9.0,18.0,FT,True,away
166752,2024-11-16,2024-11-16 14:00:00,78,Superliga,Poland,2024,11,Azoty-Pulawy,Chrobry Glogow,684,685,34.0,36.0,14.0,18.0,FT,True,away
166753,2024-11-16,2024-11-16 15:00:00,78,Superliga,Poland,2024,11,Kielce,Piotrkowianin Piotrkow,4252,689,48.0,29.0,23.0,13.0,FT,True,home
166757,2024-11-16,2024-11-16 15:00:00,78,Superliga,Poland,2024,11,Zabrze,MMTS Kwidzyn,696,688,21.0,28.0,13.0,12.0,FT,True,away
166754,2024-11-16,2024-11-16 17:00:00,78,Superliga,Poland,2024,11,Legionowo,Slask Wroclaw,732,4225,39.0,30.0,18.0,13.0,FT,True,home
166758,2024-11-16,2024-11-16 18:00:00,78,Superliga,Poland,2024,11,Zaglebie,Wybrzeze Gdansk,697,695,24.0,26.0,11.0,13.0,FT,True,away
166756,2024-11-17,2024-11-17 11:30:00,78,Superliga,Poland,2024,11,Wisla Plock,Kalisz,694,687,32.0,19.0,13.0,11.0,FT,True,home
166755,2024-11-17,2024-11-17 15:00:00,78,Superliga,Poland,2024,11,Ostrow Wielkopolski,Gwardia Opole,739,686,33.0,30.0,18.0,13.0,FT,True,home
166761,2024-11-22,2024-11-22 17:00:00,78,Superliga,Poland,2024,12,Piotrkowianin Piotrkow,Legionowo,689,732,31.0,27.0,16.0,15.0,FT,True,home
166765,2024-11-22,2024-11-22 17:00:00,78,Superliga,Poland,2024,12,Chrobry Glogow,Zaglebie,685,697,30.0,25.0,14.0,12.0,FT,True,home
166763,2024-11-23,2024-11-23 15:00:00,78,Superliga,Poland,2024,12,MMTS Kwidzyn,Azoty-Pulawy,688,684,32.0,35.0,14.0,17.0,FT,True,away
166760,2024-11-23,2024-11-23 17:00:00,78,Superliga,Poland,2024,12,Slask Wroclaw,Wisla Plock,4225,694,21.0,32.0,9.0,19.0,FT,True,away
166759,2024-11-24,2024-11-24 11:30:00,78,Superliga,Poland,2024,12,Wybrzeze Gdansk,Kielce,695,4252,27.0,29.0,15.0,13.0,FT,True,away
166762,2024-11-24,2024-11-24 15:00:00,78,Superliga,Poland,2024,12,Ostrow Wielkopolski,Zabrze,739,696,32.0,30.0,20.0,13.0,FT,True,home
166764,2024-11-25,2024-11-25 19:30:00,78,Superliga,Poland,2024,12,Gwardia Opole,Kalisz,686,687,30.0,17.0,16.0,7.0,FT,True,home
166772,2024-11-29,2024-11-29 17:00:00,78,Superliga,Poland,2024,13,Zaglebie,MMTS Kwidzyn,697,688,16.0,39.0,8.0,15.0,FT,True,away
166768,2024-11-30,2024-11-30 15:00:00,78,Superliga,Poland,2024,13,Kielce,Chrobry Glogow,4252,685,45.0,34.0,25.0,15.0,FT,True,home
166770,2024-11-30,2024-11-30 15:00:00,78,Superliga,Poland,2024,13,Wisla Plock,Piotrkowianin Piotrkow,694,689,43.0,25.0,23.0,14.0,FT,True,home
166766,2024-11-30,2024-11-30 17:00:00,78,Superliga,Poland,2024,13,Azoty-Pulawy,Ostrow Wielkopolski,684,739,33.0,39.0,16.0,20.0,FT,True,away
166769,2024-11-30,2024-11-30 18:00:00,78,Superliga,Poland,2024,13,Wybrzeze Gdansk,Legionowo,695,732,30.0,32.0,12.0,13.0,AP,True,away
166771,2024-12-01,2024-12-01 11:30:00,78,Superliga,Poland,2024,13,Zabrze,Gwardia Opole,696,686,34.0,32.0,17.0,14.0,FT,True,home
166767,2024-12-02,2024-12-02 19:30:00,78,Superliga,Poland,2024,13,Kalisz,Slask Wroclaw,687,4225,32.0,31.0,11.0,14.0,AP,True,home
166705,2024-12-04,2024-12-04 19:30:00,78,Superliga,Poland,2024,4,Slask Wroclaw,Chrobry Glogow,4225,685,26.0,30.0,12.0,12.0,FT,True,away
166774,2024-12-05,2024-12-05 17:00:00,78,Superliga,Poland,2024,14,Zaglebie,Ostrow Wielkopolski,697,739,32.0,33.0,14.0,21.0,FT,True,away
166778,2024-12-06,2024-12-06 17:00:00,78,Superliga,Poland,2024,14,Kalisz,Piotrkowianin Piotrkow,687,689,29.0,23.0,11.0,14.0,FT,True,home
166775,2024-12-07,2024-12-07 14:00:00,78,Superliga,Poland,2024,14,Wisla Plock,Wybrzeze Gdansk,694,695,34.0,25.0,15.0,15.0,FT,True,home
166777,2024-12-07,2024-12-07 17:00:00,78,Superliga,Poland,2024,14,Kielce,MMTS Kwidzyn,4252,688,36.0,26.0,19.0,15.0,FT,True,home
166779,2024-12-07,2024-12-07 17:00:00,78,Superliga,Poland,2024,14,Gwardia Opole,Slask Wroclaw,686,4225,30.0,25.0,16.0,14.0,FT,True,home
166776,2024-12-08,2024-12-08 11:30:00,78,Superliga,Poland,2024,14,Azoty-Pulawy,Zabrze,684,696,31.0,33.0,14.0,18.0,FT,True,away
166780,2024-12-10,2024-12-10 19:30:00,78,Superliga,Poland,2024,15,Chrobry Glogow,Wisla Plock,685,694,28.0,35.0,15.0,21.0,FT,True,away
166781,2024-12-11,2024-12-11 17:00:00,78,Superliga,Poland,2024,15,MMTS Kwidzyn,Legionowo,688,732,33.0,29.0,15.0,13.0,FT,True,home
166782,2024-12-11,2024-12-11 17:00:00,78,Superliga,Poland,2024,15,Ostrow Wielkopolski,Kielce,739,4252,26.0,38.0,15.0,17.0,FT,True,away
166785,2024-12-11,2024-12-11 17:00:00,78,Superliga,Poland,2024,15,Zabrze,Zaglebie,696,697,29.0,32.0,18.0,17.0,FT,True,away
166786,2024-12-11,2024-12-11 17:00:00,78,Superliga,Poland,2024,15,Azoty-Pulawy,Gwardia Opole,684,686,26.0,29.0,12.0,13.0,FT,True,away
166784,2024-12-11,2024-12-11 19:00:00,78,Superliga,Poland,2024,15,Wybrzeze Gdansk,Kalisz,695,687,29.0,26.0,8.0,12.0,FT,True,home
166783,2024-12-11,2024-12-11 19:30:00,78,Superliga,Poland,2024,15,Piotrkowianin Piotrkow,Slask Wroclaw,689,4225,31.0,26.0,14.0,11.0,FT,True,home
166789,2024-12-14,2024-12-14 19:00:00,78,Superliga,Poland,2024,16,Wisla Plock,MMTS Kwidzyn,694,688,37.0,19.0,16.0,9.0,FT,True,home
166793,2024-12-15,2024-12-15 11:30:00,78,Superliga,Poland,2024,16,Kalisz,Chrobry Glogow,687,685,28.0,29.0,13.0,14.0,AP,True,away
166788,2024-12-15,2024-12-15 15:00:00,78,Superliga,Poland,2024,16,Zaglebie,Azoty-Pulawy,697,684,40.0,31.0,20.0,17.0,FT,True,home
166790,2024-12-15,2024-12-15 17:00:00,78,Superliga,Poland,2024,16,Gwardia Opole,Piotrkowianin Piotrkow,686,689,34.0,26.0,17.0,12.0,FT,True,home
166791,2024-12-15,2024-12-15 17:00:00,78,Superliga,Poland,2024,16,Legionowo,Ostrow Wielkopolski,732,739,24.0,27.0,11.0,12.0,FT,True,away
166787,2024-12-16,2024-12-16 19:00:00,78,Superliga,Poland,2024,16,Slask Wroclaw,Wybrzeze Gdansk,4225,695,33.0,37.0,16.0,20.0,FT,True,away
166792,2024-12-16,2024-12-16 19:30:00,78,Superliga,Poland,2024,16,Kielce,Zabrze,4252,696,40.0,25.0,18.0,8.0,FT,True,home
166794,2024-12-18,2024-12-18 17:00:00,78,Superliga,Poland,2024,17,Zaglebie,Gwardia Opole,697,686,26.0,33.0,13.0,14.0,FT,True,away
166798,2024-12-18,2024-12-18 17:00:00,78,Superliga,Poland,2024,17,Chrobry Glogow,Slask Wroclaw,685,4225,30.0,24.0,15.0,14.0,FT,True,home
166800,2024-12-18,2024-12-18 19:00:00,78,Superliga,Poland,2024,17,MMTS Kwidzyn,Kalisz,688,687,25.0,28.0,12.0,11.0,FT,True,away
166797,2024-12-18,2024-12-18 19:30:00,78,Superliga,Poland,2024,17,Ostrow Wielkopolski,Wisla Plock,739,694,22.0,36.0,9.0,16.0,FT,True,away
166795,2024-12-19,2024-12-19 17:00:00,78,Superliga,Poland,2024,17,Zabrze,Legionowo,696,732,31.0,25.0,18.0,12.0,FT,True,home
166796,2024-12-19,2024-12-19 19:00:00,78,Superliga,Poland,2024,17,Wybrzeze Gdansk,Piotrkowianin Piotrkow,695,689,37.0,30.0,21.0,13.0,FT,True,home
166799,2024-12-19,2024-12-19 19:30:00,78,Superliga,Poland,2024,17,Azoty-Pulawy,Kielce,684,4252,22.0,43.0,13.0,23.0,FT,True,away
166801,2024-12-21,2024-12-21 15:00:00,78,Superliga,Poland,2024,18,Piotrkowianin Piotrkow,Chrobry Glogow,689,685,33.0,31.0,14.0,17.0,FT,True,home
166805,2024-12-21,2024-12-21 15:00:00,78,Superliga,Poland,2024,18,Kielce,Zaglebie,4252,697,52.0,22.0,26.0,10.0,FT,True,home
166803,2024-12-22,2024-12-22 11:30:00,78,Superliga,Poland,2024,18,Wisla Plock,Zabrze,694,696,41.0,21.0,21.0,9.0,FT,True,home
166802,2024-12-22,2024-12-22 15:00:00,78,Superliga,Poland,2024,18,Slask Wroclaw,MMTS Kwidzyn,4225,688,22.0,26.0,10.0,15.0,FT,True,away
166804,2024-12-22,2024-12-22 17:00:00,78,Superliga,Poland,2024,18,Legionowo,Azoty-Pulawy,732,684,28.0,29.0,14.0,11.0,FT,True,away
166807,2024-12-23,2024-12-23 17:00:00,78,Superliga,Poland,2024,18,Gwardia Opole,Wybrzeze Gdansk,686,695,28.0,31.0,17.0,16.0,FT,True,away
166773,2025-02-06,2025-02-06 19:00:00,78,Superliga,Poland,2024,14,Legionowo,Chrobry Glogow,732,685,24.0,26.0,13.0,14.0,FT,True,away
166810,2025-02-15,2025-02-15 14:00:00,78,Superliga,Poland,2024,19,Kielce,Gwardia Opole,4252,686,44.0,31.0,24.0,18.0,FT,True,home
166808,2025-02-15,2025-02-15 15:00:00,78,Superliga,Poland,2024,19,Azoty-Pulawy,Wisla Plock,684,694,20.0,34.0,11.0,15.0,FT,True,away
166811,2025-02-15,2025-02-15 15:00:00,78,Superliga,Poland,2024,19,MMTS Kwidzyn,Piotrkowianin Piotrkow,688,689,28.0,27.0,14.0,14.0,FT,True,home
166812,2025-02-15,2025-02-15 17:00:00,78,Superliga,Poland,2024,19,Ostrow Wielkopolski,Slask Wroclaw,739,4225,35.0,23.0,20.0,10.0,FT,True,home
166813,2025-02-16,2025-02-16 15:00:00,78,Superliga,Poland,2024,19,Zabrze,Kalisz,696,687,33.0,29.0,17.0,13.0,FT,True,home
166814,2025-02-16,2025-02-16 17:00:00,78,Superliga,Poland,2024,19,Zaglebie,Legionowo,697,732,29.0,27.0,15.0,14.0,FT,True,home
166809,2025-02-17,2025-02-17 19:30:00,78,Superliga,Poland,2024,19,Chrobry Glogow,Wybrzeze Gdansk,685,695,38.0,39.0,16.0,14.0,AP,True,away
166817,2025-02-21,2025-02-21 17:00:00,78,Superliga,Poland,2024,20,Wisla Plock,Zaglebie,694,697,35.0,13.0,15.0,7.0,FT,True,home
166818,2025-02-22,2025-02-22 17:00:00,78,Superliga,Poland,2024,20,Piotrkowianin Piotrkow,Ostrow Wielkopolski,689,739,39.0,40.0,19.0,18.0,AP,True,away
166820,2025-02-22,2025-02-22 17:00:00,78,Superliga,Poland,2024,20,Legionowo,Kielce,732,4252,23.0,32.0,16.0,19.0,FT,True,away
166821,2025-02-22,2025-02-22 17:30:00,78,Superliga,Poland,2024,20,Kalisz,Azoty-Pulawy,687,684,32.0,34.0,12.0,13.0,AP,True,away
166816,2025-02-23,2025-02-23 11:30:00,78,Superliga,Poland,2024,20,Slask Wroclaw,Zabrze,4225,696,25.0,27.0,12.0,12.0,AP,True,away
166819,2025-02-24,2025-02-24 17:00:00,78,Superliga,Poland,2024,20,Gwardia Opole,Chrobry Glogow,686,685,28.0,27.0,15.0,16.0,FT,True,home
166815,2025-02-24,2025-02-24 19:30:00,78,Superliga,Poland,2024,20,Wybrzeze Gdansk,MMTS Kwidzyn,695,688,35.0,29.0,15.0,14.0,FT,True,home
166822,2025-03-01,2025-03-01 14:00:00,78,Superliga,Poland,2024,21,Ostrow Wielkopolski,Wybrzeze Gdansk,739,695,34.0,24.0,17.0,13.0,FT,True,home
166826,2025-03-01,2025-03-01 17:00:00,78,Superliga,Poland,2024,21,MMTS Kwidzyn,Chrobry Glogow,688,685,22.0,30.0,11.0,16.0,FT,True,away
166827,2025-03-01,2025-03-01 17:00:00,78,Superliga,Poland,2024,21,Legionowo,Gwardia Opole,732,686,29.0,27.0,15.0,14.0,FT,True,home
166828,2025-03-02,2025-03-02 11:30:00,78,Superliga,Poland,2024,21,Kielce,Wisla Plock,4252,694,25.0,24.0,12.0,13.0,FT,True,home
166823,2025-03-02,2025-03-02 15:00:00,78,Superliga,Poland,2024,21,Azoty-Pulawy,Slask Wroclaw,684,4225,30.0,27.0,15.0,11.0,FT,True,home
166824,2025-03-02,2025-03-02 17:00:00,78,Superliga,Poland,2024,21,Zabrze,Piotrkowianin Piotrkow,696,689,39.0,31.0,18.0,15.0,FT,True,home
166825,2025-03-02,2025-03-02 18:00:00,78,Superliga,Poland,2024,21,Zaglebie,Kalisz,697,687,23.0,28.0,11.0,14.0,FT,True,away
166832,2025-03-05,2025-03-05 17:00:00,78,Superliga,Poland,2024,22,Slask Wroclaw,Zaglebie,4225,697,28.0,31.0,12.0,15.0,FT,True,away
166806,2025-03-05,2025-03-05 19:30:00,78,Superliga,Poland,2024,18,Kalisz,Ostrow Wielkopolski,687,739,25.0,26.0,14.0,15.0,FT,True,away
166835,2025-03-08,2025-03-08 14:40:00,78,Superliga,Poland,2024,22,Chrobry Glogow,Ostrow Wielkopolski,685,739,30.0,34.0,17.0,17.0,FT,True,away
166833,2025-03-08,2025-03-08 15:00:00,78,Superliga,Poland,2024,22,Wisla Plock,Legionowo,694,732,42.0,28.0,21.0,11.0,FT,True,home
166834,2025-03-08,2025-03-08 15:00:00,78,Superliga,Poland,2024,22,Wybrzeze Gdansk,Zabrze,695,696,23.0,25.0,10.0,14.0,FT,True,away
166829,2025-03-08,2025-03-08 17:00:00,78,Superliga,Poland,2024,22,Gwardia Opole,MMTS Kwidzyn,686,688,30.0,29.0,17.0,16.0,FT,True,home
166831,2025-03-09,2025-03-09 14:40:00,78,Superliga,Poland,2024,22,Piotrkowianin Piotrkow,Azoty-Pulawy,689,684,38.0,33.0,21.0,15.0,FT,True,home
166830,2025-03-09,2025-03-09 15:00:00,78,Superliga,Poland,2024,22,Kalisz,Kielce,687,4252,24.0,40.0,11.0,23.0,FT,True,away
166837,2025-03-17,2025-03-17 16:00:00,78,Superliga,Poland,2024,23,Zaglebie,Piotrkowianin Piotrkow,697,689,35.0,30.0,17.0,12.0,FT,True,home
166836,2025-03-19,2025-03-19 17:00:00,78,Superliga,Poland,2024,23,Wisla Plock,Gwardia Opole,694,686,37.0,30.0,18.0,14.0,FT,True,home
166839,2025-03-19,2025-03-19 17:00:00,78,Superliga,Poland,2024,23,Ostrow Wielkopolski,MMTS Kwidzyn,739,688,28.0,26.0,15.0,14.0,FT,True,home
166840,2025-03-19,2025-03-19 17:00:00,78,Superliga,Poland,2024,23,Kielce,Slask Wroclaw,4252,4225,39.0,21.0,20.0,10.0,FT,True,home
166841,2025-03-19,2025-03-19 19:00:00,78,Superliga,Poland,2024,23,Azoty-Pulawy,Wybrzeze Gdansk,684,695,42.0,39.0,21.0,18.0,AP,True,home
166842,2025-03-19,2025-03-19 19:30:00,78,Superliga,Poland,2024,23,Legionowo,Kalisz,732,687,27.0,26.0,13.0,14.0,FT,True,home
166838,2025-03-20,2025-03-20 19:30:00,78,Superliga,Poland,2024,23,Zabrze,Chrobry Glogow,696,685,37.0,30.0,19.0,16.0,FT,True,home
166844,2025-03-22,2025-03-22 15:00:00,78,Superliga,Poland,2024,24,Gwardia Opole,Ostrow Wielkopolski,686,739,40.0,32.0,21.0,17.0,FT,True,home
166845,2025-03-22,2025-03-22 15:00:00,78,Superliga,Poland,2024,24,Kalisz,Wisla Plock,687,694,21.0,37.0,12.0,20.0,FT,True,away
166847,2025-03-22,2025-03-22 17:00:00,78,Superliga,Poland,2024,24,Piotrkowianin Piotrkow,Kielce,689,4252,28.0,41.0,13.0,18.0,FT,True,away
166846,2025-03-23,2025-03-23 11:30:00,78,Superliga,Poland,2024,24,MMTS Kwidzyn,Zabrze,688,696,30.0,32.0,12.0,16.0,FT,True,away
166843,2025-03-23,2025-03-23 15:00:00,78,Superliga,Poland,2024,24,Chrobry Glogow,Azoty-Pulawy,685,684,35.0,29.0,18.0,12.0,FT,True,home
166849,2025-03-23,2025-03-23 15:00:00,78,Superliga,Poland,2024,24,Wybrzeze Gdansk,Zaglebie,695,697,21.0,29.0,12.0,12.0,FT,True,away
166848,2025-03-24,2025-03-24 17:00:00,78,Superliga,Poland,2024,24,Slask Wroclaw,Legionowo,4225,732,19.0,25.0,13.0,12.0,FT,True,away
166856,2025-03-28,2025-03-28 17:00:00,78,Superliga,Poland,2024,25,Azoty-Pulawy,MMTS Kwidzyn,684,688,30.0,38.0,15.0,18.0,FT,True,away
166850,2025-03-29,2025-03-29 15:00:00,78,Superliga,Poland,2024,25,Wisla Plock,Slask Wroclaw,694,4225,36.0,26.0,16.0,10.0,FT,True,home
166851,2025-03-29,2025-03-29 17:00:00,78,Superliga,Poland,2024,25,Zaglebie,Chrobry Glogow,697,685,27.0,35.0,11.0,21.0,FT,True,away
166853,2025-03-29,2025-03-29 17:00:00,78,Superliga,Poland,2024,25,Kalisz,Gwardia Opole,687,686,26.0,28.0,12.0,14.0,AP,True,away
166855,2025-03-30,2025-03-30 10:30:00,78,Superliga,Poland,2024,25,Kielce,Wybrzeze Gdansk,4252,695,31.0,28.0,15.0,14.0,FT,True,home
166854,2025-03-30,2025-03-30 16:00:00,78,Superliga,Poland,2024,25,Legionowo,Piotrkowianin Piotrkow,732,689,33.0,26.0,18.0,14.0,FT,True,home
166852,2025-03-31,2025-03-31 18:30:00,78,Superliga,Poland,2024,25,Zabrze,Ostrow Wielkopolski,696,739,32.0,33.0,18.0,19.0,FT,True,away
166860,2025-04-04,2025-04-04 16:00:00,78,Superliga,Poland,2024,26,Ostrow Wielkopolski,Azoty-Pulawy,739,684,36.0,33.0,17.0,18.0,FT,True,home
166859,2025-04-05,2025-04-05 14:00:00,78,Superliga,Poland,2024,26,MMTS Kwidzyn,Zaglebie,688,697,29.0,21.0,17.0,8.0,FT,True,home
166857,2025-04-05,2025-04-05 16:00:00,78,Superliga,Poland,2024,26,Chrobry Glogow,Kielce,685,4252,29.0,43.0,11.0,24.0,FT,True,away
166861,2025-04-05,2025-04-05 16:00:00,78,Superliga,Poland,2024,26,Piotrkowianin Piotrkow,Wisla Plock,689,694,22.0,42.0,9.0,19.0,FT,True,away
166858,2025-04-06,2025-04-06 10:30:00,78,Superliga,Poland,2024,26,Gwardia Opole,Zabrze,686,696,29.0,35.0,15.0,17.0,FT,True,away
166862,2025-04-06,2025-04-06 14:00:00,78,Superliga,Poland,2024,26,Slask Wroclaw,Kalisz,4225,687,24.0,30.0,14.0,14.0,FT,True,away
166863,2025-04-07,2025-04-07 18:30:00,78,Superliga,Poland,2024,26,Legionowo,Wybrzeze Gdansk,732,695,28.0,33.0,15.0,16.0,FT,True,away
176175,2025-04-16,2025-04-16 18:30:00,78,Superliga,Poland,2024,Quarter-finals,Ostrow Wielkopolski,Wybrzeze Gdansk,739,695,32.0,31.0,16.0,13.0,FT,True,home
176179,2025-04-17,2025-04-17 16:00:00,78,Superliga,Poland,2024,1,Slask Wroclaw,MMTS Kwidzyn,4225,688,18.0,26.0,7.0,12.0,FT,True,away
176180,2025-04-17,2025-04-17 16:00:00,78,Superliga,Poland,2024,1,Zaglebie,Piotrkowianin Piotrkow,697,689,26.0,25.0,10.0,10.0,FT,True,home
176178,2025-04-17,2025-04-17 18:00:00,78,Superliga,Poland,2024,1,Azoty-Pulawy,Legionowo,684,732,32.0,28.0,17.0,14.0,FT,True,home
176176,2025-04-19,2025-04-19 13:00:00,78,Superliga,Poland,2024,Quarter-finals,Chrobry Glogow,Zabrze,685,696,29.0,24.0,14.0,12.0,FT,True,home
176177,2025-04-19,2025-04-19 14:00:00,78,Superliga,Poland,2024,Quarter-finals,Wisla Plock,Kalisz,694,687,40.0,24.0,19.0,11.0,FT,True,home
176181,2025-04-19,2025-04-19 14:00:00,78,Superliga,Poland,2024,Quarter-finals,Kielce,Gwardia Opole,4252,686,44.0,20.0,19.0,11.0,FT,True,home
176184,2025-04-23,2025-04-23 18:30:00,78,Superliga,Poland,2024,Quarter-finals,Wybrzeze Gdansk,Ostrow Wielkopolski,695,739,31.0,30.0,16.0,17.0,AP,True,home
176186,2025-04-24,2025-04-24 16:00:00,78,Superliga,Poland,2024,2,Zaglebie,Azoty-Pulawy,697,684,46.0,44.0,19.0,18.0,AP,True,home
176185,2025-04-26,2025-04-26 13:00:00,78,Superliga,Poland,2024,Quarter-finals,Zabrze,Chrobry Glogow,696,685,31.0,26.0,15.0,17.0,FT,True,home
176183,2025-04-26,2025-04-26 14:00:00,78,Superliga,Poland,2024,Quarter-finals,Kalisz,Wisla Plock,687,694,25.0,41.0,13.0,21.0,FT,True,away
176187,2025-04-26,2025-04-26 16:00:00,78,Superliga,Poland,2024,2,Legionowo,MMTS Kwidzyn,732,688,25.0,28.0,10.0,13.0,FT,True,away
176182,2025-04-28,2025-04-28 16:00:00,78,Superliga,Poland,2024,Quarter-finals,Gwardia Opole,Kielce,686,4252,24.0,40.0,13.0,20.0,FT,True,away
176188,2025-04-28,2025-04-28 16:00:00,78,Superliga,Poland,2024,2,Piotrkowianin Piotrkow,Slask Wroclaw,689,4225,27.0,29.0,15.0,15.0,FT,True,away
176488,2025-04-29,2025-04-29 18:30:00,78,Superliga,Poland,2024,Quarter-finals,Ostrow Wielkopolski,Wybrzeze Gdansk,739,695,29.0,27.0,13.0,16.0,FT,True,home
176525,2025-04-30,2025-04-30 18:30:00,78,Superliga,Poland,2024,Quarter-finals,Chrobry Glogow,Zabrze,685,696,31.0,32.0,17.0,15.0,FT,True,away
176191,2025-05-14,2025-05-14 16:00:00,78,Superliga,Poland,2024,3,Zaglebie,Legionowo,697,732,30.0,31.0,10.0,12.0,AP,True,away
176569,2025-05-15,2025-05-15 18:30:00,78,Superliga,Poland,2024,Semi-finals,Kielce,Ostrow Wielkopolski,4252,739,42.0,22.0,23.0,11.0,FT,True,home
176189,2025-05-17,2025-05-17 14:00:00,78,Superliga,Poland,2024,3,Azoty-Pulawy,Slask Wroclaw,684,4225,43.0,34.0,23.0,17.0,FT,True,home
176190,2025-05-17,2025-05-17 14:00:00,78,Superliga,Poland,2024,3,MMTS Kwidzyn,Piotrkowianin Piotrkow,688,689,32.0,30.0,12.0,12.0,AP,True,home
176604,2025-05-17,2025-05-17 16:00:00,78,Superliga,Poland,2024,Semi-finals,Wybrzeze Gdansk,Gwardia Opole,695,686,29.0,23.0,16.0,12.0,FT,True,home
176570,2025-05-17,2025-05-17 18:30:00,78,Superliga,Poland,2024,Semi-finals,Wisla Plock,Zabrze,694,696,40.0,25.0,20.0,8.0,FT,True,home
176605,2025-05-18,2025-05-18 14:00:00,78,Superliga,Poland,2024,Semi-finals,Chrobry Glogow,Kalisz,685,687,31.0,24.0,12.0,11.0,FT,True,home
176606,2025-05-20,2025-05-20 18:30:00,78,Superliga,Poland,2024,Semi-finals,Ostrow Wielkopolski,Kielce,739,4252,26.0,36.0,13.0,22.0,FT,True,away
176192,2025-05-21,2025-05-21 16:00:00,78,Superliga,Poland,2024,4,MMTS Kwidzyn,Azoty-Pulawy,688,684,40.0,36.0,19.0,16.0,FT,True,home
176193,2025-05-21,2025-05-21 16:00:00,78,Superliga,Poland,2024,4,Piotrkowianin Piotrkow,Legionowo,689,732,20.0,26.0,9.0,13.0,FT,True,away
176194,2025-05-21,2025-05-21 16:00:00,78,Superliga,Poland,2024,4,Slask Wroclaw,Zaglebie,4225,697,30.0,32.0,12.0,16.0,AP,True,away
176607,2025-05-21,2025-05-21 18:30:00,78,Superliga,Poland,2024,Semi-finals,Zabrze,Wisla Plock,696,694,20.0,35.0,12.0,18.0,FT,True,away
176197,2025-05-24,2025-05-24 14:00:00,78,Superliga,Poland,2024,5,MMTS Kwidzyn,Zaglebie,688,697,36.0,35.0,16.0,17.0,AP,True,home
176751,2025-05-24,2025-05-24 16:00:00,78,Superliga,Poland,2024,5th place,Chrobry Glogow,Wybrzeze Gdansk,685,695,39.0,31.0,18.0,19.0,FT,True,home
176196,2025-05-25,2025-05-25 16:00:00,78,Superliga,Poland,2024,5,Legionowo,Slask Wroclaw,732,4225,27.0,28.0,15.0,15.0,FT,True,away
176195,2025-05-26,2025-05-26 16:00:00,78,Superliga,Poland,2024,5,Azoty-Pulawy,Piotrkowianin Piotrkow,684,689,42.0,36.0,21.0,19.0,FT,True,home
176752,2025-05-26,2025-05-26 16:00:00,78,Superliga,Poland,2024,7th place,Gwardia Opole,Kalisz,686,687,34.0,32.0,15.0,13.0,FT,True,home
176784,2025-05-26,2025-05-26 18:30:00,78,Superliga,Poland,2024,3rd place,Ostrow Wielkopolski,Zabrze,739,696,29.0,28.0,13.0,12.0,AP,True,home
176785,2025-05-27,2025-05-27 18:30:00,78,Superliga,Poland,2024,Final,Wisla Plock,Kielce,694,4252,30.0,29.0,11.0,15.0,FT,True,home
176786,2025-06-03,2025-06-03 18:30:00,78,Superliga,Poland,2024,3rd place,Zabrze,Ostrow Wielkopolski,696,739,35.0,31.0,19.0,16.0,FT,True,home
176787,2025-06-04,2025-06-04 18:30:00,78,Superliga,Poland,2024,Final,Kielce,Wisla Plock,4252,694,24.0,25.0,10.0,7.0,AP,True,away
176907,2025-06-07,2025-06-07 13:00:00,78,Superliga,Poland,2024,3rd place,Ostrow Wielkopolski,Zabrze,739,696,34.0,30.0,15.0,17.0,FT,True,home
169319,2024-09-13,2024-09-13 18:00:00,103,Liga ASOBAL,Spain,2024,1,Atl. Valladolid,Morrazo Cangas,960,969,34.0,34.0,17.0,12.0,FT,True,draw
169323,2024-09-13,2024-09-13 19:30:00,103,Liga ASOBAL,Spain,2024,1,La Rioja,Torrelavega,968,972,26.0,28.0,14.0,15.0,FT,True,away
169324,2024-09-14,2024-09-14 15:00:00,103,Liga ASOBAL,Spain,2024,1,Puente Genil,Ademar,971,957,29.0,31.0,15.0,11.0,FT,True,away
169320,2024-09-14,2024-09-14 16:30:00,103,Liga ASOBAL,Spain,2024,1,Barcelona,Huesca,962,967,39.0,30.0,19.0,13.0,FT,True,home
169322,2024-09-14,2024-09-14 18:00:00,103,Liga ASOBAL,Spain,2024,1,Cuenca,Granollers,965,966,38.0,35.0,18.0,17.0,FT,True,home
169318,2024-09-15,2024-09-15 10:30:00,103,Liga ASOBAL,Spain,2024,1,Anaitasuna,Nava,958,970,28.0,27.0,15.0,16.0,FT,True,home
169321,2024-09-15,2024-09-15 15:30:00,103,Liga ASOBAL,Spain,2024,1,Benidorm,Quabit Guadalajara,963,987,33.0,28.0,16.0,11.0,FT,True,home
169325,2024-09-15,2024-09-15 17:00:00,103,Liga ASOBAL,Spain,2024,1,Villa de Aranda,CD Bidasoa Irun,991,964,26.0,26.0,14.0,12.0,FT,True,draw
172481,2024-09-20,2024-09-20 18:00:00,103,Liga ASOBAL,Spain,2024,2,Granollers,Benidorm,966,963,37.0,31.0,15.0,13.0,FT,True,home
172482,2024-09-20,2024-09-20 19:30:00,103,Liga ASOBAL,Spain,2024,2,Quabit Guadalajara,Anaitasuna,987,958,32.0,29.0,13.0,16.0,FT,True,home
172483,2024-09-21,2024-09-21 15:00:00,103,Liga ASOBAL,Spain,2024,2,Torrelavega,Puente Genil,972,971,29.0,26.0,15.0,14.0,FT,True,home
172484,2024-09-21,2024-09-21 16:30:00,103,Liga ASOBAL,Spain,2024,2,Nava,Atl. Valladolid,970,960,38.0,33.0,18.0,16.0,FT,True,home
172486,2024-09-22,2024-09-22 10:30:00,103,Liga ASOBAL,Spain,2024,2,Ademar,Villa de Aranda,957,991,30.0,25.0,16.0,12.0,FT,True,home
172487,2024-09-22,2024-09-22 15:30:00,103,Liga ASOBAL,Spain,2024,2,Morrazo Cangas,La Rioja,969,968,29.0,30.0,17.0,17.0,FT,True,away
172488,2024-09-22,2024-09-22 18:00:00,103,Liga ASOBAL,Spain,2024,2,CD Bidasoa Irun,Barcelona,964,962,30.0,36.0,15.0,18.0,FT,True,away
172485,2024-09-22,2024-09-22 18:30:00,103,Liga ASOBAL,Spain,2024,2,Cuenca,Huesca,965,967,35.0,34.0,17.0,18.0,FT,True,home
172492,2024-09-27,2024-09-27 18:30:00,103,Liga ASOBAL,Spain,2024,3,Cuenca,Benidorm,965,963,29.0,32.0,13.0,14.0,FT,True,away
172494,2024-09-28,2024-09-28 14:30:00,103,Liga ASOBAL,Spain,2024,3,La Rioja,Nava,968,970,30.0,31.0,15.0,15.0,FT,True,away
172495,2024-09-28,2024-09-28 16:00:00,103,Liga ASOBAL,Spain,2024,3,Puente Genil,Morrazo Cangas,971,969,35.0,34.0,18.0,15.0,FT,True,home
172493,2024-09-28,2024-09-28 17:30:00,103,Liga ASOBAL,Spain,2024,3,CD Bidasoa Irun,Huesca,964,967,35.0,30.0,19.0,14.0,FT,True,home
172490,2024-09-29,2024-09-29 10:30:00,103,Liga ASOBAL,Spain,2024,3,Atl. Valladolid,Quabit Guadalajara,960,987,30.0,26.0,18.0,14.0,FT,True,home
172496,2024-09-29,2024-09-29 16:00:00,103,Liga ASOBAL,Spain,2024,3,Villa de Aranda,Torrelavega,991,972,31.0,36.0,18.0,19.0,FT,True,away
172489,2024-09-29,2024-09-29 17:30:00,103,Liga ASOBAL,Spain,2024,3,Anaitasuna,Granollers,958,966,28.0,29.0,14.0,14.0,FT,True,away
172504,2024-10-04,2024-10-04 18:00:00,103,Liga ASOBAL,Spain,2024,4,Ademar,Huesca,957,967,23.0,25.0,9.0,12.0,FT,True,away
172501,2024-10-04,2024-10-04 19:30:00,103,Liga ASOBAL,Spain,2024,4,Granollers,Atl. Valladolid,966,960,42.0,36.0,18.0,14.0,FT,True,home
172502,2024-10-05,2024-10-05 15:00:00,103,Liga ASOBAL,Spain,2024,4,CD Bidasoa Irun,Cuenca,964,965,28.0,27.0,15.0,14.0,FT,True,home
172500,2024-10-05,2024-10-05 16:30:00,103,Liga ASOBAL,Spain,2024,4,Nava,Puente Genil,970,971,32.0,32.0,16.0,17.0,FT,True,draw
172503,2024-10-05,2024-10-05 18:00:00,103,Liga ASOBAL,Spain,2024,4,Benidorm,Anaitasuna,963,958,26.0,26.0,15.0,16.0,FT,True,draw
172498,2024-10-06,2024-10-06 10:00:00,103,Liga ASOBAL,Spain,2024,4,Torrelavega,Barcelona,972,962,26.0,41.0,14.0,20.0,FT,True,away
172497,2024-10-06,2024-10-06 16:00:00,103,Liga ASOBAL,Spain,2024,4,Morrazo Cangas,Villa de Aranda,969,991,27.0,24.0,14.0,12.0,FT,True,home
172499,2024-10-06,2024-10-06 17:30:00,103,Liga ASOBAL,Spain,2024,4,Quabit Guadalajara,La Rioja,987,968,22.0,32.0,10.0,13.0,FT,True,away
172511,2024-10-11,2024-10-11 18:30:00,103,Liga ASOBAL,Spain,2024,5,Puente Genil,Quabit Guadalajara,971,987,28.0,31.0,10.0,12.0,FT,True,away
172510,2024-10-12,2024-10-12 14:00:00,103,Liga ASOBAL,Spain,2024,5,La Rioja,Granollers,968,966,38.0,42.0,17.0,22.0,FT,True,away
172506,2024-10-12,2024-10-12 15:00:00,103,Liga ASOBAL,Spain,2024,5,Barcelona,Morrazo Cangas,962,969,45.0,38.0,19.0,17.0,FT,True,home
172507,2024-10-12,2024-10-12 17:00:00,103,Liga ASOBAL,Spain,2024,5,CD Bidasoa Irun,Ademar,964,957,22.0,27.0,12.0,14.0,FT,True,away
172509,2024-10-12,2024-10-12 18:30:00,103,Liga ASOBAL,Spain,2024,5,Huesca,Torrelavega,967,972,29.0,30.0,15.0,18.0,FT,True,away
172508,2024-10-13,2024-10-13 10:30:00,103,Liga ASOBAL,Spain,2024,5,Cuenca,Anaitasuna,965,958,31.0,30.0,16.0,14.0,FT,True,home
172512,2024-10-13,2024-10-13 16:00:00,103,Liga ASOBAL,Spain,2024,5,Villa de Aranda,Nava,991,970,31.0,34.0,17.0,19.0,FT,True,away
172505,2024-10-13,2024-10-13 17:30:00,103,Liga ASOBAL,Spain,2024,5,Atl. Valladolid,Benidorm,960,963,27.0,24.0,10.0,11.0,FT,True,home
172516,2024-10-18,2024-10-18 18:00:00,103,Liga ASOBAL,Spain,2024,6,Granollers,Puente Genil,966,971,32.0,32.0,18.0,17.0,FT,True,draw
172520,2024-10-18,2024-10-18 19:30:00,103,Liga ASOBAL,Spain,2024,6,Ademar,Cuenca,957,965,33.0,32.0,16.0,11.0,FT,True,home
172519,2024-10-19,2024-10-19 15:00:00,103,Liga ASOBAL,Spain,2024,6,Anaitasuna,Atl. Valladolid,958,960,22.0,27.0,7.0,14.0,FT,True,away
172514,2024-10-19,2024-10-19 16:30:00,103,Liga ASOBAL,Spain,2024,6,Torrelavega,CD Bidasoa Irun,972,964,30.0,34.0,12.0,18.0,FT,True,away
172515,2024-10-19,2024-10-19 18:00:00,103,Liga ASOBAL,Spain,2024,6,Quabit Guadalajara,Villa de Aranda,987,991,34.0,35.0,18.0,23.0,FT,True,away
172518,2024-10-20,2024-10-20 10:30:00,103,Liga ASOBAL,Spain,2024,6,Benidorm,La Rioja,963,968,29.0,30.0,14.0,12.0,FT,True,away
172517,2024-10-20,2024-10-20 16:00:00,103,Liga ASOBAL,Spain,2024,6,Morrazo Cangas,Huesca,969,967,38.0,29.0,17.0,11.0,FT,True,home
172513,2024-10-20,2024-10-20 17:30:00,103,Liga ASOBAL,Spain,2024,6,Nava,Barcelona,970,962,29.0,43.0,12.0,22.0,FT,True,away
172528,2024-10-25,2024-10-25 18:30:00,103,Liga ASOBAL,Spain,2024,7,Villa de Aranda,Granollers,991,966,31.0,36.0,14.0,19.0,FT,True,away
172522,2024-10-26,2024-10-26 15:30:00,103,Liga ASOBAL,Spain,2024,7,Barcelona,Quabit Guadalajara,962,987,49.0,33.0,24.0,17.0,FT,True,home
172526,2024-10-26,2024-10-26 16:00:00,103,Liga ASOBAL,Spain,2024,7,La Rioja,Anaitasuna,968,958,32.0,28.0,19.0,14.0,FT,True,home
172523,2024-10-26,2024-10-26 17:30:00,103,Liga ASOBAL,Spain,2024,7,CD Bidasoa Irun,Morrazo Cangas,964,969,30.0,24.0,17.0,14.0,FT,True,home
172521,2024-10-26,2024-10-26 19:00:00,103,Liga ASOBAL,Spain,2024,7,Ademar,Torrelavega,957,972,28.0,35.0,14.0,17.0,FT,True,away
172527,2024-10-27,2024-10-27 11:30:00,103,Liga ASOBAL,Spain,2024,7,Puente Genil,Benidorm,971,963,32.0,31.0,16.0,16.0,FT,True,home
172524,2024-10-27,2024-10-27 18:00:00,103,Liga ASOBAL,Spain,2024,7,Cuenca,Atl. Valladolid,965,960,30.0,30.0,17.0,16.0,FT,True,draw
172525,2024-10-27,2024-10-27 19:30:00,103,Liga ASOBAL,Spain,2024,7,Huesca,Nava,967,970,30.0,33.0,14.0,17.0,FT,True,away
172535,2024-11-01,2024-11-01 19:30:00,103,Liga ASOBAL,Spain,2024,8,Atl. Valladolid,La Rioja,960,968,40.0,40.0,19.0,17.0,FT,True,draw
172529,2024-11-02,2024-11-02 17:30:00,103,Liga ASOBAL,Spain,2024,8,Morrazo Cangas,Ademar,969,957,21.0,22.0,9.0,12.0,FT,True,away
172536,2024-11-02,2024-11-02 18:30:00,103,Liga ASOBAL,Spain,2024,8,Anaitasuna,Puente Genil,958,971,27.0,25.0,15.0,15.0,FT,True,home
172531,2024-11-02,2024-11-02 20:00:00,103,Liga ASOBAL,Spain,2024,8,Quabit Guadalajara,Huesca,987,967,29.0,29.0,16.0,12.0,FT,True,draw
172532,2024-11-03,2024-11-03 11:30:00,103,Liga ASOBAL,Spain,2024,8,Nava,CD Bidasoa Irun,970,964,37.0,33.0,21.0,17.0,FT,True,home
172533,2024-11-03,2024-11-03 18:00:00,103,Liga ASOBAL,Spain,2024,8,Granollers,Barcelona,966,962,27.0,31.0,17.0,18.0,FT,True,away
172530,2024-11-03,2024-11-03 19:30:00,103,Liga ASOBAL,Spain,2024,8,Torrelavega,Cuenca,972,965,28.0,25.0,14.0,11.0,FT,True,home
172491,2024-11-12,2024-11-12 19:00:00,103,Liga ASOBAL,Spain,2024,3,Barcelona,Ademar,962,957,42.0,25.0,20.0,13.0,FT,True,home
172538,2024-11-14,2024-11-14 19:30:00,103,Liga ASOBAL,Spain,2024,9,Barcelona,Benidorm,962,963,44.0,30.0,23.0,15.0,FT,True,home
172539,2024-11-15,2024-11-15 19:00:00,103,Liga ASOBAL,Spain,2024,9,CD Bidasoa Irun,Quabit Guadalajara,964,987,37.0,27.0,16.0,11.0,FT,True,home
172541,2024-11-15,2024-11-15 20:30:00,103,Liga ASOBAL,Spain,2024,9,Huesca,Granollers,967,966,34.0,37.0,15.0,17.0,FT,True,away
172540,2024-11-16,2024-11-16 17:00:00,103,Liga ASOBAL,Spain,2024,9,Cuenca,La Rioja,965,968,35.0,31.0,18.0,17.0,FT,True,home
172537,2024-11-16,2024-11-16 18:30:00,103,Liga ASOBAL,Spain,2024,9,Ademar,Nava,957,970,34.0,27.0,15.0,11.0,FT,True,home
172542,2024-11-17,2024-11-17 11:30:00,103,Liga ASOBAL,Spain,2024,9,Puente Genil,Atl. Valladolid,971,960,29.0,28.0,15.0,13.0,FT,True,home
172544,2024-11-17,2024-11-17 16:30:00,103,Liga ASOBAL,Spain,2024,9,Villa de Aranda,Anaitasuna,991,958,27.0,26.0,16.0,15.0,FT,True,home
172543,2024-11-17,2024-11-17 18:00:00,103,Liga ASOBAL,Spain,2024,9,Torrelavega,Morrazo Cangas,972,969,31.0,29.0,14.0,16.0,FT,True,home
172550,2024-11-22,2024-11-22 19:30:00,103,Liga ASOBAL,Spain,2024,10,Benidorm,Huesca,963,967,28.0,30.0,15.0,18.0,FT,True,away
172545,2024-11-23,2024-11-23 16:30:00,103,Liga ASOBAL,Spain,2024,10,Morrazo Cangas,Cuenca,969,965,36.0,29.0,19.0,11.0,FT,True,home
172552,2024-11-23,2024-11-23 17:15:00,103,Liga ASOBAL,Spain,2024,10,Anaitasuna,Barcelona,958,962,31.0,38.0,16.0,19.0,FT,True,away
172548,2024-11-23,2024-11-23 18:00:00,103,Liga ASOBAL,Spain,2024,10,Granollers,CD Bidasoa Irun,966,964,36.0,35.0,19.0,20.0,FT,True,home
172547,2024-11-23,2024-11-23 19:30:00,103,Liga ASOBAL,Spain,2024,10,Nava,Torrelavega,970,972,28.0,29.0,15.0,13.0,FT,True,away
172551,2024-11-24,2024-11-24 11:30:00,103,Liga ASOBAL,Spain,2024,10,Atl. Valladolid,Villa de Aranda,960,991,37.0,26.0,17.0,13.0,FT,True,home
172549,2024-11-24,2024-11-24 17:30:00,103,Liga ASOBAL,Spain,2024,10,La Rioja,Puente Genil,968,971,33.0,34.0,16.0,16.0,FT,True,away
172546,2024-11-24,2024-11-24 19:00:00,103,Liga ASOBAL,Spain,2024,10,Quabit Guadalajara,Ademar,987,957,28.0,28.0,16.0,16.0,FT,True,draw
172534,2024-11-27,2024-11-27 19:15:00,103,Liga ASOBAL,Spain,2024,8,Villa de Aranda,Benidorm,991,963,32.0,24.0,15.0,7.0,FT,True,home
172556,2024-11-29,2024-11-29 19:30:00,103,Liga ASOBAL,Spain,2024,11,Cuenca,Puente Genil,965,971,35.0,28.0,15.0,13.0,FT,True,home
172560,2024-11-30,2024-11-30 15:00:00,103,Liga ASOBAL,Spain,2024,11,Villa de Aranda,La Rioja,991,968,32.0,27.0,17.0,14.0,FT,True,home
172555,2024-11-30,2024-11-30 16:30:00,103,Liga ASOBAL,Spain,2024,11,CD Bidasoa Irun,Benidorm,964,963,31.0,30.0,15.0,14.0,FT,True,home
172554,2024-11-30,2024-11-30 18:00:00,103,Liga ASOBAL,Spain,2024,11,Barcelona,Atl. Valladolid,962,960,34.0,30.0,19.0,11.0,FT,True,home
172558,2024-11-30,2024-11-30 19:30:00,103,Liga ASOBAL,Spain,2024,11,Morrazo Cangas,Nava,969,970,34.0,35.0,16.0,20.0,FT,True,away
172553,2024-12-01,2024-12-01 11:30:00,103,Liga ASOBAL,Spain,2024,11,Ademar,Granollers,957,966,31.0,24.0,16.0,14.0,FT,True,home
172559,2024-12-01,2024-12-01 17:00:00,103,Liga ASOBAL,Spain,2024,11,Torrelavega,Quabit Guadalajara,972,987,36.0,30.0,22.0,19.0,FT,True,home
172557,2024-12-01,2024-12-01 19:00:00,103,Liga ASOBAL,Spain,2024,11,Huesca,Anaitasuna,967,958,35.0,40.0,14.0,17.0,FT,True,away
172563,2024-12-07,2024-12-07 16:00:00,103,Liga ASOBAL,Spain,2024,12,Puente Genil,Villa de Aranda,971,991,31.0,28.0,15.0,13.0,FT,True,home
172565,2024-12-07,2024-12-07 17:30:00,103,Liga ASOBAL,Spain,2024,12,La Rioja,Barcelona,968,962,28.0,38.0,14.0,21.0,FT,True,away
172562,2024-12-07,2024-12-07 18:00:00,103,Liga ASOBAL,Spain,2024,12,Quabit Guadalajara,Morrazo Cangas,987,969,31.0,37.0,12.0,16.0,FT,True,away
172564,2024-12-07,2024-12-07 19:00:00,103,Liga ASOBAL,Spain,2024,12,Granollers,Torrelavega,966,972,32.0,32.0,16.0,16.0,FT,True,draw
172561,2024-12-07,2024-12-07 20:30:00,103,Liga ASOBAL,Spain,2024,12,Nava,Cuenca,970,965,28.0,32.0,15.0,12.0,FT,True,away
172567,2024-12-08,2024-12-08 11:30:00,103,Liga ASOBAL,Spain,2024,12,Atl. Valladolid,Huesca,960,967,24.0,21.0,14.0,11.0,FT,True,home
172566,2024-12-08,2024-12-08 16:00:00,103,Liga ASOBAL,Spain,2024,12,Benidorm,Ademar,963,957,28.0,28.0,13.0,14.0,FT,True,draw
172568,2024-12-08,2024-12-08 17:30:00,103,Liga ASOBAL,Spain,2024,12,Anaitasuna,CD Bidasoa Irun,958,964,28.0,29.0,12.0,12.0,FT,True,away
172570,2024-12-12,2024-12-12 19:30:00,103,Liga ASOBAL,Spain,2024,13,Barcelona,Puente Genil,962,971,44.0,26.0,19.0,12.0,FT,True,home
172573,2024-12-13,2024-12-13 19:00:00,103,Liga ASOBAL,Spain,2024,13,Huesca,La Rioja,967,968,28.0,32.0,15.0,16.0,FT,True,away
172571,2024-12-13,2024-12-13 19:45:00,103,Liga ASOBAL,Spain,2024,13,CD Bidasoa Irun,Atl. Valladolid,964,960,32.0,27.0,16.0,13.0,FT,True,home
172572,2024-12-13,2024-12-13 20:30:00,103,Liga ASOBAL,Spain,2024,13,Cuenca,Villa de Aranda,965,991,24.0,24.0,15.0,10.0,FT,True,draw
172576,2024-12-14,2024-12-14 16:30:00,103,Liga ASOBAL,Spain,2024,13,Torrelavega,Benidorm,972,963,29.0,29.0,15.0,14.0,FT,True,draw
172569,2024-12-14,2024-12-14 18:00:00,103,Liga ASOBAL,Spain,2024,13,Ademar,Anaitasuna,957,958,26.0,25.0,15.0,13.0,FT,True,home
172575,2024-12-14,2024-12-14 20:00:00,103,Liga ASOBAL,Spain,2024,13,Nava,Quabit Guadalajara,970,987,35.0,29.0,17.0,15.0,FT,True,home
172574,2024-12-15,2024-12-15 12:00:00,103,Liga ASOBAL,Spain,2024,13,Morrazo Cangas,Granollers,969,966,38.0,36.0,19.0,20.0,FT,True,home
172577,2024-12-17,2024-12-17 19:00:00,103,Liga ASOBAL,Spain,2024,14,La Rioja,CD Bidasoa Irun,968,964,29.0,31.0,16.0,15.0,FT,True,away
172578,2024-12-17,2024-12-17 19:30:00,103,Liga ASOBAL,Spain,2024,14,Villa de Aranda,Barcelona,991,962,27.0,42.0,11.0,20.0,FT,True,away
172580,2024-12-17,2024-12-17 20:00:00,103,Liga ASOBAL,Spain,2024,14,Cuenca,Quabit Guadalajara,965,987,24.0,17.0,12.0,11.0,FT,True,home
172579,2024-12-17,2024-12-17 20:30:00,103,Liga ASOBAL,Spain,2024,14,Puente Genil,Huesca,971,967,27.0,21.0,13.0,12.0,FT,True,home
172582,2024-12-18,2024-12-18 19:00:00,103,Liga ASOBAL,Spain,2024,14,Benidorm,Morrazo Cangas,963,969,38.0,37.0,16.0,20.0,FT,True,home
172583,2024-12-18,2024-12-18 19:30:00,103,Liga ASOBAL,Spain,2024,14,Atl. Valladolid,Ademar,960,957,35.0,31.0,15.0,16.0,FT,True,home
172581,2024-12-18,2024-12-18 20:00:00,103,Liga ASOBAL,Spain,2024,14,Granollers,Nava,966,970,38.0,33.0,19.0,18.0,FT,True,home
172584,2024-12-18,2024-12-18 20:30:00,103,Liga ASOBAL,Spain,2024,14,Anaitasuna,Torrelavega,958,972,29.0,33.0,17.0,16.0,FT,True,away
172586,2024-12-20,2024-12-20 19:30:00,103,Liga ASOBAL,Spain,2024,15,Barcelona,Cuenca,962,965,35.0,26.0,18.0,14.0,FT,True,home
172588,2024-12-21,2024-12-21 16:30:00,103,Liga ASOBAL,Spain,2024,15,Huesca,Villa de Aranda,967,991,29.0,32.0,12.0,14.0,FT,True,away
172587,2024-12-21,2024-12-21 18:00:00,103,Liga ASOBAL,Spain,2024,15,CD Bidasoa Irun,Puente Genil,964,971,31.0,25.0,16.0,13.0,FT,True,home
172591,2024-12-21,2024-12-21 19:30:00,103,Liga ASOBAL,Spain,2024,15,Quabit Guadalajara,Granollers,987,966,27.0,28.0,12.0,11.0,FT,True,away
172590,2024-12-22,2024-12-22 11:30:00,103,Liga ASOBAL,Spain,2024,15,Nava,Benidorm,970,963,31.0,31.0,10.0,14.0,FT,True,draw
172592,2024-12-22,2024-12-22 15:30:00,103,Liga ASOBAL,Spain,2024,15,Torrelavega,Atl. Valladolid,972,960,31.0,31.0,13.0,13.0,FT,True,draw
172585,2024-12-22,2024-12-22 17:00:00,103,Liga ASOBAL,Spain,2024,15,Ademar,La Rioja,957,968,30.0,38.0,15.0,21.0,FT,True,away
172589,2024-12-22,2024-12-22 18:30:00,103,Liga ASOBAL,Spain,2024,15,Morrazo Cangas,Anaitasuna,969,958,30.0,30.0,14.0,16.0,FT,True,draw
172596,2025-02-08,2025-02-08 16:30:00,103,Liga ASOBAL,Spain,2024,16,Ademar,Puente Genil,957,971,31.0,20.0,15.0,9.0,FT,True,home
172597,2025-02-08,2025-02-08 18:00:00,103,Liga ASOBAL,Spain,2024,16,Morrazo Cangas,Atl. Valladolid,969,960,30.0,26.0,17.0,11.0,FT,True,home
172595,2025-02-08,2025-02-08 19:30:00,103,Liga ASOBAL,Spain,2024,16,Quabit Guadalajara,Benidorm,987,963,37.0,31.0,16.0,13.0,FT,True,home
172593,2025-02-09,2025-02-09 19:00:00,103,Liga ASOBAL,Spain,2024,16,Nava,Anaitasuna,970,958,27.0,28.0,14.0,17.0,FT,True,away
172605,2025-02-14,2025-02-14 18:00:00,103,Liga ASOBAL,Spain,2024,17,Benidorm,Granollers,963,966,27.0,37.0,12.0,19.0,FT,True,away
172603,2025-02-14,2025-02-14 19:30:00,103,Liga ASOBAL,Spain,2024,17,La Rioja,Morrazo Cangas,968,969,33.0,28.0,13.0,11.0,FT,True,home
172604,2025-02-15,2025-02-15 16:30:00,103,Liga ASOBAL,Spain,2024,17,Villa de Aranda,Ademar,991,957,25.0,27.0,13.0,11.0,FT,True,away
172606,2025-02-15,2025-02-15 18:00:00,103,Liga ASOBAL,Spain,2024,17,Barcelona,CD Bidasoa Irun,962,964,32.0,30.0,15.0,16.0,FT,True,home
172607,2025-02-15,2025-02-15 19:30:00,103,Liga ASOBAL,Spain,2024,17,Atl. Valladolid,Nava,960,970,35.0,32.0,17.0,18.0,FT,True,home
172608,2025-02-16,2025-02-16 11:30:00,103,Liga ASOBAL,Spain,2024,17,Anaitasuna,Quabit Guadalajara,958,987,27.0,29.0,12.0,13.0,FT,True,away
172601,2025-02-16,2025-02-16 17:30:00,103,Liga ASOBAL,Spain,2024,17,Huesca,Cuenca,967,965,32.0,30.0,13.0,13.0,FT,True,home
172602,2025-02-16,2025-02-16 19:00:00,103,Liga ASOBAL,Spain,2024,17,Puente Genil,Torrelavega,971,972,26.0,30.0,12.0,15.0,FT,True,away
172611,2025-02-21,2025-02-21 19:30:00,103,Liga ASOBAL,Spain,2024,18,Huesca,CD Bidasoa Irun,967,964,25.0,26.0,14.0,13.0,FT,True,away
172612,2025-02-22,2025-02-22 16:00:00,103,Liga ASOBAL,Spain,2024,18,Granollers,Anaitasuna,966,958,36.0,31.0,18.0,13.0,FT,True,home
172616,2025-02-22,2025-02-22 17:30:00,103,Liga ASOBAL,Spain,2024,18,Torrelavega,Villa de Aranda,972,991,25.0,26.0,14.0,13.0,FT,True,away
172614,2025-02-22,2025-02-22 19:00:00,103,Liga ASOBAL,Spain,2024,18,Nava,La Rioja,970,968,32.0,32.0,14.0,12.0,FT,True,draw
172610,2025-02-23,2025-02-23 11:30:00,103,Liga ASOBAL,Spain,2024,18,Benidorm,Cuenca,963,965,32.0,38.0,17.0,18.0,FT,True,away
172613,2025-02-23,2025-02-23 16:30:00,103,Liga ASOBAL,Spain,2024,18,Morrazo Cangas,Puente Genil,969,971,26.0,25.0,15.0,13.0,FT,True,home
172615,2025-02-23,2025-02-23 18:00:00,103,Liga ASOBAL,Spain,2024,18,Quabit Guadalajara,Atl. Valladolid,987,960,24.0,29.0,12.0,18.0,FT,True,away
172618,2025-02-28,2025-02-28 18:00:00,103,Liga ASOBAL,Spain,2024,19,Puente Genil,Nava,971,970,32.0,33.0,13.0,17.0,FT,True,away
172623,2025-02-28,2025-02-28 19:30:00,103,Liga ASOBAL,Spain,2024,19,Atl. Valladolid,Granollers,960,966,42.0,35.0,22.0,19.0,FT,True,home
172622,2025-03-01,2025-03-01 15:30:00,103,Liga ASOBAL,Spain,2024,19,Barcelona,Torrelavega,962,972,40.0,34.0,23.0,19.0,FT,True,home
172619,2025-03-01,2025-03-01 16:30:00,103,Liga ASOBAL,Spain,2024,19,La Rioja,Quabit Guadalajara,968,987,39.0,32.0,20.0,14.0,FT,True,home
172621,2025-03-01,2025-03-01 18:00:00,103,Liga ASOBAL,Spain,2024,19,Cuenca,CD Bidasoa Irun,965,964,32.0,30.0,19.0,12.0,FT,True,home
172624,2025-03-02,2025-03-02 11:30:00,103,Liga ASOBAL,Spain,2024,19,Anaitasuna,Benidorm,958,963,30.0,29.0,13.0,16.0,FT,True,home
172617,2025-03-02,2025-03-02 17:00:00,103,Liga ASOBAL,Spain,2024,19,Huesca,Ademar,967,957,22.0,25.0,11.0,13.0,FT,True,away
172620,2025-03-02,2025-03-02 18:30:00,103,Liga ASOBAL,Spain,2024,19,Villa de Aranda,Morrazo Cangas,991,969,29.0,27.0,11.0,12.0,FT,True,home
172630,2025-03-07,2025-03-07 19:30:00,103,Liga ASOBAL,Spain,2024,20,Nava,Villa de Aranda,970,991,27.0,28.0,12.0,14.0,FT,True,away
172627,2025-03-08,2025-03-08 16:00:00,103,Liga ASOBAL,Spain,2024,20,Benidorm,Atl. Valladolid,963,960,28.0,30.0,14.0,15.0,FT,True,away
172631,2025-03-08,2025-03-08 17:30:00,103,Liga ASOBAL,Spain,2024,20,Quabit Guadalajara,Puente Genil,987,971,26.0,25.0,13.0,10.0,FT,True,home
172625,2025-03-08,2025-03-08 19:00:00,103,Liga ASOBAL,Spain,2024,20,Ademar,CD Bidasoa Irun,957,964,29.0,29.0,14.0,15.0,FT,True,draw
172626,2025-03-09,2025-03-09 11:30:00,103,Liga ASOBAL,Spain,2024,20,Anaitasuna,Cuenca,958,965,33.0,26.0,17.0,15.0,FT,True,home
172629,2025-03-09,2025-03-09 16:00:00,103,Liga ASOBAL,Spain,2024,20,Morrazo Cangas,Barcelona,969,962,30.0,36.0,18.0,20.0,FT,True,away
172632,2025-03-09,2025-03-09 17:30:00,103,Liga ASOBAL,Spain,2024,20,Torrelavega,Huesca,972,967,34.0,29.0,20.0,13.0,FT,True,home
172628,2025-03-09,2025-03-09 19:00:00,103,Liga ASOBAL,Spain,2024,20,Granollers,La Rioja,966,968,28.0,27.0,10.0,14.0,FT,True,home
172598,2025-03-19,2025-03-19 18:00:00,103,Liga ASOBAL,Spain,2024,16,Granollers,Cuenca,966,965,34.0,27.0,16.0,16.0,FT,True,home
172599,2025-03-19,2025-03-19 18:30:00,103,Liga ASOBAL,Spain,2024,16,CD Bidasoa Irun,Villa de Aranda,964,991,34.0,27.0,16.0,14.0,FT,True,home
172600,2025-03-19,2025-03-19 19:00:00,103,Liga ASOBAL,Spain,2024,16,Huesca,Barcelona,967,962,21.0,39.0,7.0,16.0,FT,True,away
172594,2025-03-19,2025-03-19 19:30:00,103,Liga ASOBAL,Spain,2024,16,Torrelavega,La Rioja,972,968,28.0,41.0,15.0,15.0,FT,True,away
172639,2025-03-22,2025-03-22 12:00:00,103,Liga ASOBAL,Spain,2024,21,Barcelona,Nava,962,970,40.0,32.0,24.0,14.0,FT,True,home
172635,2025-03-22,2025-03-22 16:00:00,103,Liga ASOBAL,Spain,2024,21,La Rioja,Benidorm,968,963,34.0,30.0,11.0,17.0,FT,True,home
172634,2025-03-22,2025-03-22 17:30:00,103,Liga ASOBAL,Spain,2024,21,Puente Genil,Granollers,971,966,28.0,35.0,14.0,14.0,FT,True,away
172638,2025-03-22,2025-03-22 19:00:00,103,Liga ASOBAL,Spain,2024,21,CD Bidasoa Irun,Torrelavega,964,972,25.0,25.0,12.0,13.0,FT,True,draw
172640,2025-03-23,2025-03-23 11:30:00,103,Liga ASOBAL,Spain,2024,21,Atl. Valladolid,Anaitasuna,960,958,34.0,26.0,17.0,10.0,FT,True,home
172636,2025-03-23,2025-03-23 16:00:00,103,Liga ASOBAL,Spain,2024,21,Cuenca,Ademar,965,957,30.0,30.0,13.0,15.0,FT,True,draw
172633,2025-03-23,2025-03-23 17:30:00,103,Liga ASOBAL,Spain,2024,21,Villa de Aranda,Quabit Guadalajara,991,987,22.0,23.0,15.0,14.0,FT,True,away
172637,2025-03-23,2025-03-23 19:00:00,103,Liga ASOBAL,Spain,2024,21,Huesca,Morrazo Cangas,967,969,31.0,28.0,15.0,15.0,FT,True,home
172609,2025-03-27,2025-03-27 19:30:00,103,Liga ASOBAL,Spain,2024,18,Ademar,Barcelona,957,962,30.0,35.0,13.0,20.0,FT,True,away
172641,2025-03-28,2025-03-28 19:00:00,103,Liga ASOBAL,Spain,2024,22,Anaitasuna,La Rioja,958,968,27.0,30.0,13.0,14.0,FT,True,away
172643,2025-03-29,2025-03-29 15:00:00,103,Liga ASOBAL,Spain,2024,22,Benidorm,Puente Genil,963,971,28.0,25.0,14.0,15.0,FT,True,home
172644,2025-03-29,2025-03-29 16:30:00,103,Liga ASOBAL,Spain,2024,22,Granollers,Villa de Aranda,966,991,40.0,30.0,16.0,14.0,FT,True,home
172642,2025-03-29,2025-03-29 18:00:00,103,Liga ASOBAL,Spain,2024,22,Atl. Valladolid,Cuenca,960,965,28.0,27.0,14.0,14.0,FT,True,home
172647,2025-03-29,2025-03-29 19:00:00,103,Liga ASOBAL,Spain,2024,22,Quabit Guadalajara,Barcelona,987,962,27.0,36.0,14.0,16.0,FT,True,away
172646,2025-03-30,2025-03-30 10:30:00,103,Liga ASOBAL,Spain,2024,22,Nava,Huesca,970,967,31.0,31.0,13.0,14.0,FT,True,draw
172648,2025-03-30,2025-03-30 16:15:00,103,Liga ASOBAL,Spain,2024,22,Torrelavega,Ademar,972,957,23.0,23.0,10.0,11.0,FT,True,draw
172645,2025-03-30,2025-03-30 17:45:00,103,Liga ASOBAL,Spain,2024,22,Morrazo Cangas,CD Bidasoa Irun,969,964,30.0,31.0,11.0,14.0,FT,True,away
172656,2025-04-04,2025-04-04 17:00:00,103,Liga ASOBAL,Spain,2024,23,Barcelona,Granollers,962,966,30.0,31.0,18.0,16.0,FT,True,away
172655,2025-04-04,2025-04-04 18:30:00,103,Liga ASOBAL,Spain,2024,23,CD Bidasoa Irun,Nava,964,970,37.0,29.0,18.0,13.0,FT,True,home
172652,2025-04-05,2025-04-05 14:00:00,103,Liga ASOBAL,Spain,2024,23,Puente Genil,Anaitasuna,971,958,26.0,23.0,16.0,11.0,FT,True,home
172653,2025-04-05,2025-04-05 15:00:00,103,Liga ASOBAL,Spain,2024,23,Cuenca,Torrelavega,965,972,26.0,35.0,14.0,20.0,FT,True,away
172651,2025-04-05,2025-04-05 16:30:00,103,Liga ASOBAL,Spain,2024,23,La Rioja,Atl. Valladolid,968,960,34.0,27.0,14.0,12.0,FT,True,home
172654,2025-04-05,2025-04-05 18:00:00,103,Liga ASOBAL,Spain,2024,23,Ademar,Morrazo Cangas,957,969,38.0,36.0,21.0,17.0,FT,True,home
172649,2025-04-06,2025-04-06 10:30:00,103,Liga ASOBAL,Spain,2024,23,Benidorm,Villa de Aranda,963,991,32.0,31.0,18.0,19.0,FT,True,home
172650,2025-04-06,2025-04-06 16:00:00,103,Liga ASOBAL,Spain,2024,23,Huesca,Quabit Guadalajara,967,987,30.0,24.0,15.0,14.0,FT,True,home
172660,2025-04-11,2025-04-11 17:00:00,103,Liga ASOBAL,Spain,2024,24,La Rioja,Cuenca,968,965,38.0,26.0,21.0,17.0,FT,True,home
172664,2025-04-11,2025-04-11 18:30:00,103,Liga ASOBAL,Spain,2024,24,Anaitasuna,Villa de Aranda,958,991,22.0,32.0,11.0,16.0,FT,True,away
172661,2025-04-12,2025-04-12 15:30:00,103,Liga ASOBAL,Spain,2024,24,Morrazo Cangas,Torrelavega,969,972,29.0,25.0,13.0,14.0,FT,True,home
172658,2025-04-12,2025-04-12 17:00:00,103,Liga ASOBAL,Spain,2024,24,Benidorm,Barcelona,963,962,23.0,37.0,10.0,20.0,FT,True,away
172663,2025-04-12,2025-04-12 18:30:00,103,Liga ASOBAL,Spain,2024,24,Quabit Guadalajara,CD Bidasoa Irun,987,964,29.0,35.0,12.0,16.0,FT,True,away
172662,2025-04-13,2025-04-13 10:30:00,103,Liga ASOBAL,Spain,2024,24,Nava,Ademar,970,957,33.0,27.0,16.0,16.0,FT,True,home
172659,2025-04-13,2025-04-13 15:30:00,103,Liga ASOBAL,Spain,2024,24,Granollers,Huesca,966,967,41.0,32.0,14.0,16.0,FT,True,home
172657,2025-04-13,2025-04-13 17:00:00,103,Liga ASOBAL,Spain,2024,24,Atl. Valladolid,Puente Genil,960,971,27.0,25.0,13.0,12.0,FT,True,home
172675,2025-04-15,2025-04-15 17:30:00,103,Liga ASOBAL,Spain,2024,26,Benidorm,CD Bidasoa Irun,963,964,27.0,27.0,14.0,13.0,FT,True,draw
172674,2025-04-16,2025-04-16 18:30:00,103,Liga ASOBAL,Spain,2024,26,Atl. Valladolid,Barcelona,960,962,26.0,24.0,15.0,10.0,FT,True,home
172667,2025-04-18,2025-04-18 17:00:00,103,Liga ASOBAL,Spain,2024,25,Torrelavega,Nava,972,970,28.0,24.0,13.0,13.0,FT,True,home
172670,2025-04-18,2025-04-18 18:30:00,103,Liga ASOBAL,Spain,2024,25,Barcelona,Anaitasuna,962,958,39.0,25.0,19.0,14.0,FT,True,home
172665,2025-04-19,2025-04-19 17:30:00,103,Liga ASOBAL,Spain,2024,25,Huesca,Benidorm,967,963,30.0,26.0,16.0,14.0,FT,True,home
172669,2025-04-19,2025-04-19 19:00:00,103,Liga ASOBAL,Spain,2024,25,CD Bidasoa Irun,Granollers,964,966,30.0,28.0,14.0,15.0,FT,True,home
172672,2025-04-20,2025-04-20 10:30:00,103,Liga ASOBAL,Spain,2024,25,Cuenca,Morrazo Cangas,965,969,33.0,30.0,16.0,16.0,FT,True,home
172671,2025-04-20,2025-04-20 15:00:00,103,Liga ASOBAL,Spain,2024,25,Ademar,Quabit Guadalajara,957,987,31.0,25.0,15.0,10.0,FT,True,home
172668,2025-04-20,2025-04-20 16:30:00,103,Liga ASOBAL,Spain,2024,25,Puente Genil,La Rioja,971,968,26.0,28.0,14.0,15.0,FT,True,away
172666,2025-04-20,2025-04-20 18:00:00,103,Liga ASOBAL,Spain,2024,25,Villa de Aranda,Atl. Valladolid,991,960,31.0,30.0,12.0,14.0,FT,True,home
172679,2025-04-26,2025-04-26 15:00:00,103,Liga ASOBAL,Spain,2024,26,Puente Genil,Cuenca,971,965,33.0,24.0,13.0,13.0,FT,True,home
172678,2025-04-26,2025-04-26 16:30:00,103,Liga ASOBAL,Spain,2024,26,Nava,Morrazo Cangas,970,969,30.0,26.0,14.0,15.0,FT,True,home
172680,2025-04-26,2025-04-26 18:00:00,103,Liga ASOBAL,Spain,2024,26,Quabit Guadalajara,Torrelavega,987,972,28.0,25.0,12.0,10.0,FT,True,home
172673,2025-04-27,2025-04-27 10:30:00,103,Liga ASOBAL,Spain,2024,26,Anaitasuna,Huesca,958,967,26.0,24.0,11.0,9.0,FT,True,home
172677,2025-04-27,2025-04-27 15:30:00,103,Liga ASOBAL,Spain,2024,26,La Rioja,Villa de Aranda,968,991,36.0,30.0,21.0,17.0,FT,True,home
172676,2025-04-27,2025-04-27 18:00:00,103,Liga ASOBAL,Spain,2024,26,Granollers,Ademar,966,957,30.0,30.0,17.0,15.0,FT,True,draw
172685,2025-05-02,2025-05-02 17:00:00,103,Liga ASOBAL,Spain,2024,27,Huesca,Atl. Valladolid,967,960,35.0,26.0,17.0,11.0,FT,True,home
172687,2025-05-02,2025-05-02 18:30:00,103,Liga ASOBAL,Spain,2024,27,Ademar,Benidorm,957,963,27.0,23.0,12.0,9.0,FT,True,home
172682,2025-05-03,2025-05-03 15:00:00,103,Liga ASOBAL,Spain,2024,27,Villa de Aranda,Puente Genil,991,971,28.0,25.0,13.0,12.0,FT,True,home
172686,2025-05-03,2025-05-03 16:30:00,103,Liga ASOBAL,Spain,2024,27,Barcelona,La Rioja,962,968,37.0,37.0,23.0,17.0,FT,True,draw
172684,2025-05-03,2025-05-03 18:00:00,103,Liga ASOBAL,Spain,2024,27,CD Bidasoa Irun,Anaitasuna,964,958,30.0,29.0,14.0,13.0,FT,True,home
172688,2025-05-04,2025-05-04 15:00:00,103,Liga ASOBAL,Spain,2024,27,Cuenca,Nava,965,970,24.0,25.0,10.0,15.0,FT,True,away
172681,2025-05-04,2025-05-04 16:30:00,103,Liga ASOBAL,Spain,2024,27,Morrazo Cangas,Quabit Guadalajara,969,987,32.0,23.0,14.0,12.0,FT,True,home
172683,2025-05-04,2025-05-04 18:00:00,103,Liga ASOBAL,Spain,2024,27,Torrelavega,Granollers,972,966,35.0,34.0,21.0,17.0,FT,True,home
172692,2025-05-16,2025-05-16 17:00:00,103,Liga ASOBAL,Spain,2024,28,Granollers,Morrazo Cangas,966,969,34.0,31.0,18.0,17.0,FT,True,home
172689,2025-05-16,2025-05-16 18:30:00,103,Liga ASOBAL,Spain,2024,28,Anaitasuna,Ademar,958,957,24.0,24.0,13.0,15.0,FT,True,draw
172693,2025-05-17,2025-05-17 14:00:00,103,Liga ASOBAL,Spain,2024,28,La Rioja,Huesca,968,967,27.0,25.0,16.0,14.0,FT,True,home
172696,2025-05-17,2025-05-17 15:30:00,103,Liga ASOBAL,Spain,2024,28,Villa de Aranda,Cuenca,991,965,35.0,34.0,16.0,14.0,FT,True,home
172694,2025-05-17,2025-05-17 17:00:00,103,Liga ASOBAL,Spain,2024,28,Puente Genil,Barcelona,971,962,26.0,43.0,13.0,24.0,FT,True,away
172695,2025-05-17,2025-05-17 18:30:00,103,Liga ASOBAL,Spain,2024,28,Quabit Guadalajara,Nava,987,970,31.0,31.0,15.0,18.0,FT,True,draw
172690,2025-05-18,2025-05-18 10:30:00,103,Liga ASOBAL,Spain,2024,28,Atl. Valladolid,CD Bidasoa Irun,960,964,25.0,25.0,14.0,11.0,FT,True,draw
172691,2025-05-18,2025-05-18 10:30:00,103,Liga ASOBAL,Spain,2024,28,Benidorm,Torrelavega,963,972,27.0,33.0,14.0,18.0,FT,True,away
172703,2025-05-23,2025-05-23 18:30:00,103,Liga ASOBAL,Spain,2024,29,Barcelona,Villa de Aranda,962,991,45.0,27.0,23.0,15.0,FT,True,home
172697,2025-05-25,2025-05-25 16:00:00,103,Liga ASOBAL,Spain,2024,29,Nava,Granollers,970,966,32.0,37.0,15.0,20.0,FT,True,away
172698,2025-05-25,2025-05-25 16:00:00,103,Liga ASOBAL,Spain,2024,29,Torrelavega,Anaitasuna,972,958,29.0,28.0,16.0,13.0,FT,True,home
172699,2025-05-25,2025-05-25 16:00:00,103,Liga ASOBAL,Spain,2024,29,Quabit Guadalajara,Cuenca,987,965,32.0,29.0,17.0,13.0,FT,True,home
172700,2025-05-25,2025-05-25 16:00:00,103,Liga ASOBAL,Spain,2024,29,CD Bidasoa Irun,La Rioja,964,968,29.0,30.0,11.0,16.0,FT,True,away
172701,2025-05-25,2025-05-25 16:00:00,103,Liga ASOBAL,Spain,2024,29,Morrazo Cangas,Benidorm,969,963,29.0,30.0,14.0,13.0,FT,True,away
172702,2025-05-25,2025-05-25 16:00:00,103,Liga ASOBAL,Spain,2024,29,Huesca,Puente Genil,967,971,31.0,24.0,19.0,10.0,FT,True,home
172704,2025-05-25,2025-05-25 16:00:00,103,Liga ASOBAL,Spain,2024,29,Ademar,Atl. Valladolid,957,960,29.0,27.0,14.0,13.0,FT,True,home
172708,2025-05-30,2025-05-30 18:30:00,103,Liga ASOBAL,Spain,2024,30,Cuenca,Barcelona,965,962,35.0,48.0,21.0,24.0,FT,True,away
172705,2025-06-01,2025-06-01 16:00:00,103,Liga ASOBAL,Spain,2024,30,Anaitasuna,Morrazo Cangas,958,969,37.0,34.0,20.0,16.0,FT,True,home
172706,2025-06-01,2025-06-01 16:00:00,103,Liga ASOBAL,Spain,2024,30,Atl. Valladolid,Torrelavega,960,972,28.0,31.0,14.0,19.0,FT,True,away
172707,2025-06-01,2025-06-01 16:00:00,103,Liga ASOBAL,Spain,2024,30,Benidorm,Nava,963,970,30.0,23.0,12.0,10.0,FT,True,home
172709,2025-06-01,2025-06-01 16:00:00,103,Liga ASOBAL,Spain,2024,30,Granollers,Quabit Guadalajara,966,987,39.0,33.0,23.0,17.0,FT,True,home
172710,2025-06-01,2025-06-01 16:00:00,103,Liga ASOBAL,Spain,2024,30,La Rioja,Ademar,968,957,30.0,29.0,15.0,16.0,FT,True,home
172711,2025-06-01,2025-06-01 16:00:00,103,Liga ASOBAL,Spain,2024,30,Puente Genil,CD Bidasoa Irun,971,964,33.0,25.0,18.0,10.0,FT,True,home
172712,2025-06-01,2025-06-01 16:00:00,103,Liga ASOBAL,Spain,2024,30,Villa de Aranda,Huesca,991,967,28.0,34.0,16.0,14.0,FT,True,away
176905,2025-06-04,2025-06-04 18:00:00,103,Liga ASOBAL,Spain,2024,Final,Burgos,Quabit Guadalajara,977,987,24.0,20.0,9.0,13.0,FT,True,home
176906,2025-06-07,2025-06-07 18:30:00,103,Liga ASOBAL,Spain,2024,Final,Quabit Guadalajara,Burgos,987,977,28.0,23.0,16.0,14.0,FT,True,home
167451,2024-09-12,2024-09-12 17:00:00,113,Handbollsligan,Sweden,2024,,Malmo,Onnereds,1043,1044,27.0,30.0,14.0,19.0,FT,True,away
167452,2024-09-13,2024-09-13 17:00:00,113,Handbollsligan,Sweden,2024,,Hallby,Alingsas,1038,1035,22.0,22.0,11.0,14.0,FT,True,draw
167453,2024-09-13,2024-09-13 17:00:00,113,Handbollsligan,Sweden,2024,,Helsingborg,Ystads IF,1011,1048,35.0,43.0,15.0,20.0,FT,True,away
167454,2024-09-13,2024-09-13 17:00:00,113,Handbollsligan,Sweden,2024,,Karlskrona,Amo HK,1012,1009,30.0,30.0,15.0,14.0,FT,True,draw
167455,2024-09-13,2024-09-13 17:00:00,113,Handbollsligan,Sweden,2024,,Kristianstad,Guif,1041,1037,33.0,24.0,13.0,9.0,FT,True,home
167456,2024-09-14,2024-09-14 14:00:00,113,Handbollsligan,Sweden,2024,,Skanela,Savehof,1017,1046,29.0,39.0,13.0,17.0,FT,True,away
167457,2024-09-14,2024-09-14 15:00:00,113,Handbollsligan,Sweden,2024,,Hammarby,Skovde,1039,1047,28.0,31.0,15.0,15.0,FT,True,away
167458,2024-09-19,2024-09-19 17:00:00,113,Handbollsligan,Sweden,2024,,Guif,Malmo,1037,1043,23.0,23.0,10.0,11.0,FT,True,draw
167459,2024-09-20,2024-09-20 16:00:00,113,Handbollsligan,Sweden,2024,,Savehof,Helsingborg,1046,1011,31.0,29.0,13.0,13.0,FT,True,home
167460,2024-09-20,2024-09-20 17:00:00,113,Handbollsligan,Sweden,2024,,Ystads IF,Hallby,1048,1038,36.0,26.0,19.0,10.0,FT,True,home
167461,2024-09-20,2024-09-20 17:00:00,113,Handbollsligan,Sweden,2024,,Skovde,Karlskrona,1047,1012,21.0,28.0,11.0,17.0,FT,True,away
167462,2024-09-20,2024-09-20 17:00:00,113,Handbollsligan,Sweden,2024,,Alingsas,Kristianstad,1035,1041,30.0,30.0,14.0,16.0,FT,True,draw
167463,2024-09-21,2024-09-21 15:00:00,113,Handbollsligan,Sweden,2024,,Amo HK,Skanela,1009,1017,37.0,23.0,15.0,12.0,FT,True,home
167464,2024-09-21,2024-09-21 18:15:00,113,Handbollsligan,Sweden,2024,,Onnereds,Hammarby,1044,1039,25.0,26.0,14.0,11.0,FT,True,away
167465,2024-09-24,2024-09-24 17:00:00,113,Handbollsligan,Sweden,2024,,Malmo,Karlskrona,1043,1012,25.0,24.0,11.0,13.0,FT,True,home
167466,2024-09-25,2024-09-25 17:00:00,113,Handbollsligan,Sweden,2024,,Hammarby,Amo HK,1039,1009,32.0,27.0,21.0,15.0,FT,True,home
167467,2024-09-25,2024-09-25 17:00:00,113,Handbollsligan,Sweden,2024,,Kristianstad,Onnereds,1041,1044,43.0,29.0,22.0,14.0,FT,True,home
167468,2024-09-25,2024-09-25 17:00:00,113,Handbollsligan,Sweden,2024,,Skanela,Skovde,1017,1047,30.0,32.0,14.0,18.0,FT,True,away
167470,2024-09-25,2024-09-25 17:00:00,113,Handbollsligan,Sweden,2024,,Helsingborg,Hallby,1011,1038,28.0,23.0,15.0,11.0,FT,True,home
167469,2024-09-26,2024-09-26 17:00:00,113,Handbollsligan,Sweden,2024,,Guif,Ystads IF,1037,1048,24.0,33.0,12.0,17.0,FT,True,away
167471,2024-09-26,2024-09-26 17:00:00,113,Handbollsligan,Sweden,2024,,Savehof,Alingsas,1046,1035,30.0,21.0,15.0,10.0,FT,True,home
167472,2024-09-29,2024-09-29 14:30:00,113,Handbollsligan,Sweden,2024,,Kristianstad,Skanela,1041,1017,33.0,27.0,20.0,17.0,FT,True,home
167473,2024-09-29,2024-09-29 15:00:00,113,Handbollsligan,Sweden,2024,,Savehof,Malmo,1046,1043,32.0,35.0,16.0,16.0,FT,True,away
167474,2024-10-01,2024-10-01 17:00:00,113,Handbollsligan,Sweden,2024,,Onnereds,Helsingborg,1044,1011,34.0,27.0,16.0,13.0,FT,True,home
167475,2024-10-01,2024-10-01 17:00:00,113,Handbollsligan,Sweden,2024,,Skovde,Malmo,1047,1043,31.0,27.0,16.0,12.0,FT,True,home
167476,2024-10-02,2024-10-02 17:00:00,113,Handbollsligan,Sweden,2024,,Alingsas,Hammarby,1035,1039,29.0,24.0,15.0,8.0,FT,True,home
167477,2024-10-02,2024-10-02 17:00:00,113,Handbollsligan,Sweden,2024,,Amo HK,Guif,1009,1037,36.0,35.0,17.0,24.0,FT,True,home
167478,2024-10-02,2024-10-02 17:00:00,113,Handbollsligan,Sweden,2024,,Hallby,Savehof,1038,1046,26.0,24.0,14.0,13.0,FT,True,home
167479,2024-10-02,2024-10-02 17:00:00,113,Handbollsligan,Sweden,2024,,Karlskrona,Kristianstad,1012,1041,32.0,28.0,16.0,14.0,FT,True,home
167480,2024-10-02,2024-10-02 17:00:00,113,Handbollsligan,Sweden,2024,,Ystads IF,Skanela,1048,1017,42.0,26.0,24.0,9.0,FT,True,home
167481,2024-10-05,2024-10-05 14:00:00,113,Handbollsligan,Sweden,2024,,Kristianstad,Ystads IF,1041,1048,29.0,32.0,16.0,14.0,FT,True,away
167483,2024-10-06,2024-10-06 14:00:00,113,Handbollsligan,Sweden,2024,,Guif,Karlskrona,1037,1012,30.0,35.0,12.0,18.0,FT,True,away
167484,2024-10-06,2024-10-06 14:00:00,113,Handbollsligan,Sweden,2024,,Skanela,Onnereds,1017,1044,28.0,36.0,13.0,17.0,FT,True,away
167485,2024-10-06,2024-10-06 15:00:00,113,Handbollsligan,Sweden,2024,,Hammarby,Hallby,1039,1038,27.0,25.0,10.0,10.0,FT,True,home
167486,2024-10-07,2024-10-07 17:00:00,113,Handbollsligan,Sweden,2024,,Malmo,Amo HK,1043,1009,28.0,28.0,15.0,13.0,FT,True,draw
167487,2024-10-09,2024-10-09 17:00:00,113,Handbollsligan,Sweden,2024,,Skovde,Alingsas,1047,1035,33.0,29.0,19.0,14.0,FT,True,home
167488,2024-10-11,2024-10-11 17:00:00,113,Handbollsligan,Sweden,2024,,Hallby,Kristianstad,1038,1041,29.0,23.0,16.0,11.0,FT,True,home
167489,2024-10-11,2024-10-11 17:00:00,113,Handbollsligan,Sweden,2024,,Karlskrona,Skanela,1012,1017,27.0,21.0,12.0,12.0,FT,True,home
167490,2024-10-12,2024-10-12 14:00:00,113,Handbollsligan,Sweden,2024,,Malmo,Helsingborg,1043,1011,36.0,23.0,16.0,13.0,FT,True,home
167491,2024-10-12,2024-10-12 14:00:00,113,Handbollsligan,Sweden,2024,,Onnereds,Guif,1044,1037,30.0,29.0,16.0,13.0,FT,True,home
167492,2024-10-12,2024-10-12 14:00:00,113,Handbollsligan,Sweden,2024,,Ystads IF,Hammarby,1048,1039,36.0,29.0,18.0,14.0,FT,True,home
167493,2024-10-12,2024-10-12 15:00:00,113,Handbollsligan,Sweden,2024,,Amo HK,Savehof,1009,1046,36.0,43.0,21.0,24.0,FT,True,away
167494,2024-10-16,2024-10-16 17:00:00,113,Handbollsligan,Sweden,2024,,Hallby,Amo HK,1038,1009,37.0,21.0,19.0,11.0,FT,True,home
167495,2024-10-16,2024-10-16 17:00:00,113,Handbollsligan,Sweden,2024,,Helsingborg,Karlskrona,1011,1012,31.0,31.0,16.0,18.0,FT,True,draw
167496,2024-10-18,2024-10-18 17:00:00,113,Handbollsligan,Sweden,2024,,Kristianstad,Skovde,1041,1047,29.0,26.0,16.0,15.0,FT,True,home
167497,2024-10-18,2024-10-18 17:00:00,113,Handbollsligan,Sweden,2024,,Ystads IF,Alingsas,1048,1035,29.0,32.0,14.0,15.0,FT,True,away
167499,2024-10-19,2024-10-19 14:00:00,113,Handbollsligan,Sweden,2024,,Savehof,Onnereds,1046,1044,32.0,27.0,15.0,14.0,FT,True,home
167500,2024-10-19,2024-10-19 15:00:00,113,Handbollsligan,Sweden,2024,,Hammarby,Malmo,1039,1043,30.0,27.0,16.0,12.0,FT,True,home
167498,2024-10-21,2024-10-21 17:00:00,113,Handbollsligan,Sweden,2024,,Skanela,Guif,1017,1037,41.0,26.0,19.0,13.0,FT,True,home
167501,2024-10-23,2024-10-23 17:00:00,113,Handbollsligan,Sweden,2024,,Malmo,Skanela,1043,1017,29.0,25.0,14.0,13.0,FT,True,home
167502,2024-10-24,2024-10-24 17:00:00,113,Handbollsligan,Sweden,2024,,Skovde,Helsingborg,1047,1011,25.0,21.0,10.0,10.0,FT,True,home
167503,2024-10-25,2024-10-25 17:00:00,113,Handbollsligan,Sweden,2024,,Onnereds,Hallby,1044,1038,29.0,37.0,10.0,21.0,FT,True,away
167504,2024-10-25,2024-10-25 17:00:00,113,Handbollsligan,Sweden,2024,,Ystads IF,Savehof,1048,1046,38.0,32.0,19.0,17.0,FT,True,home
167505,2024-10-25,2024-10-25 17:00:00,113,Handbollsligan,Sweden,2024,,Amo HK,Kristianstad,1009,1041,29.0,37.0,15.0,17.0,FT,True,away
167506,2024-10-25,2024-10-25 17:00:00,113,Handbollsligan,Sweden,2024,,Guif,Hammarby,1037,1039,29.0,28.0,15.0,13.0,FT,True,home
167507,2024-10-26,2024-10-26 14:00:00,113,Handbollsligan,Sweden,2024,,Karlskrona,Alingsas,1012,1035,28.0,28.0,14.0,13.0,FT,True,draw
167508,2024-10-29,2024-10-29 18:00:00,113,Handbollsligan,Sweden,2024,,Helsingborg,Guif,1011,1037,25.0,24.0,13.0,13.0,FT,True,home
167509,2024-10-30,2024-10-30 18:00:00,113,Handbollsligan,Sweden,2024,,Alingsas,Amo HK,1035,1009,40.0,36.0,20.0,18.0,FT,True,home
167510,2024-10-30,2024-10-30 18:00:00,113,Handbollsligan,Sweden,2024,,Hallby,Skovde,1038,1047,26.0,29.0,12.0,15.0,FT,True,away
167511,2024-10-30,2024-10-30 18:00:00,113,Handbollsligan,Sweden,2024,,Hammarby,Karlskrona,1039,1012,35.0,25.0,16.0,12.0,FT,True,home
167513,2024-11-13,2024-11-13 18:00:00,113,Handbollsligan,Sweden,2024,,Onnereds,Alingsas,1044,1035,28.0,27.0,15.0,10.0,FT,True,home
167514,2024-11-13,2024-11-13 18:00:00,113,Handbollsligan,Sweden,2024,,Skanela,Hammarby,1017,1039,29.0,34.0,14.0,18.0,FT,True,away
167515,2024-11-13,2024-11-13 18:00:00,113,Handbollsligan,Sweden,2024,,Skovde,Ystads IF,1047,1048,34.0,34.0,18.0,19.0,FT,True,draw
167516,2024-11-13,2024-11-13 18:00:00,113,Handbollsligan,Sweden,2024,,Malmo,Kristianstad,1043,1041,26.0,36.0,13.0,18.0,FT,True,away
167517,2024-11-13,2024-11-13 18:00:00,113,Handbollsligan,Sweden,2024,,Karlskrona,Savehof,1012,1046,34.0,31.0,17.0,13.0,FT,True,home
167518,2024-11-13,2024-11-13 18:00:00,113,Handbollsligan,Sweden,2024,,Guif,Hallby,1037,1038,22.0,33.0,7.0,16.0,FT,True,away
167519,2024-11-13,2024-11-13 18:00:00,113,Handbollsligan,Sweden,2024,,Amo HK,Helsingborg,1009,1011,29.0,30.0,16.0,13.0,FT,True,away
167521,2024-11-20,2024-11-20 18:00:00,113,Handbollsligan,Sweden,2024,,Hallby,Karlskrona,1038,1012,24.0,28.0,12.0,13.0,FT,True,away
167522,2024-11-20,2024-11-20 18:00:00,113,Handbollsligan,Sweden,2024,,Hammarby,Kristianstad,1039,1041,37.0,36.0,18.0,12.0,FT,True,home
167523,2024-11-21,2024-11-21 18:00:00,113,Handbollsligan,Sweden,2024,,Skovde,Onnereds,1047,1044,27.0,29.0,12.0,13.0,FT,True,away
167524,2024-11-22,2024-11-22 18:00:00,113,Handbollsligan,Sweden,2024,,Alingsas,Malmo,1035,1043,30.0,32.0,13.0,14.0,FT,True,away
167525,2024-11-22,2024-11-22 18:00:00,113,Handbollsligan,Sweden,2024,,Helsingborg,Skanela,1011,1017,29.0,23.0,16.0,11.0,FT,True,home
167526,2024-11-22,2024-11-22 18:00:00,113,Handbollsligan,Sweden,2024,,Savehof,Guif,1046,1037,28.0,26.0,12.0,13.0,FT,True,home
167527,2024-11-22,2024-11-22 18:00:00,113,Handbollsligan,Sweden,2024,,Ystads IF,Amo HK,1048,1009,35.0,25.0,18.0,11.0,FT,True,home
167529,2024-11-28,2024-11-28 18:00:00,113,Handbollsligan,Sweden,2024,,Guif,Alingsas,1037,1035,27.0,29.0,14.0,14.0,FT,True,away
167530,2024-11-30,2024-11-30 15:00:00,113,Handbollsligan,Sweden,2024,,Karlskrona,Onnereds,1012,1044,29.0,35.0,14.0,17.0,FT,True,away
167531,2024-11-30,2024-11-30 15:00:00,113,Handbollsligan,Sweden,2024,,Kristianstad,Helsingborg,1041,1011,30.0,26.0,15.0,16.0,FT,True,home
167532,2024-11-30,2024-11-30 15:45:00,113,Handbollsligan,Sweden,2024,,Skanela,Hallby,1017,1038,27.0,36.0,12.0,18.0,FT,True,away
167533,2024-11-30,2024-11-30 16:00:00,113,Handbollsligan,Sweden,2024,,Hammarby,Savehof,1039,1046,29.0,29.0,15.0,13.0,FT,True,draw
167534,2024-12-01,2024-12-01 15:15:00,113,Handbollsligan,Sweden,2024,,Amo HK,Skovde,1009,1047,34.0,29.0,17.0,15.0,FT,True,home
167520,2024-12-03,2024-12-03 18:00:00,113,Handbollsligan,Sweden,2024,,Helsingborg,Alingsas,1011,1035,30.0,29.0,11.0,13.0,FT,True,home
167535,2024-12-05,2024-12-05 18:00:00,113,Handbollsligan,Sweden,2024,,Skovde,Guif,1047,1037,34.0,23.0,13.0,12.0,FT,True,home
167536,2024-12-05,2024-12-05 18:00:00,113,Handbollsligan,Sweden,2024,,Ystads IF,Karlskrona,1048,1012,34.0,30.0,15.0,17.0,FT,True,home
167538,2024-12-05,2024-12-05 18:00:00,113,Handbollsligan,Sweden,2024,,Onnereds,Amo HK,1044,1009,36.0,37.0,18.0,14.0,FT,True,away
167541,2024-12-05,2024-12-05 18:00:00,113,Handbollsligan,Sweden,2024,,Savehof,Kristianstad,1046,1041,33.0,29.0,16.0,17.0,FT,True,home
167537,2024-12-07,2024-12-07 16:00:00,113,Handbollsligan,Sweden,2024,,Alingsas,Skanela,1035,1017,29.0,37.0,11.0,17.0,FT,True,away
167539,2024-12-08,2024-12-08 15:00:00,113,Handbollsligan,Sweden,2024,,Helsingborg,Hammarby,1011,1039,30.0,30.0,16.0,14.0,FT,True,draw
167482,2024-12-09,2024-12-09 18:00:00,113,Handbollsligan,Sweden,2024,,Savehof,Skovde,1046,1047,32.0,31.0,17.0,13.0,FT,True,home
167512,2024-12-09,2024-12-09 18:00:00,113,Handbollsligan,Sweden,2024,,Ystads IF,Onnereds,1048,1044,34.0,28.0,21.0,13.0,FT,True,home
167540,2024-12-09,2024-12-09 18:00:00,113,Handbollsligan,Sweden,2024,,Hallby,Malmo,1038,1043,28.0,32.0,16.0,17.0,FT,True,away
167542,2024-12-12,2024-12-12 18:00:00,113,Handbollsligan,Sweden,2024,,Guif,Savehof,1037,1046,31.0,30.0,20.0,13.0,FT,True,home
167543,2024-12-12,2024-12-12 18:00:00,113,Handbollsligan,Sweden,2024,,Karlskrona,Skovde,1012,1047,31.0,30.0,14.0,14.0,FT,True,home
167546,2024-12-12,2024-12-12 18:00:00,113,Handbollsligan,Sweden,2024,,Skanela,Helsingborg,1017,1011,27.0,30.0,14.0,15.0,FT,True,away
167544,2024-12-13,2024-12-13 18:00:00,113,Handbollsligan,Sweden,2024,,Hammarby,Ystads IF,1039,1048,31.0,33.0,15.0,17.0,FT,True,away
167545,2024-12-13,2024-12-13 18:00:00,113,Handbollsligan,Sweden,2024,,Kristianstad,Alingsas,1041,1035,34.0,28.0,19.0,13.0,FT,True,home
167547,2024-12-13,2024-12-13 18:00:00,113,Handbollsligan,Sweden,2024,,Amo HK,Onnereds,1009,1044,26.0,29.0,11.0,16.0,FT,True,away
167548,2024-12-16,2024-12-16 18:00:00,113,Handbollsligan,Sweden,2024,,Savehof,Amo HK,1046,1009,39.0,34.0,21.0,16.0,FT,True,home
167549,2024-12-16,2024-12-16 18:00:00,113,Handbollsligan,Sweden,2024,,Ystads IF,Kristianstad,1048,1041,28.0,30.0,11.0,17.0,FT,True,away
167550,2024-12-16,2024-12-16 18:00:00,113,Handbollsligan,Sweden,2024,,Skovde,Hammarby,1047,1039,26.0,30.0,11.0,17.0,FT,True,away
167551,2024-12-16,2024-12-16 18:00:00,113,Handbollsligan,Sweden,2024,,Onnereds,Karlskrona,1044,1012,30.0,33.0,14.0,13.0,FT,True,away
167552,2024-12-16,2024-12-16 18:00:00,113,Handbollsligan,Sweden,2024,,Helsingborg,Malmo,1011,1043,23.0,23.0,10.0,12.0,FT,True,draw
167553,2024-12-16,2024-12-16 18:00:00,113,Handbollsligan,Sweden,2024,,Hallby,Skanela,1038,1017,31.0,28.0,13.0,16.0,FT,True,home
167554,2024-12-16,2024-12-16 18:00:00,113,Handbollsligan,Sweden,2024,,Alingsas,Guif,1035,1037,37.0,22.0,21.0,11.0,FT,True,home
167555,2024-12-19,2024-12-19 18:00:00,113,Handbollsligan,Sweden,2024,,Amo HK,Ystads IF,1009,1048,26.0,27.0,11.0,17.0,FT,True,away
167556,2024-12-19,2024-12-19 18:00:00,113,Handbollsligan,Sweden,2024,,Guif,Skovde,1037,1047,28.0,32.0,17.0,14.0,FT,True,away
167557,2024-12-19,2024-12-19 18:00:00,113,Handbollsligan,Sweden,2024,,Hammarby,Helsingborg,1039,1011,26.0,27.0,12.0,12.0,FT,True,away
167558,2024-12-19,2024-12-19 18:00:00,113,Handbollsligan,Sweden,2024,,Karlskrona,Hallby,1012,1038,33.0,26.0,15.0,18.0,FT,True,home
167559,2024-12-19,2024-12-19 18:00:00,113,Handbollsligan,Sweden,2024,,Kristianstad,Savehof,1041,1046,32.0,26.0,16.0,9.0,FT,True,home
167561,2024-12-20,2024-12-20 18:00:00,113,Handbollsligan,Sweden,2024,,Alingsas,Onnereds,1035,1044,32.0,30.0,18.0,14.0,FT,True,home
167562,2024-12-22,2024-12-22 15:00:00,113,Handbollsligan,Sweden,2024,,Malmo,Hallby,1043,1038,26.0,27.0,11.0,12.0,FT,True,away
167563,2024-12-26,2024-12-26 12:30:00,113,Handbollsligan,Sweden,2024,,Savehof,Karlskrona,1046,1012,35.0,35.0,20.0,16.0,FT,True,draw
167564,2024-12-26,2024-12-26 16:00:00,113,Handbollsligan,Sweden,2024,,Onnereds,Kristianstad,1044,1041,32.0,31.0,14.0,17.0,FT,True,home
167565,2024-12-26,2024-12-26 18:00:00,113,Handbollsligan,Sweden,2024,,Amo HK,Alingsas,1009,1035,34.0,31.0,12.0,18.0,FT,True,home
167566,2024-12-27,2024-12-27 18:00:00,113,Handbollsligan,Sweden,2024,,Malmo,Hammarby,1043,1039,23.0,21.0,12.0,10.0,FT,True,home
167567,2024-12-27,2024-12-27 18:00:00,113,Handbollsligan,Sweden,2024,,Skovde,Skanela,1047,1017,32.0,25.0,12.0,11.0,FT,True,home
167568,2024-12-27,2024-12-27 18:00:00,113,Handbollsligan,Sweden,2024,,Ystads IF,Guif,1048,1037,32.0,31.0,21.0,14.0,FT,True,home
167569,2024-12-27,2024-12-27 19:00:00,113,Handbollsligan,Sweden,2024,,Hallby,Helsingborg,1038,1011,26.0,28.0,9.0,11.0,FT,True,away
167570,2024-12-29,2024-12-29 15:00:00,113,Handbollsligan,Sweden,2024,,Alingsas,Savehof,1035,1046,30.0,34.0,14.0,21.0,FT,True,away
167571,2024-12-30,2024-12-30 17:00:00,113,Handbollsligan,Sweden,2024,,Hammarby,Onnereds,1039,1044,35.0,28.0,23.0,12.0,FT,True,home
167572,2024-12-30,2024-12-30 17:30:00,113,Handbollsligan,Sweden,2024,,Skanela,Ystads IF,1017,1048,34.0,36.0,21.0,18.0,FT,True,away
167573,2024-12-30,2024-12-30 18:00:00,113,Handbollsligan,Sweden,2024,,Kristianstad,Hallby,1041,1038,26.0,24.0,17.0,12.0,FT,True,home
167574,2024-12-30,2024-12-30 18:00:00,113,Handbollsligan,Sweden,2024,,Karlskrona,Malmo,1012,1043,27.0,29.0,14.0,15.0,FT,True,away
167575,2024-12-30,2024-12-30 18:00:00,113,Handbollsligan,Sweden,2024,,Helsingborg,Skovde,1011,1047,36.0,28.0,17.0,16.0,FT,True,home
167576,2024-12-30,2024-12-30 18:00:00,113,Handbollsligan,Sweden,2024,,Guif,Amo HK,1037,1009,25.0,38.0,13.0,17.0,FT,True,away
167577,2025-01-31,2025-01-31 18:00:00,113,Handbollsligan,Sweden,2024,,Alingsas,Ystads IF,1035,1048,30.0,35.0,12.0,15.0,FT,True,away
167581,2025-02-03,2025-02-03 18:00:00,113,Handbollsligan,Sweden,2024,,Onnereds,Savehof,1044,1046,29.0,28.0,19.0,12.0,FT,True,home
167578,2025-02-05,2025-02-05 18:00:00,113,Handbollsligan,Sweden,2024,,Hallby,Hammarby,1038,1039,35.0,33.0,19.0,13.0,FT,True,home
167579,2025-02-05,2025-02-05 18:00:00,113,Handbollsligan,Sweden,2024,,Helsingborg,Kristianstad,1011,1041,33.0,27.0,14.0,9.0,FT,True,home
167580,2025-02-05,2025-02-05 18:00:00,113,Handbollsligan,Sweden,2024,,Malmo,Guif,1043,1037,29.0,28.0,13.0,11.0,FT,True,home
167582,2025-02-05,2025-02-05 18:00:00,113,Handbollsligan,Sweden,2024,,Skanela,Karlskrona,1017,1012,25.0,30.0,13.0,14.0,FT,True,away
167583,2025-02-05,2025-02-05 18:00:00,113,Handbollsligan,Sweden,2024,,Skovde,Amo HK,1047,1009,35.0,28.0,18.0,15.0,FT,True,home
167560,2025-02-09,2025-02-09 14:00:00,113,Handbollsligan,Sweden,2024,,Skanela,Malmo,1017,1043,29.0,31.0,13.0,16.0,FT,True,away
167584,2025-02-13,2025-02-13 18:00:00,113,Handbollsligan,Sweden,2024,,Guif,Onnereds,1037,1044,34.0,29.0,17.0,16.0,FT,True,home
167586,2025-02-14,2025-02-14 18:00:00,113,Handbollsligan,Sweden,2024,,Kristianstad,Malmo,1041,1043,29.0,34.0,14.0,17.0,FT,True,away
167587,2025-02-14,2025-02-14 18:00:00,113,Handbollsligan,Sweden,2024,,Karlskrona,Helsingborg,1012,1011,30.0,25.0,12.0,10.0,FT,True,home
167588,2025-02-14,2025-02-14 18:00:00,113,Handbollsligan,Sweden,2024,,Alingsas,Skovde,1035,1047,29.0,26.0,13.0,8.0,FT,True,home
167589,2025-02-14,2025-02-14 18:00:00,113,Handbollsligan,Sweden,2024,,Amo HK,Hallby,1009,1038,32.0,34.0,16.0,23.0,FT,True,away
167585,2025-02-14,2025-02-14 18:45:00,113,Handbollsligan,Sweden,2024,,Savehof,Ystads IF,1046,1048,34.0,34.0,18.0,19.0,FT,True,draw
167590,2025-02-15,2025-02-15 16:00:00,113,Handbollsligan,Sweden,2024,,Hammarby,Skanela,1039,1017,32.0,21.0,15.0,10.0,FT,True,home
167591,2025-02-17,2025-02-17 18:00:00,113,Handbollsligan,Sweden,2024,,Hallby,Guif,1038,1037,23.0,25.0,13.0,13.0,FT,True,away
167593,2025-02-18,2025-02-18 18:00:00,113,Handbollsligan,Sweden,2024,,Malmo,Alingsas,1043,1035,26.0,29.0,11.0,15.0,FT,True,away
167594,2025-02-19,2025-02-19 18:00:00,113,Handbollsligan,Sweden,2024,,Skanela,Kristianstad,1017,1041,27.0,34.0,13.0,16.0,FT,True,away
167595,2025-02-20,2025-02-20 18:00:00,113,Handbollsligan,Sweden,2024,,Karlskrona,Hammarby,1012,1039,23.0,28.0,9.0,17.0,FT,True,away
167596,2025-02-20,2025-02-20 18:00:00,113,Handbollsligan,Sweden,2024,,Skovde,Savehof,1047,1046,26.0,30.0,14.0,15.0,FT,True,away
167528,2025-02-21,2025-02-21 18:00:00,113,Handbollsligan,Sweden,2024,,Malmo,Ystads IF,1043,1048,31.0,31.0,16.0,18.0,FT,True,draw
167597,2025-02-21,2025-02-21 18:00:00,113,Handbollsligan,Sweden,2024,,Helsingborg,Amo HK,1011,1009,38.0,34.0,20.0,14.0,FT,True,home
167599,2025-02-25,2025-02-25 18:00:00,113,Handbollsligan,Sweden,2024,,Alingsas,Karlskrona,1035,1012,30.0,27.0,14.0,11.0,FT,True,home
167600,2025-02-25,2025-02-25 18:00:00,113,Handbollsligan,Sweden,2024,,Savehof,Hallby,1046,1038,31.0,31.0,15.0,14.0,FT,True,draw
167601,2025-02-25,2025-02-25 18:00:00,113,Handbollsligan,Sweden,2024,,Onnereds,Skovde,1044,1047,32.0,32.0,18.0,15.0,FT,True,draw
167602,2025-02-26,2025-02-26 18:00:00,113,Handbollsligan,Sweden,2024,,Amo HK,Malmo,1009,1043,32.0,33.0,18.0,18.0,FT,True,away
167603,2025-02-26,2025-02-26 18:00:00,113,Handbollsligan,Sweden,2024,,Guif,Skanela,1037,1017,32.0,28.0,16.0,10.0,FT,True,home
167604,2025-02-26,2025-02-26 18:00:00,113,Handbollsligan,Sweden,2024,,Kristianstad,Hammarby,1041,1039,36.0,28.0,14.0,12.0,FT,True,home
167598,2025-02-27,2025-02-27 18:00:00,113,Handbollsligan,Sweden,2024,,Ystads IF,Helsingborg,1048,1011,31.0,28.0,17.0,13.0,FT,True,home
167606,2025-03-01,2025-03-01 13:00:00,113,Handbollsligan,Sweden,2024,,Helsingborg,Onnereds,1011,1044,30.0,28.0,15.0,17.0,FT,True,home
167605,2025-03-01,2025-03-01 14:00:00,113,Handbollsligan,Sweden,2024,,Hallby,Ystads IF,1038,1048,28.0,35.0,14.0,20.0,FT,True,away
167607,2025-03-01,2025-03-01 14:00:00,113,Handbollsligan,Sweden,2024,,Malmo,Savehof,1043,1046,31.0,26.0,14.0,13.0,FT,True,home
167608,2025-03-01,2025-03-01 15:00:00,113,Handbollsligan,Sweden,2024,,Karlskrona,Guif,1012,1037,27.0,25.0,10.0,15.0,FT,True,home
167609,2025-03-01,2025-03-01 15:30:00,113,Handbollsligan,Sweden,2024,,Skanela,Amo HK,1017,1009,31.0,34.0,17.0,19.0,FT,True,away
167610,2025-03-01,2025-03-01 16:00:00,113,Handbollsligan,Sweden,2024,,Hammarby,Alingsas,1039,1035,37.0,39.0,19.0,21.0,FT,True,away
167611,2025-03-02,2025-03-02 15:00:00,113,Handbollsligan,Sweden,2024,,Skovde,Kristianstad,1047,1041,32.0,34.0,13.0,14.0,FT,True,away
167612,2025-03-05,2025-03-05 18:00:00,113,Handbollsligan,Sweden,2024,,Alingsas,Hallby,1035,1038,27.0,32.0,11.0,15.0,FT,True,away
167613,2025-03-05,2025-03-05 18:00:00,113,Handbollsligan,Sweden,2024,,Amo HK,Hammarby,1009,1039,25.0,37.0,9.0,17.0,FT,True,away
167614,2025-03-05,2025-03-05 18:00:00,113,Handbollsligan,Sweden,2024,,Guif,Helsingborg,1037,1011,33.0,27.0,16.0,14.0,FT,True,home
167615,2025-03-05,2025-03-05 18:00:00,113,Handbollsligan,Sweden,2024,,Onnereds,Malmo,1044,1043,21.0,27.0,8.0,13.0,FT,True,away
167625,2025-03-05,2025-03-05 18:00:00,113,Handbollsligan,Sweden,2024,,Savehof,Skanela,1046,1017,33.0,32.0,15.0,18.0,FT,True,home
167617,2025-03-08,2025-03-08 14:00:00,113,Handbollsligan,Sweden,2024,,Hallby,Onnereds,1038,1044,40.0,31.0,20.0,14.0,FT,True,home
167619,2025-03-08,2025-03-08 15:00:00,113,Handbollsligan,Sweden,2024,,Karlskrona,Ystads IF,1012,1048,28.0,26.0,13.0,14.0,FT,True,home
167620,2025-03-08,2025-03-08 15:00:00,113,Handbollsligan,Sweden,2024,,Kristianstad,Amo HK,1041,1009,35.0,22.0,16.0,13.0,FT,True,home
167621,2025-03-08,2025-03-08 16:00:00,113,Handbollsligan,Sweden,2024,,Hammarby,Guif,1039,1037,35.0,35.0,17.0,20.0,FT,True,draw
167618,2025-03-08,2025-03-08 16:15:00,113,Handbollsligan,Sweden,2024,,Malmo,Skovde,1043,1047,32.0,27.0,13.0,13.0,FT,True,home
167622,2025-03-09,2025-03-09 15:00:00,113,Handbollsligan,Sweden,2024,,Helsingborg,Savehof,1011,1046,31.0,26.0,12.0,11.0,FT,True,home
167623,2025-03-09,2025-03-09 16:00:00,113,Handbollsligan,Sweden,2024,,Skanela,Alingsas,1017,1035,26.0,25.0,10.0,10.0,FT,True,home
167592,2025-03-11,2025-03-11 19:00:00,113,Handbollsligan,Sweden,2024,,Onnereds,Ystads IF,1044,1048,31.0,33.0,17.0,18.0,FT,True,away
167616,2025-03-17,2025-03-17 18:00:00,113,Handbollsligan,Sweden,2024,,Ystads IF,Skovde,1048,1047,33.0,31.0,16.0,11.0,FT,True,home
167624,2025-03-17,2025-03-17 18:00:00,113,Handbollsligan,Sweden,2024,,Kristianstad,Karlskrona,1041,1012,32.0,23.0,16.0,11.0,FT,True,home
167626,2025-03-20,2025-03-20 18:00:00,113,Handbollsligan,Sweden,2024,,Alingsas,Helsingborg,1035,1011,34.0,29.0,19.0,13.0,FT,True,home
167627,2025-03-20,2025-03-20 18:00:00,113,Handbollsligan,Sweden,2024,,Amo HK,Karlskrona,1009,1012,25.0,33.0,14.0,15.0,FT,True,away
167628,2025-03-20,2025-03-20 18:00:00,113,Handbollsligan,Sweden,2024,,Guif,Kristianstad,1037,1041,29.0,35.0,12.0,15.0,FT,True,away
167629,2025-03-20,2025-03-20 18:00:00,113,Handbollsligan,Sweden,2024,,Onnereds,Skanela,1044,1017,32.0,29.0,13.0,14.0,FT,True,home
167630,2025-03-20,2025-03-20 18:00:00,113,Handbollsligan,Sweden,2024,,Savehof,Hammarby,1046,1039,28.0,27.0,15.0,10.0,FT,True,home
167631,2025-03-20,2025-03-20 18:00:00,113,Handbollsligan,Sweden,2024,,Skovde,Hallby,1047,1038,21.0,17.0,11.0,8.0,FT,True,home
167632,2025-03-20,2025-03-20 18:00:00,113,Handbollsligan,Sweden,2024,,Ystads IF,Malmo,1048,1043,41.0,26.0,23.0,15.0,FT,True,home
175788,2025-03-24,2025-03-24 18:00:00,113,Handbollsligan,Sweden,2024,Quarter-finals,Ystads IF,Hallby,1048,1038,40.0,30.0,18.0,16.0,FT,True,home
175789,2025-03-24,2025-03-24 18:00:00,113,Handbollsligan,Sweden,2024,Quarter-finals,Malmo,Helsingborg,1043,1011,30.0,25.0,14.0,11.0,FT,True,home
175874,2025-03-24,2025-03-24 18:30:00,113,Handbollsligan,Sweden,2024,Final,Vinslovs,Amo HK,1022,1009,34.0,37.0,16.0,16.0,AET,False,
175790,2025-03-25,2025-03-25 18:00:00,113,Handbollsligan,Sweden,2024,Quarter-finals,Karlskrona,Savehof,1012,1046,22.0,28.0,14.0,15.0,FT,True,away
175791,2025-03-25,2025-03-25 18:00:00,113,Handbollsligan,Sweden,2024,Quarter-finals,Kristianstad,Hammarby,1041,1039,25.0,27.0,16.0,15.0,FT,True,away
175875,2025-03-25,2025-03-25 18:00:00,113,Handbollsligan,Sweden,2024,Final,Aranas,Onnereds,1036,1044,29.0,34.0,16.0,17.0,FT,True,away
175876,2025-03-25,2025-03-25 18:00:00,113,Handbollsligan,Sweden,2024,Final,Varberg,Guif,1020,1037,19.0,22.0,9.0,8.0,FT,True,away
175792,2025-03-27,2025-03-27 18:00:00,113,Handbollsligan,Sweden,2024,Quarter-finals,Helsingborg,Malmo,1011,1043,23.0,22.0,14.0,9.0,FT,True,home
175793,2025-03-27,2025-03-27 18:00:00,113,Handbollsligan,Sweden,2024,Quarter-finals,Savehof,Karlskrona,1046,1012,30.0,36.0,16.0,16.0,FT,True,away
175794,2025-03-27,2025-03-27 19:15:00,113,Handbollsligan,Sweden,2024,Quarter-finals,Hallby,Ystads IF,1038,1048,27.0,32.0,13.0,12.0,FT,True,away
175795,2025-03-28,2025-03-28 18:00:00,113,Handbollsligan,Sweden,2024,Quarter-finals,Hammarby,Kristianstad,1039,1041,31.0,26.0,19.0,13.0,FT,True,home
175877,2025-03-29,2025-03-29 15:00:00,113,Handbollsligan,Sweden,2024,Final,Onnereds,Aranas,1044,1036,30.0,31.0,14.0,15.0,FT,True,away
175796,2025-03-30,2025-03-30 12:00:00,113,Handbollsligan,Sweden,2024,Quarter-finals,Ystads IF,Hallby,1048,1038,38.0,28.0,17.0,15.0,FT,True,home
175878,2025-03-30,2025-03-30 14:15:00,113,Handbollsligan,Sweden,2024,Final,Amo HK,Vinslovs,1009,1022,31.0,26.0,15.0,14.0,FT,True,home
175879,2025-03-30,2025-03-30 15:00:00,113,Handbollsligan,Sweden,2024,Final,Guif,Varberg,1037,1020,30.0,25.0,12.0,13.0,FT,True,home
175797,2025-03-31,2025-03-31 17:00:00,113,Handbollsligan,Sweden,2024,Quarter-finals,Karlskrona,Savehof,1012,1046,28.0,37.0,13.0,17.0,FT,True,away
175798,2025-03-31,2025-03-31 17:00:00,113,Handbollsligan,Sweden,2024,Quarter-finals,Kristianstad,Hammarby,1041,1039,28.0,31.0,17.0,14.0,FT,True,away
175799,2025-03-31,2025-03-31 17:00:00,113,Handbollsligan,Sweden,2024,Quarter-finals,Malmo,Helsingborg,1043,1011,30.0,34.0,14.0,15.0,FT,True,away
175939,2025-04-02,2025-04-02 17:00:00,113,Handbollsligan,Sweden,2024,Quarter-finals,Helsingborg,Malmo,1011,1043,30.0,23.0,16.0,10.0,FT,True,home
175880,2025-04-03,2025-04-03 17:00:00,113,Handbollsligan,Sweden,2024,Final,Guif,Varberg,1037,1020,30.0,31.0,17.0,16.0,FT,True,away
175940,2025-04-03,2025-04-03 17:00:00,113,Handbollsligan,Sweden,2024,Quarter-finals,Savehof,Karlskrona,1046,1012,33.0,30.0,12.0,11.0,AET,False,
175881,2025-04-04,2025-04-04 17:00:00,113,Handbollsligan,Sweden,2024,Final,Amo HK,Vinslovs,1009,1022,36.0,23.0,17.0,12.0,FT,True,home
175882,2025-04-04,2025-04-04 17:00:00,113,Handbollsligan,Sweden,2024,Final,Onnereds,Aranas,1044,1036,34.0,26.0,16.0,15.0,FT,True,home
176078,2025-04-08,2025-04-08 17:00:00,113,Handbollsligan,Sweden,2024,Semi-finals,Helsingborg,Hammarby,1011,1039,21.0,24.0,11.0,13.0,FT,True,away
176089,2025-04-08,2025-04-08 17:00:00,113,Handbollsligan,Sweden,2024,Final,Varberg,Guif,1020,1037,20.0,28.0,9.0,11.0,FT,True,away
176021,2025-04-09,2025-04-09 17:00:00,113,Handbollsligan,Sweden,2024,Final,Aranas,Onnereds,1036,1044,28.0,35.0,12.0,13.0,FT,True,away
176090,2025-04-10,2025-04-10 17:00:00,113,Handbollsligan,Sweden,2024,Semi-finals,Ystads IF,Savehof,1048,1046,36.0,27.0,18.0,12.0,FT,True,home
176091,2025-04-14,2025-04-14 17:00:00,113,Handbollsligan,Sweden,2024,Semi-finals,Savehof,Ystads IF,1046,1048,35.0,28.0,16.0,16.0,FT,True,home
176079,2025-04-15,2025-04-15 17:00:00,113,Handbollsligan,Sweden,2024,Semi-finals,Hammarby,Helsingborg,1039,1011,35.0,27.0,12.0,13.0,FT,True,home
176092,2025-04-17,2025-04-17 17:00:00,113,Handbollsligan,Sweden,2024,Semi-finals,Ystads IF,Savehof,1048,1046,40.0,32.0,22.0,15.0,FT,True,home
176080,2025-04-21,2025-04-21 17:00:00,113,Handbollsligan,Sweden,2024,Semi-finals,Helsingborg,Hammarby,1011,1039,28.0,27.0,10.0,13.0,FT,True,home
176374,2025-04-24,2025-04-24 16:30:00,113,Handbollsligan,Sweden,2024,Semi-finals,Savehof,Ystads IF,1046,1048,33.0,34.0,14.0,15.0,AET,False,
176482,2025-04-25,2025-04-25 17:00:00,113,Handbollsligan,Sweden,2024,Semi-finals,Hammarby,Helsingborg,1039,1011,37.0,23.0,16.0,11.0,FT,True,home
176503,2025-05-13,2025-05-13 17:00:00,113,Handbollsligan,Sweden,2024,Final,Ystads IF,Hammarby,1048,1039,32.0,31.0,14.0,17.0,FT,True,home
176504,2025-05-16,2025-05-16 17:00:00,113,Handbollsligan,Sweden,2024,Final,Hammarby,Ystads IF,1039,1048,37.0,35.0,16.0,19.0,FT,True,home
176505,2025-05-20,2025-05-20 17:00:00,113,Handbollsligan,Sweden,2024,Final,Ystads IF,Hammarby,1048,1039,33.0,32.0,13.0,15.0,FT,True,home
176733,2025-05-23,2025-05-23 17:00:00,113,Handbollsligan,Sweden,2024,Final,Hammarby,Ystads IF,1039,1048,29.0,32.0,13.0,15.0,FT,True,away
164553,2024-09-11,2024-09-11 16:45:00,131,Champions League,Europe,2024,1,Aalborg,Nantes,172,257,38.0,31.0,16.0,17.0,FT,True,home
164556,2024-09-11,2024-09-11 16:45:00,131,Champions League,Europe,2024,1,Kolstad,Barcelona,639,962,30.0,35.0,13.0,20.0,FT,True,away
164557,2024-09-11,2024-09-11 18:45:00,131,Champions League,Europe,2024,1,PSG,Eurofarm Pelister,4484,1157,31.0,29.0,18.0,13.0,FT,True,home
164558,2024-09-11,2024-09-11 18:45:00,131,Champions League,Europe,2024,1,Sporting,Wisla Plock,791,694,34.0,29.0,17.0,14.0,FT,True,home
164559,2024-09-12,2024-09-12 16:45:00,131,Champions League,Europe,2024,1,Szeged,SC Magdeburg,417,328,31.0,29.0,17.0,18.0,FT,True,home
164560,2024-09-12,2024-09-12 16:45:00,131,Champions League,Europe,2024,1,Din. Bucuresti,Fredericia,829,177,37.0,28.0,18.0,14.0,FT,True,home
164554,2024-09-12,2024-09-12 18:45:00,131,Champions League,Europe,2024,1,Fuchse Berlin,Veszprem,315,4616,31.0,32.0,16.0,16.0,FT,True,away
164555,2024-09-12,2024-09-12 18:45:00,131,Champions League,Europe,2024,1,Kielce,RK Zagreb,4252,4445,30.0,23.0,13.0,13.0,FT,True,home
164561,2024-09-18,2024-09-18 16:45:00,131,Champions League,Europe,2024,2,RK Zagreb,Aalborg,4445,172,31.0,23.0,13.0,9.0,FT,True,home
164562,2024-09-18,2024-09-18 16:45:00,131,Champions League,Europe,2024,2,Wisla Plock,Din. Bucuresti,694,829,26.0,28.0,11.0,12.0,FT,True,away
164565,2024-09-18,2024-09-18 18:45:00,131,Champions League,Europe,2024,2,Nantes,Kielce,257,4252,23.0,20.0,13.0,10.0,FT,True,home
164567,2024-09-18,2024-09-18 18:45:00,131,Champions League,Europe,2024,2,Eurofarm Pelister,Fuchse Berlin,1157,315,22.0,30.0,9.0,15.0,FT,True,away
164563,2024-09-19,2024-09-19 16:45:00,131,Champions League,Europe,2024,2,Veszprem,PSG,4616,4484,41.0,28.0,18.0,15.0,FT,True,home
164566,2024-09-19,2024-09-19 16:45:00,131,Champions League,Europe,2024,2,Fredericia,Sporting,177,791,19.0,37.0,8.0,17.0,FT,True,away
164564,2024-09-19,2024-09-19 18:45:00,131,Champions League,Europe,2024,2,SC Magdeburg,Kolstad,328,639,33.0,25.0,18.0,9.0,FT,True,home
164568,2024-09-19,2024-09-19 18:45:00,131,Champions League,Europe,2024,2,Barcelona,Szeged,962,417,31.0,30.0,20.0,12.0,FT,True,home
164569,2024-09-25,2024-09-25 16:45:00,131,Champions League,Europe,2024,3,Aalborg,SC Magdeburg,172,328,33.0,33.0,17.0,13.0,FT,True,draw
164573,2024-09-25,2024-09-25 16:45:00,131,Champions League,Europe,2024,3,Kolstad,RK Zagreb,639,4445,29.0,25.0,13.0,13.0,FT,True,home
164572,2024-09-25,2024-09-25 18:45:00,131,Champions League,Europe,2024,3,Kielce,Barcelona,4252,962,28.0,32.0,13.0,17.0,FT,True,away
164574,2024-09-25,2024-09-25 18:45:00,131,Champions League,Europe,2024,3,Sporting,Veszprem,791,4616,39.0,30.0,23.0,17.0,FT,True,home
164570,2024-09-26,2024-09-26 16:45:00,131,Champions League,Europe,2024,3,Din. Bucuresti,Eurofarm Pelister,829,1157,34.0,25.0,19.0,13.0,FT,True,home
164571,2024-09-26,2024-09-26 16:45:00,131,Champions League,Europe,2024,3,Fredericia,Fuchse Berlin,177,315,32.0,38.0,17.0,17.0,FT,True,away
164575,2024-09-26,2024-09-26 16:45:00,131,Champions League,Europe,2024,3,Szeged,Nantes,417,257,33.0,32.0,16.0,14.0,FT,True,home
164576,2024-09-26,2024-09-26 18:45:00,131,Champions League,Europe,2024,3,Wisla Plock,PSG,694,4484,23.0,24.0,13.0,13.0,FT,True,away
164580,2024-10-09,2024-10-09 16:45:00,131,Champions League,Europe,2024,4,RK Zagreb,Szeged,4445,417,30.0,35.0,12.0,19.0,FT,True,away
164577,2024-10-09,2024-10-09 18:45:00,131,Champions League,Europe,2024,4,PSG,Fredericia,4484,177,38.0,30.0,18.0,15.0,FT,True,home
164583,2024-10-09,2024-10-09 18:45:00,131,Champions League,Europe,2024,4,Eurofarm Pelister,Sporting,1157,791,24.0,24.0,15.0,13.0,FT,True,draw
164578,2024-10-10,2024-10-10 16:45:00,131,Champions League,Europe,2024,4,Veszprem,Din. Bucuresti,4616,829,36.0,24.0,19.0,11.0,FT,True,home
164582,2024-10-10,2024-10-10 16:45:00,131,Champions League,Europe,2024,4,Fuchse Berlin,Wisla Plock,315,694,25.0,24.0,12.0,12.0,FT,True,home
164579,2024-10-10,2024-10-10 18:45:00,131,Champions League,Europe,2024,4,SC Magdeburg,Kielce,328,4252,26.0,27.0,15.0,19.0,FT,True,away
164581,2024-10-10,2024-10-10 18:45:00,131,Champions League,Europe,2024,4,Nantes,Kolstad,257,639,44.0,27.0,26.0,11.0,FT,True,home
164584,2024-10-10,2024-10-10 18:45:00,131,Champions League,Europe,2024,4,Barcelona,Aalborg,962,172,35.0,27.0,16.0,13.0,FT,True,home
164585,2024-10-16,2024-10-16 16:45:00,131,Champions League,Europe,2024,5,Aalborg,Szeged,172,417,29.0,28.0,16.0,15.0,FT,True,home
164588,2024-10-16,2024-10-16 16:45:00,131,Champions League,Europe,2024,5,RK Zagreb,Barcelona,4445,962,29.0,31.0,14.0,19.0,FT,True,away
164589,2024-10-16,2024-10-16 18:45:00,131,Champions League,Europe,2024,5,SC Magdeburg,Nantes,328,257,28.0,32.0,16.0,15.0,FT,True,away
164586,2024-10-17,2024-10-17 16:45:00,131,Champions League,Europe,2024,5,Kolstad,Kielce,639,4252,32.0,33.0,17.0,17.0,FT,True,away
164591,2024-10-17,2024-10-17 16:45:00,131,Champions League,Europe,2024,5,Veszprem,Fredericia,4616,177,34.0,32.0,16.0,12.0,FT,True,home
164587,2024-10-17,2024-10-17 18:45:00,131,Champions League,Europe,2024,5,PSG,Din. Bucuresti,4484,829,35.0,32.0,16.0,19.0,FT,True,home
164590,2024-10-17,2024-10-17 18:45:00,131,Champions League,Europe,2024,5,Sporting,Fuchse Berlin,791,315,35.0,33.0,21.0,19.0,FT,True,home
164592,2024-10-17,2024-10-17 18:45:00,131,Champions League,Europe,2024,5,Wisla Plock,Eurofarm Pelister,694,1157,26.0,18.0,13.0,11.0,FT,True,home
164596,2024-10-23,2024-10-23 16:45:00,131,Champions League,Europe,2024,6,Fredericia,Wisla Plock,177,694,28.0,25.0,13.0,11.0,FT,True,home
164599,2024-10-23,2024-10-23 16:45:00,131,Champions League,Europe,2024,6,Din. Bucuresti,Sporting,829,791,33.0,29.0,13.0,15.0,FT,True,home
164593,2024-10-23,2024-10-23 18:45:00,131,Champions League,Europe,2024,6,Kielce,Aalborg,4252,172,28.0,35.0,12.0,18.0,FT,True,away
164595,2024-10-23,2024-10-23 18:45:00,131,Champions League,Europe,2024,6,Nantes,RK Zagreb,257,4445,32.0,29.0,15.0,15.0,FT,True,home
164594,2024-10-24,2024-10-24 16:45:00,131,Champions League,Europe,2024,6,Szeged,Kolstad,417,639,27.0,29.0,11.0,12.0,FT,True,away
164597,2024-10-24,2024-10-24 16:45:00,131,Champions League,Europe,2024,6,Fuchse Berlin,PSG,315,4484,38.0,40.0,20.0,20.0,FT,True,away
164598,2024-10-24,2024-10-24 18:45:00,131,Champions League,Europe,2024,6,Eurofarm Pelister,Veszprem,1157,4616,23.0,30.0,12.0,17.0,FT,True,away
164600,2024-10-24,2024-10-24 18:45:00,131,Champions League,Europe,2024,6,Barcelona,SC Magdeburg,962,328,32.0,26.0,16.0,11.0,FT,True,home
164603,2024-10-30,2024-10-30 17:45:00,131,Champions League,Europe,2024,7,Kolstad,Aalborg,639,172,25.0,24.0,12.0,11.0,FT,True,home
164606,2024-10-30,2024-10-30 17:45:00,131,Champions League,Europe,2024,7,SC Magdeburg,RK Zagreb,328,4445,36.0,24.0,16.0,12.0,FT,True,home
164607,2024-10-30,2024-10-30 17:45:00,131,Champions League,Europe,2024,7,Szeged,Kielce,417,4252,28.0,27.0,15.0,13.0,FT,True,home
164605,2024-10-30,2024-10-30 19:45:00,131,Champions League,Europe,2024,7,PSG,Sporting,4484,791,30.0,28.0,16.0,14.0,FT,True,home
164608,2024-10-30,2024-10-30 19:45:00,131,Champions League,Europe,2024,7,Wisla Plock,Veszprem,694,4616,24.0,27.0,10.0,12.0,FT,True,away
164601,2024-10-31,2024-10-31 17:45:00,131,Champions League,Europe,2024,7,Din. Bucuresti,Fuchse Berlin,829,315,38.0,31.0,18.0,19.0,FT,True,home
164602,2024-10-31,2024-10-31 17:45:00,131,Champions League,Europe,2024,7,Fredericia,Eurofarm Pelister,177,1157,23.0,25.0,12.0,9.0,FT,True,away
164604,2024-10-31,2024-10-31 19:45:00,131,Champions League,Europe,2024,7,Nantes,Barcelona,257,962,31.0,31.0,14.0,17.0,FT,True,draw
164609,2024-11-20,2024-11-20 17:45:00,131,Champions League,Europe,2024,8,RK Zagreb,SC Magdeburg,4445,328,22.0,18.0,11.0,7.0,FT,True,home
164612,2024-11-20,2024-11-20 17:45:00,131,Champions League,Europe,2024,8,Aalborg,Kolstad,172,639,30.0,28.0,13.0,14.0,FT,True,home
164611,2024-11-20,2024-11-20 19:45:00,131,Champions League,Europe,2024,8,Sporting,PSG,791,4484,39.0,28.0,16.0,15.0,FT,True,home
164614,2024-11-20,2024-11-20 19:45:00,131,Champions League,Europe,2024,8,Eurofarm Pelister,Fredericia,1157,177,29.0,29.0,13.0,16.0,FT,True,draw
164610,2024-11-21,2024-11-21 17:45:00,131,Champions League,Europe,2024,8,Veszprem,Wisla Plock,4616,694,30.0,26.0,17.0,13.0,FT,True,home
164616,2024-11-21,2024-11-21 17:45:00,131,Champions League,Europe,2024,8,Fuchse Berlin,Din. Bucuresti,315,829,38.0,29.0,22.0,14.0,FT,True,home
164613,2024-11-21,2024-11-21 19:45:00,131,Champions League,Europe,2024,8,Kielce,Szeged,4252,417,31.0,35.0,19.0,17.0,FT,True,away
164615,2024-11-21,2024-11-21 19:45:00,131,Champions League,Europe,2024,8,Barcelona,Nantes,962,257,36.0,30.0,19.0,14.0,FT,True,home
164623,2024-11-27,2024-11-27 17:45:00,131,Champions League,Europe,2024,9,Kolstad,Szeged,639,417,33.0,36.0,16.0,17.0,FT,True,away
164624,2024-11-27,2024-11-27 17:45:00,131,Champions League,Europe,2024,9,Aalborg,Kielce,172,4252,34.0,26.0,20.0,13.0,FT,True,home
164617,2024-11-27,2024-11-27 19:45:00,131,Champions League,Europe,2024,9,SC Magdeburg,Barcelona,328,962,28.0,23.0,14.0,13.0,FT,True,home
164621,2024-11-27,2024-11-27 19:45:00,131,Champions League,Europe,2024,9,RK Zagreb,Nantes,4445,257,22.0,25.0,12.0,13.0,FT,True,away
164618,2024-11-28,2024-11-28 17:45:00,131,Champions League,Europe,2024,9,Veszprem,Eurofarm Pelister,4616,1157,33.0,26.0,20.0,11.0,FT,True,home
164620,2024-11-28,2024-11-28 17:45:00,131,Champions League,Europe,2024,9,Wisla Plock,Fredericia,694,177,30.0,21.0,14.0,9.0,FT,True,home
164619,2024-11-28,2024-11-28 19:45:00,131,Champions League,Europe,2024,9,Sporting,Din. Bucuresti,791,829,34.0,25.0,20.0,11.0,FT,True,home
164622,2024-11-28,2024-11-28 19:45:00,131,Champions League,Europe,2024,9,PSG,Fuchse Berlin,4484,315,34.0,37.0,18.0,19.0,FT,True,away
164628,2024-12-04,2024-12-04 17:45:00,131,Champions League,Europe,2024,10,Fredericia,Veszprem,177,4616,31.0,40.0,15.0,20.0,FT,True,away
164630,2024-12-04,2024-12-04 17:45:00,131,Champions League,Europe,2024,10,Kielce,Kolstad,4252,639,31.0,30.0,15.0,13.0,FT,True,home
164627,2024-12-04,2024-12-04 19:45:00,131,Champions League,Europe,2024,10,Eurofarm Pelister,Wisla Plock,1157,694,21.0,18.0,12.0,10.0,FT,True,home
164631,2024-12-04,2024-12-04 19:45:00,131,Champions League,Europe,2024,10,Nantes,SC Magdeburg,257,328,29.0,28.0,11.0,15.0,FT,True,home
164626,2024-12-05,2024-12-05 17:45:00,131,Champions League,Europe,2024,10,Din. Bucuresti,PSG,829,4484,33.0,40.0,14.0,21.0,FT,True,away
164632,2024-12-05,2024-12-05 17:45:00,131,Champions League,Europe,2024,10,Szeged,Aalborg,417,172,30.0,32.0,17.0,16.0,FT,True,away
164625,2024-12-05,2024-12-05 19:45:00,131,Champions League,Europe,2024,10,Barcelona,RK Zagreb,962,4445,38.0,30.0,23.0,16.0,FT,True,home
164629,2024-12-05,2024-12-05 19:45:00,131,Champions League,Europe,2024,10,Fuchse Berlin,Sporting,315,791,33.0,32.0,21.0,19.0,FT,True,home
164633,2025-02-12,2025-02-12 17:45:00,131,Champions League,Europe,2024,11,Kolstad,Nantes,639,257,29.0,28.0,18.0,11.0,FT,True,home
164634,2025-02-12,2025-02-12 17:45:00,131,Champions League,Europe,2024,11,Szeged,RK Zagreb,417,4445,26.0,27.0,13.0,15.0,FT,True,away
164639,2025-02-12,2025-02-12 17:45:00,131,Champions League,Europe,2024,11,Aalborg,Barcelona,172,962,36.0,35.0,23.0,18.0,FT,True,home
164637,2025-02-12,2025-02-12 19:45:00,131,Champions League,Europe,2024,11,Kielce,SC Magdeburg,4252,328,25.0,29.0,10.0,16.0,FT,True,away
164638,2025-02-13,2025-02-13 17:45:00,131,Champions League,Europe,2024,11,Din. Bucuresti,Veszprem,829,4616,26.0,33.0,13.0,18.0,FT,True,away
164640,2025-02-13,2025-02-13 17:45:00,131,Champions League,Europe,2024,11,Fuchse Berlin,Fredericia,315,177,36.0,29.0,18.0,14.0,FT,True,home
164635,2025-02-13,2025-02-13 19:45:00,131,Champions League,Europe,2024,11,PSG,Wisla Plock,4484,694,28.0,31.0,15.0,14.0,FT,True,away
164636,2025-02-13,2025-02-13 19:45:00,131,Champions League,Europe,2024,11,Sporting,Eurofarm Pelister,791,1157,30.0,24.0,14.0,13.0,FT,True,home
164643,2025-02-19,2025-02-19 17:45:00,131,Champions League,Europe,2024,12,Fredericia,PSG,177,4484,32.0,38.0,17.0,16.0,FT,True,away
164645,2025-02-19,2025-02-19 17:45:00,131,Champions League,Europe,2024,12,RK Zagreb,Kolstad,4445,639,25.0,25.0,13.0,16.0,FT,True,draw
164644,2025-02-19,2025-02-19 19:45:00,131,Champions League,Europe,2024,12,Nantes,Szeged,257,417,32.0,29.0,19.0,16.0,FT,True,home
164646,2025-02-19,2025-02-19 19:45:00,131,Champions League,Europe,2024,12,SC Magdeburg,Aalborg,328,172,32.0,31.0,17.0,17.0,FT,True,home
164647,2025-02-20,2025-02-20 17:45:00,131,Champions League,Europe,2024,12,Veszprem,Sporting,4616,791,33.0,32.0,16.0,17.0,FT,True,home
164648,2025-02-20,2025-02-20 17:45:00,131,Champions League,Europe,2024,12,Wisla Plock,Fuchse Berlin,694,315,32.0,27.0,19.0,11.0,FT,True,home
164641,2025-02-20,2025-02-20 19:45:00,131,Champions League,Europe,2024,12,Barcelona,Kielce,962,4252,30.0,28.0,14.0,13.0,FT,True,home
164642,2025-02-20,2025-02-20 19:45:00,131,Champions League,Europe,2024,12,Eurofarm Pelister,Din. Bucuresti,1157,829,25.0,24.0,12.0,13.0,FT,True,home
164655,2025-02-26,2025-02-26 17:45:00,131,Champions League,Europe,2024,13,Din. Bucuresti,Wisla Plock,829,694,26.0,27.0,14.0,14.0,FT,True,away
164656,2025-02-26,2025-02-26 17:45:00,131,Champions League,Europe,2024,13,Aalborg,RK Zagreb,172,4445,33.0,30.0,15.0,17.0,FT,True,home
164651,2025-02-26,2025-02-26 19:45:00,131,Champions League,Europe,2024,13,Sporting,Fredericia,791,177,32.0,29.0,15.0,16.0,FT,True,home
164654,2025-02-26,2025-02-26 19:45:00,131,Champions League,Europe,2024,13,Kielce,Nantes,4252,257,28.0,28.0,14.0,12.0,FT,True,draw
164650,2025-02-27,2025-02-27 17:45:00,131,Champions League,Europe,2024,13,Szeged,Barcelona,417,962,29.0,29.0,17.0,14.0,FT,True,draw
164653,2025-02-27,2025-02-27 17:45:00,131,Champions League,Europe,2024,13,Kolstad,SC Magdeburg,639,328,31.0,27.0,15.0,14.0,FT,True,home
164649,2025-02-27,2025-02-27 19:45:00,131,Champions League,Europe,2024,13,PSG,Veszprem,4484,4616,33.0,37.0,18.0,23.0,FT,True,away
164652,2025-02-27,2025-02-27 19:45:00,131,Champions League,Europe,2024,13,Fuchse Berlin,Eurofarm Pelister,315,1157,39.0,29.0,15.0,12.0,FT,True,home
164657,2025-03-05,2025-03-05 17:45:00,131,Champions League,Europe,2024,14,Barcelona,Kolstad,962,639,36.0,27.0,18.0,13.0,FT,True,home
164661,2025-03-05,2025-03-05 17:45:00,131,Champions League,Europe,2024,14,RK Zagreb,Kielce,4445,4252,26.0,27.0,12.0,15.0,FT,True,away
164662,2025-03-05,2025-03-05 17:45:00,131,Champions League,Europe,2024,14,SC Magdeburg,Szeged,328,417,31.0,24.0,13.0,13.0,FT,True,home
164660,2025-03-05,2025-03-05 19:45:00,131,Champions League,Europe,2024,14,Nantes,Aalborg,257,172,29.0,29.0,18.0,14.0,FT,True,draw
164659,2025-03-06,2025-03-06 17:45:00,131,Champions League,Europe,2024,14,Fredericia,Din. Bucuresti,177,829,32.0,37.0,14.0,16.0,FT,True,away
164663,2025-03-06,2025-03-06 17:45:00,131,Champions League,Europe,2024,14,Veszprem,Fuchse Berlin,4616,315,32.0,33.0,16.0,17.0,FT,True,away
164658,2025-03-06,2025-03-06 19:45:00,131,Champions League,Europe,2024,14,Eurofarm Pelister,PSG,1157,4484,26.0,35.0,13.0,18.0,FT,True,away
164664,2025-03-06,2025-03-06 19:45:00,131,Champions League,Europe,2024,14,Wisla Plock,Sporting,694,791,29.0,29.0,17.0,15.0,FT,True,draw
175593,2025-03-26,2025-03-26 17:45:00,131,Champions League,Europe,2024,Semi-finals,Din. Bucuresti,SC Magdeburg,829,328,26.0,30.0,11.0,16.0,FT,True,away
175594,2025-03-26,2025-03-26 19:45:00,131,Champions League,Europe,2024,Semi-finals,Kielce,Fuchse Berlin,4252,315,27.0,33.0,14.0,12.0,FT,True,away
175595,2025-03-27,2025-03-27 17:45:00,131,Champions League,Europe,2024,Semi-finals,Szeged,PSG,417,4484,30.0,31.0,13.0,14.0,FT,True,away
175596,2025-03-27,2025-03-27 19:45:00,131,Champions League,Europe,2024,Semi-finals,Wisla Plock,Nantes,694,257,28.0,25.0,17.0,12.0,FT,True,home
175597,2025-04-02,2025-04-02 16:45:00,131,Champions League,Europe,2024,Semi-finals,Fuchse Berlin,Kielce,315,4252,37.0,37.0,21.0,24.0,FT,True,draw
175598,2025-04-02,2025-04-02 18:45:00,131,Champions League,Europe,2024,Semi-finals,Nantes,Wisla Plock,257,694,29.0,24.0,17.0,8.0,FT,True,home
175600,2025-04-02,2025-04-02 18:45:00,131,Champions League,Europe,2024,Semi-finals,SC Magdeburg,Din. Bucuresti,328,829,35.0,29.0,21.0,10.0,FT,True,home
175599,2025-04-03,2025-04-03 18:45:00,131,Champions League,Europe,2024,Semi-finals,PSG,Szeged,4484,417,25.0,35.0,11.0,17.0,FT,True,away
176074,2025-04-23,2025-04-23 16:45:00,131,Champions League,Europe,2024,Final,SC Magdeburg,Veszprem,328,4616,26.0,26.0,11.0,14.0,FT,True,draw
176073,2025-04-23,2025-04-23 18:45:00,131,Champions League,Europe,2024,Final,Nantes,Sporting,257,791,28.0,27.0,13.0,10.0,FT,True,home
176093,2025-04-24,2025-04-24 16:45:00,131,Champions League,Europe,2024,Final,Szeged,Barcelona,417,962,24.0,27.0,10.0,9.0,FT,True,away
176072,2025-04-24,2025-04-24 18:45:00,131,Champions League,Europe,2024,Final,Fuchse Berlin,Aalborg,315,172,37.0,29.0,14.0,15.0,FT,True,home
176075,2025-04-30,2025-04-30 16:45:00,131,Champions League,Europe,2024,Final,Aalborg,Fuchse Berlin,172,315,36.0,40.0,20.0,21.0,FT,True,away
176076,2025-04-30,2025-04-30 18:45:00,131,Champions League,Europe,2024,Final,Sporting,Nantes,791,257,30.0,32.0,15.0,16.0,FT,True,away
176077,2025-05-01,2025-05-01 16:45:00,131,Champions League,Europe,2024,Final,Veszprem,SC Magdeburg,4616,328,27.0,28.0,13.0,13.0,FT,True,away
176094,2025-05-01,2025-05-01 18:45:00,131,Champions League,Europe,2024,Final,Barcelona,Szeged,962,417,29.0,30.0,16.0,14.0,FT,True,away
176590,2025-06-14,2025-06-14 13:00:00,131,Champions League,Europe,2024,Semi-finals,Fuchse Berlin,Nantes,315,257,34.0,24.0,18.0,12.0,FT,True,home
176591,2025-06-14,2025-06-14 16:00:00,131,Champions League,Europe,2024,Semi-finals,Barcelona,SC Magdeburg,962,328,30.0,31.0,18.0,18.0,FT,True,away
177341,2025-06-15,2025-06-15 13:00:00,131,Champions League,Europe,2024,3rd place,Nantes,Barcelona,257,962,30.0,25.0,14.0,9.0,FT,True,home
177342,2025-06-15,2025-06-15 16:00:00,131,Champions League,Europe,2024,Final,Fuchse Berlin,SC Magdeburg,315,328,26.0,32.0,12.0,16.0,FT,True,away
144053,2023-09-01,2023-09-01 17:00:00,23,Herre Handbold Ligaen,Denmark,2023,1,Nordsjaelland,Holstebro,198,179,33.0,32.0,20.0,18.0,FT,True,home
144051,2023-09-02,2023-09-02 13:00:00,23,Herre Handbold Ligaen,Denmark,2023,1,Ringsted,Sonderjyske,183,199,29.0,28.0,15.0,16.0,FT,True,home
144052,2023-09-02,2023-09-02 13:00:00,23,Herre Handbold Ligaen,Denmark,2023,1,GOG,Ribe-Esbjerg,178,182,26.0,29.0,12.0,14.0,FT,True,away
144056,2023-09-02,2023-09-02 13:00:00,23,Herre Handbold Ligaen,Denmark,2023,1,Fredericia,Bjerringbro/Silkeborg,177,176,30.0,26.0,11.0,9.0,FT,True,home
144050,2023-09-02,2023-09-02 14:00:00,23,Herre Handbold Ligaen,Denmark,2023,1,Skanderborg AGF,Lemvig,4429,197,37.0,24.0,17.0,11.0,FT,True,home
144054,2023-09-02,2023-09-02 14:00:00,23,Herre Handbold Ligaen,Denmark,2023,1,Kolding,Mors,180,173,29.0,29.0,11.0,15.0,FT,True,draw
144055,2023-09-02,2023-09-02 14:10:00,23,Herre Handbold Ligaen,Denmark,2023,1,Aalborg,Skjern,172,185,38.0,26.0,17.0,14.0,FT,True,home
144057,2023-09-06,2023-09-06 16:30:00,23,Herre Handbold Ligaen,Denmark,2023,2,Bjerringbro/Silkeborg,Nordsjaelland,176,198,34.0,28.0,15.0,14.0,FT,True,home
144059,2023-09-06,2023-09-06 16:30:00,23,Herre Handbold Ligaen,Denmark,2023,2,Ribe-Esbjerg,Kolding,182,180,34.0,28.0,16.0,11.0,FT,True,home
144060,2023-09-06,2023-09-06 16:30:00,23,Herre Handbold Ligaen,Denmark,2023,2,Skjern,Skanderborg AGF,185,4429,27.0,27.0,10.0,8.0,FT,True,draw
144061,2023-09-06,2023-09-06 17:00:00,23,Herre Handbold Ligaen,Denmark,2023,2,Holstebro,Ringsted,179,183,34.0,33.0,14.0,19.0,FT,True,home
144058,2023-09-06,2023-09-06 17:30:00,23,Herre Handbold Ligaen,Denmark,2023,2,Lemvig,Fredericia,197,177,27.0,27.0,11.0,14.0,FT,True,draw
144062,2023-09-06,2023-09-06 18:00:00,23,Herre Handbold Ligaen,Denmark,2023,2,Sonderjyske,GOG,199,178,32.0,32.0,15.0,15.0,FT,True,draw
144063,2023-09-07,2023-09-07 18:00:00,23,Herre Handbold Ligaen,Denmark,2023,2,Mors,Aalborg,173,172,30.0,35.0,14.0,18.0,FT,True,away
144065,2023-09-09,2023-09-09 13:00:00,23,Herre Handbold Ligaen,Denmark,2023,3,GOG,Ringsted,178,183,36.0,26.0,16.0,13.0,FT,True,home
144066,2023-09-09,2023-09-09 14:00:00,23,Herre Handbold Ligaen,Denmark,2023,3,Kolding,Sonderjyske,180,199,27.0,29.0,13.0,12.0,FT,True,away
144070,2023-09-09,2023-09-09 14:10:00,23,Herre Handbold Ligaen,Denmark,2023,3,Fredericia,Skjern,177,185,23.0,20.0,8.0,7.0,FT,True,home
144067,2023-09-10,2023-09-10 14:00:00,23,Herre Handbold Ligaen,Denmark,2023,3,Nordsjaelland,Lemvig,198,197,20.0,27.0,7.0,12.0,FT,True,away
144069,2023-09-10,2023-09-10 18:00:00,23,Herre Handbold Ligaen,Denmark,2023,3,Aalborg,Ribe-Esbjerg,172,182,36.0,27.0,18.0,10.0,FT,True,home
144068,2023-09-11,2023-09-11 16:30:00,23,Herre Handbold Ligaen,Denmark,2023,3,Skanderborg AGF,Mors,4429,173,26.0,36.0,13.0,17.0,FT,True,away
144064,2023-09-13,2023-09-13 18:00:00,23,Herre Handbold Ligaen,Denmark,2023,3,Bjerringbro/Silkeborg,Holstebro,176,179,32.0,21.0,13.0,10.0,FT,True,home
144071,2023-09-14,2023-09-14 16:30:00,23,Herre Handbold Ligaen,Denmark,2023,4,Skjern,Nordsjaelland,185,198,27.0,22.0,11.0,11.0,FT,True,home
144073,2023-09-15,2023-09-15 16:00:00,23,Herre Handbold Ligaen,Denmark,2023,4,Ribe-Esbjerg,Skanderborg AGF,182,4429,23.0,27.0,12.0,10.0,FT,True,away
144075,2023-09-15,2023-09-15 17:30:00,23,Herre Handbold Ligaen,Denmark,2023,4,Lemvig,Bjerringbro/Silkeborg,197,176,31.0,39.0,17.0,19.0,FT,True,away
144072,2023-09-16,2023-09-16 11:30:00,23,Herre Handbold Ligaen,Denmark,2023,4,Ringsted,Kolding,183,180,30.0,33.0,15.0,16.0,FT,True,away
144076,2023-09-16,2023-09-16 14:10:00,23,Herre Handbold Ligaen,Denmark,2023,4,Sonderjyske,Aalborg,199,172,27.0,32.0,12.0,18.0,FT,True,away
144074,2023-09-17,2023-09-17 12:00:00,23,Herre Handbold Ligaen,Denmark,2023,4,Mors,Fredericia,173,177,25.0,24.0,14.0,13.0,FT,True,home
144077,2023-09-17,2023-09-17 18:00:00,23,Herre Handbold Ligaen,Denmark,2023,4,Holstebro,GOG,179,178,36.0,36.0,19.0,18.0,FT,True,draw
144078,2023-09-19,2023-09-19 18:00:00,23,Herre Handbold Ligaen,Denmark,2023,5,Bjerringbro/Silkeborg,Skjern,176,185,31.0,33.0,16.0,18.0,FT,True,away
144083,2023-09-21,2023-09-21 16:30:00,23,Herre Handbold Ligaen,Denmark,2023,5,Skanderborg AGF,Sonderjyske,4429,199,26.0,26.0,12.0,11.0,FT,True,draw
144079,2023-09-22,2023-09-22 17:00:00,23,Herre Handbold Ligaen,Denmark,2023,5,Fredericia,Ribe-Esbjerg,177,182,30.0,33.0,13.0,16.0,FT,True,away
144081,2023-09-22,2023-09-22 17:30:00,23,Herre Handbold Ligaen,Denmark,2023,5,Lemvig,Holstebro,197,179,28.0,21.0,13.0,10.0,FT,True,home
144080,2023-09-23,2023-09-23 12:00:00,23,Herre Handbold Ligaen,Denmark,2023,5,Aalborg,Ringsted,172,183,36.0,30.0,23.0,18.0,FT,True,home
144082,2023-09-23,2023-09-23 14:00:00,23,Herre Handbold Ligaen,Denmark,2023,5,Nordsjaelland,Mors,198,173,26.0,28.0,12.0,13.0,FT,True,away
144084,2023-09-23,2023-09-23 14:10:00,23,Herre Handbold Ligaen,Denmark,2023,5,Kolding,GOG,180,178,25.0,37.0,12.0,17.0,FT,True,away
144085,2023-09-26,2023-09-26 18:00:00,23,Herre Handbold Ligaen,Denmark,2023,6,Sonderjyske,Fredericia,199,177,27.0,31.0,15.0,19.0,FT,True,away
144090,2023-09-27,2023-09-27 16:30:00,23,Herre Handbold Ligaen,Denmark,2023,6,Skjern,Lemvig,185,197,35.0,27.0,19.0,13.0,FT,True,home
144086,2023-09-27,2023-09-27 18:00:00,23,Herre Handbold Ligaen,Denmark,2023,6,Holstebro,Kolding,179,180,38.0,29.0,18.0,13.0,FT,True,home
144087,2023-09-28,2023-09-28 18:00:00,23,Herre Handbold Ligaen,Denmark,2023,6,Mors,Bjerringbro/Silkeborg,173,176,31.0,31.0,19.0,18.0,FT,True,draw
144088,2023-09-29,2023-09-29 16:30:00,23,Herre Handbold Ligaen,Denmark,2023,6,Ribe-Esbjerg,Nordsjaelland,182,198,38.0,31.0,20.0,14.0,FT,True,home
144089,2023-09-29,2023-09-29 17:00:00,23,Herre Handbold Ligaen,Denmark,2023,6,Ringsted,Skanderborg AGF,183,4429,25.0,24.0,14.0,14.0,FT,True,home
144091,2023-09-30,2023-09-30 14:10:00,23,Herre Handbold Ligaen,Denmark,2023,6,GOG,Aalborg,178,172,23.0,33.0,13.0,14.0,FT,True,away
144097,2023-10-03,2023-10-03 16:30:00,23,Herre Handbold Ligaen,Denmark,2023,7,Bjerringbro/Silkeborg,Ribe-Esbjerg,176,182,35.0,33.0,15.0,14.0,FT,True,home
144092,2023-10-03,2023-10-03 17:00:00,23,Herre Handbold Ligaen,Denmark,2023,7,Fredericia,Ringsted,177,183,33.0,26.0,16.0,11.0,FT,True,home
144095,2023-10-03,2023-10-03 17:00:00,23,Herre Handbold Ligaen,Denmark,2023,7,Nordsjaelland,Sonderjyske,198,199,32.0,30.0,18.0,17.0,FT,True,home
144093,2023-10-03,2023-10-03 18:00:00,23,Herre Handbold Ligaen,Denmark,2023,7,Skanderborg AGF,GOG,4429,178,27.0,32.0,14.0,16.0,FT,True,away
144094,2023-10-04,2023-10-04 16:30:00,23,Herre Handbold Ligaen,Denmark,2023,7,Skjern,Holstebro,185,179,23.0,24.0,13.0,14.0,FT,True,away
144096,2023-10-04,2023-10-04 17:30:00,23,Herre Handbold Ligaen,Denmark,2023,7,Lemvig,Mors,197,173,21.0,36.0,9.0,20.0,FT,True,away
144098,2023-10-04,2023-10-04 17:30:00,23,Herre Handbold Ligaen,Denmark,2023,7,Aalborg,Kolding,172,180,35.0,31.0,18.0,12.0,FT,True,home
144102,2023-10-07,2023-10-07 12:00:00,23,Herre Handbold Ligaen,Denmark,2023,8,Sonderjyske,Bjerringbro/Silkeborg,199,176,19.0,31.0,12.0,14.0,FT,True,away
144099,2023-10-07,2023-10-07 13:30:00,23,Herre Handbold Ligaen,Denmark,2023,8,Kolding,Skanderborg AGF,180,4429,27.0,31.0,12.0,14.0,FT,True,away
144101,2023-10-07,2023-10-07 14:00:00,23,Herre Handbold Ligaen,Denmark,2023,8,Ringsted,Nordsjaelland,183,198,27.0,25.0,15.0,12.0,FT,True,home
144103,2023-10-07,2023-10-07 14:10:00,23,Herre Handbold Ligaen,Denmark,2023,8,Holstebro,Aalborg,179,172,27.0,35.0,12.0,18.0,FT,True,away
144104,2023-10-08,2023-10-08 18:00:00,23,Herre Handbold Ligaen,Denmark,2023,8,GOG,Fredericia,178,177,34.0,37.0,17.0,17.0,FT,True,away
144100,2023-10-09,2023-10-09 16:30:00,23,Herre Handbold Ligaen,Denmark,2023,8,Ribe-Esbjerg,Lemvig,182,197,31.0,22.0,12.0,8.0,FT,True,home
144105,2023-10-10,2023-10-10 18:00:00,23,Herre Handbold Ligaen,Denmark,2023,8,Mors,Skjern,173,185,32.0,24.0,16.0,10.0,FT,True,home
144106,2023-10-11,2023-10-11 18:00:00,23,Herre Handbold Ligaen,Denmark,2023,9,Fredericia,Kolding,177,180,32.0,31.0,16.0,16.0,FT,True,home
144108,2023-10-13,2023-10-13 16:30:00,23,Herre Handbold Ligaen,Denmark,2023,9,Skjern,Ribe-Esbjerg,185,182,40.0,35.0,21.0,15.0,FT,True,home
144110,2023-10-13,2023-10-13 17:00:00,23,Herre Handbold Ligaen,Denmark,2023,9,Bjerringbro/Silkeborg,Ringsted,176,183,31.0,27.0,14.0,10.0,FT,True,home
144111,2023-10-13,2023-10-13 17:30:00,23,Herre Handbold Ligaen,Denmark,2023,9,Lemvig,Sonderjyske,197,199,28.0,28.0,16.0,15.0,FT,True,draw
144109,2023-10-14,2023-10-14 12:00:00,23,Herre Handbold Ligaen,Denmark,2023,9,Mors,Holstebro,173,179,30.0,26.0,13.0,13.0,FT,True,home
144107,2023-10-15,2023-10-15 15:00:00,23,Herre Handbold Ligaen,Denmark,2023,9,Nordsjaelland,GOG,198,178,32.0,30.0,14.0,17.0,FT,True,home
144112,2023-10-15,2023-10-15 18:00:00,23,Herre Handbold Ligaen,Denmark,2023,9,Skanderborg AGF,Aalborg,4429,172,19.0,26.0,10.0,12.0,FT,True,away
144116,2023-10-20,2023-10-20 17:00:00,23,Herre Handbold Ligaen,Denmark,2023,10,Sonderjyske,Skjern,199,185,29.0,25.0,16.0,12.0,FT,True,home
144113,2023-10-21,2023-10-21 13:30:00,23,Herre Handbold Ligaen,Denmark,2023,10,Kolding,Nordsjaelland,180,198,28.0,29.0,14.0,15.0,FT,True,away
144114,2023-10-21,2023-10-21 14:00:00,23,Herre Handbold Ligaen,Denmark,2023,10,Ribe-Esbjerg,Mors,182,173,30.0,21.0,12.0,10.0,FT,True,home
144117,2023-10-21,2023-10-21 14:10:00,23,Herre Handbold Ligaen,Denmark,2023,10,GOG,Bjerringbro/Silkeborg,178,176,33.0,28.0,16.0,14.0,FT,True,home
144118,2023-10-22,2023-10-22 18:00:00,23,Herre Handbold Ligaen,Denmark,2023,10,Aalborg,Fredericia,172,177,35.0,27.0,16.0,11.0,FT,True,home
144119,2023-10-23,2023-10-23 17:00:00,23,Herre Handbold Ligaen,Denmark,2023,10,Holstebro,Skanderborg AGF,179,4429,34.0,25.0,20.0,15.0,FT,True,home
144115,2023-10-25,2023-10-25 17:30:00,23,Herre Handbold Ligaen,Denmark,2023,10,Ringsted,Lemvig,183,197,28.0,26.0,11.0,11.0,FT,True,home
144120,2023-10-27,2023-10-27 16:30:00,23,Herre Handbold Ligaen,Denmark,2023,11,Ribe-Esbjerg,Holstebro,182,179,32.0,29.0,16.0,11.0,FT,True,home
144125,2023-10-27,2023-10-27 17:00:00,23,Herre Handbold Ligaen,Denmark,2023,11,Fredericia,Skanderborg AGF,177,4429,30.0,26.0,14.0,10.0,FT,True,home
144122,2023-10-28,2023-10-28 13:00:00,23,Herre Handbold Ligaen,Denmark,2023,11,Lemvig,GOG,197,178,34.0,38.0,15.0,18.0,FT,True,away
144121,2023-10-28,2023-10-28 14:00:00,23,Herre Handbold Ligaen,Denmark,2023,11,Skjern,Ringsted,185,183,34.0,28.0,18.0,12.0,FT,True,home
144123,2023-10-29,2023-10-29 13:00:00,23,Herre Handbold Ligaen,Denmark,2023,11,Mors,Sonderjyske,173,199,33.0,31.0,15.0,17.0,FT,True,home
144124,2023-10-29,2023-10-29 15:10:00,23,Herre Handbold Ligaen,Denmark,2023,11,Nordsjaelland,Aalborg,198,172,27.0,33.0,15.0,15.0,FT,True,away
144126,2023-10-29,2023-10-29 19:00:00,23,Herre Handbold Ligaen,Denmark,2023,11,Bjerringbro/Silkeborg,Kolding,176,180,29.0,28.0,14.0,14.0,FT,True,home
144131,2023-11-09,2023-11-09 17:30:00,23,Herre Handbold Ligaen,Denmark,2023,12,Kolding,Lemvig,180,197,29.0,24.0,13.0,9.0,FT,True,home
144127,2023-11-09,2023-11-09 18:00:00,23,Herre Handbold Ligaen,Denmark,2023,12,Fredericia,Holstebro,177,179,27.0,24.0,15.0,12.0,FT,True,home
144129,2023-11-10,2023-11-10 18:30:00,23,Herre Handbold Ligaen,Denmark,2023,12,Ringsted,Mors,183,173,32.0,28.0,13.0,11.0,FT,True,home
144128,2023-11-11,2023-11-11 14:00:00,23,Herre Handbold Ligaen,Denmark,2023,12,Skanderborg AGF,Nordsjaelland,4429,198,27.0,23.0,14.0,14.0,FT,True,home
144132,2023-11-11,2023-11-11 14:00:00,23,Herre Handbold Ligaen,Denmark,2023,12,GOG,Skjern,178,185,29.0,26.0,12.0,15.0,FT,True,home
144133,2023-11-11,2023-11-11 15:00:00,23,Herre Handbold Ligaen,Denmark,2023,12,Aalborg,Bjerringbro/Silkeborg,172,176,34.0,28.0,20.0,16.0,FT,True,home
144130,2023-11-12,2023-11-12 19:00:00,23,Herre Handbold Ligaen,Denmark,2023,12,Sonderjyske,Ribe-Esbjerg,199,182,36.0,27.0,18.0,14.0,FT,True,home
144136,2023-11-15,2023-11-15 19:00:00,23,Herre Handbold Ligaen,Denmark,2023,13,Lemvig,Skanderborg AGF,197,4429,29.0,31.0,13.0,16.0,FT,True,away
144135,2023-11-16,2023-11-16 18:00:00,23,Herre Handbold Ligaen,Denmark,2023,13,Holstebro,Nordsjaelland,179,198,24.0,34.0,9.0,17.0,FT,True,away
144134,2023-11-18,2023-11-18 15:00:00,23,Herre Handbold Ligaen,Denmark,2023,13,Bjerringbro/Silkeborg,Fredericia,176,177,24.0,31.0,14.0,13.0,FT,True,away
144137,2023-11-18,2023-11-18 15:00:00,23,Herre Handbold Ligaen,Denmark,2023,13,Mors,Kolding,173,180,33.0,27.0,15.0,15.0,FT,True,home
144140,2023-11-19,2023-11-19 13:00:00,23,Herre Handbold Ligaen,Denmark,2023,13,Sonderjyske,Ringsted,199,183,21.0,30.0,16.0,12.0,FT,True,away
144139,2023-11-19,2023-11-19 19:00:00,23,Herre Handbold Ligaen,Denmark,2023,13,Skjern,Aalborg,185,172,21.0,24.0,13.0,11.0,FT,True,away
144138,2023-11-20,2023-11-20 17:30:00,23,Herre Handbold Ligaen,Denmark,2023,13,Ribe-Esbjerg,GOG,182,178,34.0,33.0,19.0,15.0,FT,True,home
144147,2023-11-22,2023-11-22 19:00:00,23,Herre Handbold Ligaen,Denmark,2023,14,Holstebro,Sonderjyske,179,199,24.0,24.0,13.0,15.0,FT,True,draw
144141,2023-11-24,2023-11-24 17:30:00,23,Herre Handbold Ligaen,Denmark,2023,14,Nordsjaelland,Fredericia,198,177,28.0,33.0,14.0,17.0,FT,True,away
144146,2023-11-25,2023-11-25 14:00:00,23,Herre Handbold Ligaen,Denmark,2023,14,Lemvig,Aalborg,197,172,30.0,30.0,17.0,13.0,FT,True,draw
144143,2023-11-25,2023-11-25 15:00:00,23,Herre Handbold Ligaen,Denmark,2023,14,Ribe-Esbjerg,Ringsted,182,183,38.0,27.0,19.0,11.0,FT,True,home
144142,2023-11-25,2023-11-25 17:00:00,23,Herre Handbold Ligaen,Denmark,2023,14,Skjern,Kolding,185,180,25.0,28.0,16.0,13.0,FT,True,away
144145,2023-11-26,2023-11-26 15:00:00,23,Herre Handbold Ligaen,Denmark,2023,14,Mors,GOG,173,178,35.0,35.0,16.0,16.0,FT,True,draw
144144,2023-11-26,2023-11-26 19:00:00,23,Herre Handbold Ligaen,Denmark,2023,14,Bjerringbro/Silkeborg,Skanderborg AGF,176,4429,27.0,23.0,9.0,12.0,FT,True,home
144148,2023-11-30,2023-11-30 18:00:00,23,Herre Handbold Ligaen,Denmark,2023,15,Fredericia,Lemvig,177,197,28.0,21.0,12.0,8.0,FT,True,home
144149,2023-12-02,2023-12-02 14:00:00,23,Herre Handbold Ligaen,Denmark,2023,15,Skanderborg AGF,Skjern,4429,185,22.0,26.0,10.0,14.0,FT,True,away
144153,2023-12-02,2023-12-02 14:00:00,23,Herre Handbold Ligaen,Denmark,2023,15,Nordsjaelland,Bjerringbro/Silkeborg,198,176,26.0,32.0,11.0,18.0,FT,True,away
144154,2023-12-02,2023-12-02 14:00:00,23,Herre Handbold Ligaen,Denmark,2023,15,Ringsted,Holstebro,183,179,28.0,29.0,15.0,14.0,FT,True,away
144152,2023-12-02,2023-12-02 14:30:00,23,Herre Handbold Ligaen,Denmark,2023,15,Kolding,Ribe-Esbjerg,180,182,29.0,24.0,16.0,11.0,FT,True,home
144150,2023-12-02,2023-12-02 17:00:00,23,Herre Handbold Ligaen,Denmark,2023,15,Aalborg,Mors,172,173,38.0,32.0,20.0,18.0,FT,True,home
144151,2023-12-03,2023-12-03 14:00:00,23,Herre Handbold Ligaen,Denmark,2023,15,GOG,Sonderjyske,178,199,29.0,33.0,13.0,12.0,FT,True,away
144155,2023-12-08,2023-12-08 18:30:00,23,Herre Handbold Ligaen,Denmark,2023,16,Lemvig,Nordsjaelland,197,198,32.0,29.0,14.0,16.0,FT,True,home
144156,2023-12-08,2023-12-08 18:30:00,23,Herre Handbold Ligaen,Denmark,2023,16,Mors,Skanderborg AGF,173,4429,29.0,30.0,13.0,12.0,FT,True,away
144157,2023-12-09,2023-12-09 13:00:00,23,Herre Handbold Ligaen,Denmark,2023,16,Ribe-Esbjerg,Aalborg,182,172,34.0,33.0,12.0,18.0,FT,True,home
144158,2023-12-09,2023-12-09 13:00:00,23,Herre Handbold Ligaen,Denmark,2023,16,Ringsted,GOG,183,178,32.0,37.0,14.0,20.0,FT,True,away
144159,2023-12-09,2023-12-09 13:00:00,23,Herre Handbold Ligaen,Denmark,2023,16,Skjern,Fredericia,185,177,26.0,30.0,10.0,12.0,FT,True,away
144160,2023-12-09,2023-12-09 14:00:00,23,Herre Handbold Ligaen,Denmark,2023,16,Sonderjyske,Kolding,199,180,24.0,37.0,10.0,19.0,FT,True,away
144161,2023-12-09,2023-12-09 15:00:00,23,Herre Handbold Ligaen,Denmark,2023,16,Holstebro,Bjerringbro/Silkeborg,179,176,28.0,35.0,16.0,20.0,FT,True,away
144167,2023-12-12,2023-12-12 17:30:00,23,Herre Handbold Ligaen,Denmark,2023,17,Skanderborg AGF,Ribe-Esbjerg,4429,182,27.0,26.0,15.0,10.0,FT,True,home
144168,2023-12-12,2023-12-12 17:30:00,23,Herre Handbold Ligaen,Denmark,2023,17,Fredericia,Mors,177,173,25.0,25.0,12.0,10.0,FT,True,draw
144162,2023-12-12,2023-12-12 18:00:00,23,Herre Handbold Ligaen,Denmark,2023,17,Nordsjaelland,Skjern,198,185,26.0,28.0,16.0,16.0,FT,True,away
144163,2023-12-13,2023-12-13 17:30:00,23,Herre Handbold Ligaen,Denmark,2023,17,Kolding,Ringsted,180,183,35.0,36.0,17.0,20.0,FT,True,away
144165,2023-12-13,2023-12-13 17:30:00,23,Herre Handbold Ligaen,Denmark,2023,17,Bjerringbro/Silkeborg,Lemvig,176,197,34.0,27.0,20.0,10.0,FT,True,home
144166,2023-12-13,2023-12-13 18:00:00,23,Herre Handbold Ligaen,Denmark,2023,17,Aalborg,Sonderjyske,172,199,32.0,24.0,15.0,12.0,FT,True,home
144164,2023-12-13,2023-12-13 18:30:00,23,Herre Handbold Ligaen,Denmark,2023,17,GOG,Holstebro,178,179,40.0,28.0,18.0,15.0,FT,True,home
144172,2023-12-16,2023-12-16 13:00:00,23,Herre Handbold Ligaen,Denmark,2023,18,Ribe-Esbjerg,Fredericia,182,177,29.0,30.0,13.0,19.0,FT,True,away
144175,2023-12-16,2023-12-16 14:00:00,23,Herre Handbold Ligaen,Denmark,2023,18,GOG,Kolding,178,180,29.0,27.0,14.0,14.0,FT,True,home
144169,2023-12-16,2023-12-16 15:00:00,23,Herre Handbold Ligaen,Denmark,2023,18,Ringsted,Aalborg,183,172,31.0,27.0,17.0,15.0,FT,True,home
144171,2023-12-16,2023-12-16 15:00:00,23,Herre Handbold Ligaen,Denmark,2023,18,Skjern,Bjerringbro/Silkeborg,185,176,29.0,25.0,17.0,13.0,FT,True,home
144173,2023-12-16,2023-12-16 15:00:00,23,Herre Handbold Ligaen,Denmark,2023,18,Mors,Nordsjaelland,173,198,30.0,30.0,14.0,12.0,FT,True,draw
144174,2023-12-17,2023-12-17 12:45:00,23,Herre Handbold Ligaen,Denmark,2023,18,Holstebro,Lemvig,179,197,39.0,28.0,19.0,14.0,FT,True,home
144170,2023-12-17,2023-12-17 14:00:00,23,Herre Handbold Ligaen,Denmark,2023,18,Sonderjyske,Skanderborg AGF,199,4429,37.0,31.0,18.0,15.0,FT,True,home
144178,2024-02-02,2024-02-02 17:30:00,23,Herre Handbold Ligaen,Denmark,2023,19,Bjerringbro/Silkeborg,Mors,176,173,30.0,30.0,18.0,13.0,FT,True,draw
144181,2024-02-02,2024-02-02 18:00:00,23,Herre Handbold Ligaen,Denmark,2023,19,Nordsjaelland,Ribe-Esbjerg,198,182,29.0,29.0,15.0,13.0,FT,True,draw
144180,2024-02-02,2024-02-02 18:30:00,23,Herre Handbold Ligaen,Denmark,2023,19,Lemvig,Skjern,197,185,28.0,28.0,12.0,15.0,FT,True,draw
144176,2024-02-03,2024-02-03 14:00:00,23,Herre Handbold Ligaen,Denmark,2023,19,Skanderborg AGF,Ringsted,4429,183,27.0,29.0,13.0,17.0,FT,True,away
144179,2024-02-03,2024-02-03 14:30:00,23,Herre Handbold Ligaen,Denmark,2023,19,Kolding,Holstebro,180,179,28.0,35.0,13.0,18.0,FT,True,away
144177,2024-02-03,2024-02-03 15:00:00,23,Herre Handbold Ligaen,Denmark,2023,19,Aalborg,GOG,172,178,30.0,28.0,17.0,12.0,FT,True,home
144182,2024-02-04,2024-02-04 19:00:00,23,Herre Handbold Ligaen,Denmark,2023,19,Fredericia,Sonderjyske,177,199,26.0,23.0,16.0,11.0,FT,True,home
144183,2024-02-06,2024-02-06 17:30:00,23,Herre Handbold Ligaen,Denmark,2023,20,Ribe-Esbjerg,Bjerringbro/Silkeborg,182,176,26.0,32.0,17.0,17.0,FT,True,away
144186,2024-02-06,2024-02-06 18:30:00,23,Herre Handbold Ligaen,Denmark,2023,20,Mors,Lemvig,173,197,27.0,27.0,11.0,16.0,FT,True,draw
144187,2024-02-06,2024-02-06 19:00:00,23,Herre Handbold Ligaen,Denmark,2023,20,Kolding,Aalborg,180,172,26.0,28.0,10.0,17.0,FT,True,away
144184,2024-02-07,2024-02-07 18:00:00,23,Herre Handbold Ligaen,Denmark,2023,20,Ringsted,Fredericia,183,177,23.0,24.0,13.0,13.0,FT,True,away
144185,2024-02-07,2024-02-07 18:00:00,23,Herre Handbold Ligaen,Denmark,2023,20,Sonderjyske,Nordsjaelland,199,198,32.0,24.0,18.0,12.0,FT,True,home
144188,2024-02-07,2024-02-07 18:30:00,23,Herre Handbold Ligaen,Denmark,2023,20,GOG,Skanderborg AGF,178,4429,31.0,19.0,17.0,9.0,FT,True,home
144189,2024-02-08,2024-02-08 19:00:00,23,Herre Handbold Ligaen,Denmark,2023,20,Holstebro,Skjern,179,185,22.0,26.0,11.0,15.0,FT,True,away
144192,2024-02-10,2024-02-10 14:00:00,23,Herre Handbold Ligaen,Denmark,2023,21,Bjerringbro/Silkeborg,Sonderjyske,176,199,26.0,25.0,14.0,12.0,FT,True,home
144193,2024-02-10,2024-02-10 14:00:00,23,Herre Handbold Ligaen,Denmark,2023,21,Lemvig,Ribe-Esbjerg,197,182,30.0,32.0,15.0,15.0,FT,True,away
144196,2024-02-10,2024-02-10 15:00:00,23,Herre Handbold Ligaen,Denmark,2023,21,Fredericia,GOG,177,178,31.0,37.0,12.0,20.0,FT,True,away
144191,2024-02-10,2024-02-10 15:10:00,23,Herre Handbold Ligaen,Denmark,2023,21,Aalborg,Holstebro,172,179,33.0,27.0,18.0,14.0,FT,True,home
144195,2024-02-11,2024-02-11 19:00:00,23,Herre Handbold Ligaen,Denmark,2023,21,Skjern,Mors,185,173,35.0,27.0,17.0,11.0,FT,True,home
144190,2024-02-12,2024-02-12 17:30:00,23,Herre Handbold Ligaen,Denmark,2023,21,Skanderborg AGF,Kolding,4429,180,23.0,24.0,11.0,12.0,FT,True,away
144194,2024-02-12,2024-02-12 18:00:00,23,Herre Handbold Ligaen,Denmark,2023,21,Nordsjaelland,Ringsted,198,183,31.0,31.0,11.0,14.0,FT,True,draw
144197,2024-02-20,2024-02-20 19:00:00,23,Herre Handbold Ligaen,Denmark,2023,22,Holstebro,Mors,179,173,34.0,35.0,18.0,16.0,FT,True,away
144200,2024-02-21,2024-02-21 19:00:00,23,Herre Handbold Ligaen,Denmark,2023,22,Kolding,Fredericia,180,177,26.0,27.0,10.0,13.0,FT,True,away
144198,2024-02-23,2024-02-23 17:30:00,23,Herre Handbold Ligaen,Denmark,2023,22,Aalborg,Skanderborg AGF,172,4429,31.0,22.0,15.0,12.0,FT,True,home
144203,2024-02-24,2024-02-24 14:00:00,23,Herre Handbold Ligaen,Denmark,2023,22,Sonderjyske,Lemvig,199,197,31.0,26.0,14.0,14.0,FT,True,home
144201,2024-02-24,2024-02-24 15:00:00,23,Herre Handbold Ligaen,Denmark,2023,22,Ribe-Esbjerg,Skjern,182,185,26.0,32.0,10.0,16.0,FT,True,away
144202,2024-02-24,2024-02-24 15:00:00,23,Herre Handbold Ligaen,Denmark,2023,22,Ringsted,Bjerringbro/Silkeborg,183,176,30.0,25.0,11.0,10.0,FT,True,home
144199,2024-02-25,2024-02-25 14:00:00,23,Herre Handbold Ligaen,Denmark,2023,22,GOG,Nordsjaelland,178,198,34.0,32.0,17.0,14.0,FT,True,home
144207,2024-02-27,2024-02-27 19:00:00,23,Herre Handbold Ligaen,Denmark,2023,23,Mors,Ribe-Esbjerg,173,182,34.0,30.0,18.0,11.0,FT,True,home
144204,2024-02-28,2024-02-28 17:30:00,23,Herre Handbold Ligaen,Denmark,2023,23,Skanderborg AGF,Holstebro,4429,179,25.0,19.0,12.0,10.0,FT,True,home
144205,2024-02-29,2024-02-29 19:00:00,23,Herre Handbold Ligaen,Denmark,2023,23,Nordsjaelland,Kolding,198,180,33.0,33.0,16.0,15.0,FT,True,draw
144209,2024-03-01,2024-03-01 18:30:00,23,Herre Handbold Ligaen,Denmark,2023,23,Lemvig,Ringsted,197,183,27.0,28.0,14.0,15.0,FT,True,away
144208,2024-03-02,2024-03-02 17:00:00,23,Herre Handbold Ligaen,Denmark,2023,23,Bjerringbro/Silkeborg,GOG,176,178,34.0,32.0,17.0,16.0,FT,True,home
144206,2024-03-03,2024-03-03 15:00:00,23,Herre Handbold Ligaen,Denmark,2023,23,Skjern,Sonderjyske,185,199,23.0,28.0,13.0,13.0,FT,True,away
144210,2024-03-03,2024-03-03 19:00:00,23,Herre Handbold Ligaen,Denmark,2023,23,Fredericia,Aalborg,177,172,32.0,32.0,17.0,19.0,FT,True,draw
144211,2024-03-06,2024-03-06 19:00:00,23,Herre Handbold Ligaen,Denmark,2023,24,Skanderborg AGF,Fredericia,4429,177,30.0,27.0,16.0,14.0,FT,True,home
144214,2024-03-08,2024-03-08 18:00:00,23,Herre Handbold Ligaen,Denmark,2023,24,Holstebro,Ribe-Esbjerg,179,182,30.0,24.0,16.0,15.0,FT,True,home
144212,2024-03-09,2024-03-09 13:00:00,23,Herre Handbold Ligaen,Denmark,2023,24,Aalborg,Nordsjaelland,172,198,30.0,28.0,16.0,14.0,FT,True,home
144216,2024-03-09,2024-03-09 14:00:00,23,Herre Handbold Ligaen,Denmark,2023,24,Ringsted,Skjern,183,185,33.0,33.0,13.0,14.0,FT,True,draw
144217,2024-03-09,2024-03-09 14:00:00,23,Herre Handbold Ligaen,Denmark,2023,24,Sonderjyske,Mors,199,173,34.0,35.0,15.0,19.0,FT,True,away
144215,2024-03-09,2024-03-09 15:00:00,23,Herre Handbold Ligaen,Denmark,2023,24,Kolding,Bjerringbro/Silkeborg,180,176,25.0,25.0,12.0,13.0,FT,True,draw
144213,2024-03-10,2024-03-10 19:00:00,23,Herre Handbold Ligaen,Denmark,2023,24,GOG,Lemvig,178,197,38.0,27.0,19.0,12.0,FT,True,home
144221,2024-03-19,2024-03-19 18:00:00,23,Herre Handbold Ligaen,Denmark,2023,25,Nordsjaelland,Skanderborg AGF,198,4429,25.0,26.0,12.0,13.0,FT,True,away
144222,2024-03-19,2024-03-19 19:00:00,23,Herre Handbold Ligaen,Denmark,2023,25,Mors,Ringsted,173,183,37.0,22.0,17.0,10.0,FT,True,home
144223,2024-03-19,2024-03-19 19:00:00,23,Herre Handbold Ligaen,Denmark,2023,25,Bjerringbro/Silkeborg,Aalborg,176,172,25.0,28.0,12.0,15.0,FT,True,away
144219,2024-03-20,2024-03-20 17:30:00,23,Herre Handbold Ligaen,Denmark,2023,25,Skjern,GOG,185,178,34.0,36.0,18.0,21.0,FT,True,away
144224,2024-03-20,2024-03-20 18:00:00,23,Herre Handbold Ligaen,Denmark,2023,25,Holstebro,Fredericia,179,177,21.0,32.0,11.0,17.0,FT,True,away
144218,2024-03-20,2024-03-20 18:30:00,23,Herre Handbold Ligaen,Denmark,2023,25,Ribe-Esbjerg,Sonderjyske,182,199,29.0,28.0,16.0,16.0,FT,True,home
144220,2024-03-20,2024-03-20 18:30:00,23,Herre Handbold Ligaen,Denmark,2023,25,Lemvig,Kolding,197,180,25.0,24.0,12.0,14.0,FT,True,home
144225,2024-03-23,2024-03-23 15:00:00,23,Herre Handbold Ligaen,Denmark,2023,26,Aalborg,Lemvig,172,197,35.0,28.0,15.0,15.0,FT,True,home
144226,2024-03-23,2024-03-23 15:00:00,23,Herre Handbold Ligaen,Denmark,2023,26,Fredericia,Nordsjaelland,177,198,31.0,26.0,11.0,13.0,FT,True,home
144227,2024-03-23,2024-03-23 15:00:00,23,Herre Handbold Ligaen,Denmark,2023,26,GOG,Mors,178,173,37.0,30.0,19.0,16.0,FT,True,home
144228,2024-03-23,2024-03-23 15:00:00,23,Herre Handbold Ligaen,Denmark,2023,26,Kolding,Skjern,180,185,30.0,30.0,12.0,19.0,FT,True,draw
144229,2024-03-23,2024-03-23 15:00:00,23,Herre Handbold Ligaen,Denmark,2023,26,Ringsted,Ribe-Esbjerg,183,182,30.0,27.0,14.0,13.0,FT,True,home
144230,2024-03-23,2024-03-23 15:00:00,23,Herre Handbold Ligaen,Denmark,2023,26,Skanderborg AGF,Bjerringbro/Silkeborg,4429,176,22.0,19.0,9.0,12.0,FT,True,home
144231,2024-03-23,2024-03-23 15:00:00,23,Herre Handbold Ligaen,Denmark,2023,26,Sonderjyske,Holstebro,199,179,34.0,29.0,20.0,17.0,FT,True,home
159173,2024-03-30,2024-03-30 18:00:00,23,Herre Handbold Ligaen,Denmark,2023,1,Nordsjaelland,Holstebro,198,179,28.0,27.0,15.0,15.0,FT,True,home
159174,2024-04-01,2024-04-01 14:00:00,23,Herre Handbold Ligaen,Denmark,2023,1,Kolding,Sonderjyske,180,199,32.0,26.0,14.0,14.0,FT,True,home
159266,2024-04-04,2024-04-04 17:00:00,23,Herre Handbold Ligaen,Denmark,2023,Semi-finals,Midtjylland,Skive,150,202,25.0,29.0,11.0,16.0,FT,True,away
159175,2024-04-05,2024-04-05 17:00:00,23,Herre Handbold Ligaen,Denmark,2023,2,Sonderjyske,Holstebro,199,179,31.0,28.0,13.0,9.0,FT,True,home
159176,2024-04-05,2024-04-05 18:00:00,23,Herre Handbold Ligaen,Denmark,2023,1,Ringsted,Fredericia,183,177,28.0,25.0,13.0,7.0,FT,True,home
159177,2024-04-06,2024-04-06 13:00:00,23,Herre Handbold Ligaen,Denmark,2023,2,Skanderborg AGF,Kolding,4429,180,25.0,29.0,12.0,18.0,FT,True,away
159178,2024-04-06,2024-04-06 16:00:00,23,Herre Handbold Ligaen,Denmark,2023,1,Mors,Bjerringbro/Silkeborg,173,176,32.0,30.0,16.0,16.0,FT,True,home
159179,2024-04-06,2024-04-06 17:30:00,23,Herre Handbold Ligaen,Denmark,2023,1,Skjern,GOG,185,178,33.0,30.0,17.0,13.0,FT,True,home
159180,2024-04-07,2024-04-07 18:00:00,23,Herre Handbold Ligaen,Denmark,2023,1,Ribe-Esbjerg,Aalborg,182,172,26.0,38.0,11.0,24.0,FT,True,away
159181,2024-04-09,2024-04-09 16:30:00,23,Herre Handbold Ligaen,Denmark,2023,2,Fredericia,Skjern,177,185,28.0,30.0,13.0,14.0,FT,True,away
159267,2024-04-09,2024-04-09 17:30:00,23,Herre Handbold Ligaen,Denmark,2023,Semi-finals,Skive,Midtjylland,202,150,33.0,28.0,18.0,14.0,FT,True,home
159182,2024-04-09,2024-04-09 18:00:00,23,Herre Handbold Ligaen,Denmark,2023,2,GOG,Ringsted,178,183,34.0,31.0,16.0,16.0,FT,True,home
159185,2024-04-10,2024-04-10 16:30:00,23,Herre Handbold Ligaen,Denmark,2023,2,Aalborg,Mors,172,173,37.0,26.0,19.0,11.0,FT,True,home
159184,2024-04-10,2024-04-10 17:00:00,23,Herre Handbold Ligaen,Denmark,2023,3,Sonderjyske,Nordsjaelland,199,198,26.0,25.0,13.0,10.0,FT,True,home
159186,2024-04-10,2024-04-10 17:30:00,23,Herre Handbold Ligaen,Denmark,2023,3,Holstebro,Skanderborg AGF,179,4429,28.0,32.0,13.0,14.0,FT,True,away
159183,2024-04-10,2024-04-10 18:00:00,23,Herre Handbold Ligaen,Denmark,2023,2,Bjerringbro/Silkeborg,Ribe-Esbjerg,176,182,34.0,35.0,17.0,19.0,FT,True,away
159187,2024-04-12,2024-04-12 18:00:00,23,Herre Handbold Ligaen,Denmark,2023,3,GOG,Fredericia,178,177,27.0,29.0,13.0,10.0,FT,True,away
159191,2024-04-13,2024-04-13 13:00:00,23,Herre Handbold Ligaen,Denmark,2023,4,Nordsjaelland,Skanderborg AGF,198,4429,31.0,26.0,12.0,12.0,FT,True,home
159188,2024-04-13,2024-04-13 14:00:00,23,Herre Handbold Ligaen,Denmark,2023,3,Bjerringbro/Silkeborg,Aalborg,176,172,22.0,33.0,9.0,16.0,FT,True,away
159189,2024-04-13,2024-04-13 15:45:00,23,Herre Handbold Ligaen,Denmark,2023,3,Ringsted,Skjern,183,185,29.0,24.0,16.0,11.0,FT,True,home
159190,2024-04-14,2024-04-14 16:00:00,23,Herre Handbold Ligaen,Denmark,2023,4,Holstebro,Kolding,179,180,35.0,31.0,19.0,16.0,FT,True,home
159192,2024-04-14,2024-04-14 17:00:00,23,Herre Handbold Ligaen,Denmark,2023,3,Ribe-Esbjerg,Mors,182,173,28.0,33.0,13.0,16.0,FT,True,away
159193,2024-04-17,2024-04-17 17:30:00,23,Herre Handbold Ligaen,Denmark,2023,5,Kolding,Nordsjaelland,180,198,37.0,31.0,19.0,14.0,FT,True,home
159194,2024-04-17,2024-04-17 17:30:00,23,Herre Handbold Ligaen,Denmark,2023,5,Skanderborg AGF,Sonderjyske,4429,199,25.0,29.0,15.0,13.0,FT,True,away
159410,2024-04-20,2024-04-20 14:00:00,23,Herre Handbold Ligaen,Denmark,2023,4,Skjern,Fredericia,185,177,31.0,30.0,13.0,14.0,FT,True,home
159411,2024-04-20,2024-04-20 15:45:00,23,Herre Handbold Ligaen,Denmark,2023,4,Ringsted,GOG,183,178,31.0,39.0,15.0,21.0,FT,True,away
159412,2024-04-21,2024-04-21 16:00:00,23,Herre Handbold Ligaen,Denmark,2023,4,Ribe-Esbjerg,Bjerringbro/Silkeborg,182,176,37.0,33.0,19.0,16.0,FT,True,home
159413,2024-04-21,2024-04-21 17:30:00,23,Herre Handbold Ligaen,Denmark,2023,4,Mors,Aalborg,173,172,27.0,33.0,13.0,18.0,FT,True,away
159634,2024-04-22,2024-04-22 17:00:00,23,Herre Handbold Ligaen,Denmark,2023,Final,Holstebro,Skive,179,202,29.0,24.0,13.0,12.0,FT,True,home
159635,2024-04-26,2024-04-26 17:30:00,23,Herre Handbold Ligaen,Denmark,2023,Final,Skive,Holstebro,202,179,28.0,34.0,15.0,16.0,FT,True,away
159414,2024-04-27,2024-04-27 14:00:00,23,Herre Handbold Ligaen,Denmark,2023,5,GOG,Skjern,178,185,31.0,28.0,18.0,16.0,FT,True,home
159415,2024-04-27,2024-04-27 15:45:00,23,Herre Handbold Ligaen,Denmark,2023,5,Fredericia,Ringsted,177,183,29.0,25.0,14.0,12.0,FT,True,home
159416,2024-04-28,2024-04-28 16:00:00,23,Herre Handbold Ligaen,Denmark,2023,5,Aalborg,Ribe-Esbjerg,172,182,32.0,32.0,14.0,15.0,FT,True,draw
159417,2024-04-28,2024-04-28 17:45:00,23,Herre Handbold Ligaen,Denmark,2023,5,Bjerringbro/Silkeborg,Mors,176,173,39.0,24.0,20.0,11.0,FT,True,home
159195,2024-05-05,2024-05-05 16:00:00,23,Herre Handbold Ligaen,Denmark,2023,6,Aalborg,Bjerringbro/Silkeborg,172,176,31.0,31.0,13.0,18.0,FT,True,draw
159196,2024-05-05,2024-05-05 16:00:00,23,Herre Handbold Ligaen,Denmark,2023,6,Fredericia,GOG,177,178,34.0,24.0,17.0,10.0,FT,True,home
159197,2024-05-05,2024-05-05 16:00:00,23,Herre Handbold Ligaen,Denmark,2023,6,Mors,Ribe-Esbjerg,173,182,26.0,28.0,14.0,13.0,FT,True,away
159198,2024-05-05,2024-05-05 16:00:00,23,Herre Handbold Ligaen,Denmark,2023,6,Skjern,Ringsted,185,183,38.0,24.0,21.0,11.0,FT,True,home
160074,2024-05-16,2024-05-16 16:30:00,23,Herre Handbold Ligaen,Denmark,2023,Semi-finals,Fredericia,Ribe-Esbjerg,177,182,27.0,27.0,13.0,12.0,FT,True,draw
160075,2024-05-16,2024-05-16 18:30:00,23,Herre Handbold Ligaen,Denmark,2023,Semi-finals,Aalborg,Skjern,172,185,29.0,26.0,14.0,12.0,FT,True,home
160076,2024-05-19,2024-05-19 12:00:00,23,Herre Handbold Ligaen,Denmark,2023,Semi-finals,Ribe-Esbjerg,Fredericia,182,177,23.0,23.0,10.0,11.0,FT,True,draw
160077,2024-05-19,2024-05-19 14:00:00,23,Herre Handbold Ligaen,Denmark,2023,Semi-finals,Skjern,Aalborg,185,172,25.0,34.0,13.0,15.0,FT,True,away
160202,2024-05-22,2024-05-22 18:30:00,23,Herre Handbold Ligaen,Denmark,2023,Semi-finals,Fredericia,Ribe-Esbjerg,177,182,34.0,25.0,16.0,12.0,FT,True,home
160272,2024-05-26,2024-05-26 12:00:00,23,Herre Handbold Ligaen,Denmark,2023,3rd place,Skjern,Ribe-Esbjerg,185,182,31.0,35.0,16.0,18.0,FT,True,away
160273,2024-05-26,2024-05-26 14:00:00,23,Herre Handbold Ligaen,Denmark,2023,Final,Aalborg,Fredericia,172,177,31.0,26.0,16.0,13.0,FT,True,home
160274,2024-05-29,2024-05-29 16:00:00,23,Herre Handbold Ligaen,Denmark,2023,3rd place,Ribe-Esbjerg,Skjern,182,185,25.0,32.0,10.0,16.0,FT,True,away
160275,2024-05-29,2024-05-29 18:00:00,23,Herre Handbold Ligaen,Denmark,2023,Final,Fredericia,Aalborg,177,172,31.0,30.0,13.0,13.0,FT,True,home
160336,2024-06-01,2024-06-01 12:00:00,23,Herre Handbold Ligaen,Denmark,2023,3rd place,Skjern,Ribe-Esbjerg,185,182,39.0,31.0,19.0,15.0,FT,True,home
160337,2024-06-01,2024-06-01 14:00:00,23,Herre Handbold Ligaen,Denmark,2023,Final,Aalborg,Fredericia,172,177,27.0,26.0,13.0,8.0,FT,True,home
148367,2023-09-07,2023-09-07 18:00:00,34,Starligue,France,2023,1,Chartres,Montpellier,252,248,22.0,38.0,9.0,22.0,FT,True,away
148370,2023-09-07,2023-09-07 18:00:00,34,Starligue,France,2023,1,PSG,Limoges,4484,256,37.0,27.0,18.0,10.0,FT,True,home
148373,2023-09-08,2023-09-08 17:15:00,34,Starligue,France,2023,1,Cesson Rennes-Metropole,Saran,242,245,30.0,25.0,13.0,15.0,FT,True,home
148366,2023-09-09,2023-09-09 17:00:00,34,Starligue,France,2023,1,Aix,Creteil,250,253,32.0,27.0,15.0,15.0,FT,True,home
148371,2023-09-09,2023-09-09 18:00:00,34,Starligue,France,2023,1,St. Raphael,Nantes,259,257,34.0,39.0,14.0,20.0,FT,True,away
148372,2023-09-09,2023-09-09 18:00:00,34,Starligue,France,2023,1,Toulouse,Dunkerque,260,254,34.0,32.0,16.0,18.0,FT,True,home
148368,2023-09-09,2023-09-09 18:30:00,34,Starligue,France,2023,1,Dijon,Ivry,283,255,34.0,34.0,18.0,17.0,FT,True,draw
148369,2023-09-10,2023-09-10 15:00:00,34,Starligue,France,2023,1,Nimes,Chambery Savoie,258,251,31.0,29.0,17.0,17.0,FT,True,home
148374,2023-09-14,2023-09-14 18:00:00,34,Starligue,France,2023,2,Limoges,Chartres,256,252,39.0,34.0,25.0,16.0,FT,True,home
148375,2023-09-15,2023-09-15 18:00:00,34,Starligue,France,2023,2,Saran,St. Raphael,245,259,27.0,29.0,13.0,17.0,FT,True,away
148379,2023-09-15,2023-09-15 18:00:00,34,Starligue,France,2023,2,Dunkerque,Aix,254,250,33.0,32.0,14.0,14.0,FT,True,home
148381,2023-09-15,2023-09-15 18:30:00,34,Starligue,France,2023,2,Creteil,Toulouse,253,260,30.0,31.0,17.0,16.0,FT,True,away
148376,2023-09-16,2023-09-16 18:00:00,34,Starligue,France,2023,2,Nantes,Cesson Rennes-Metropole,257,242,32.0,26.0,16.0,16.0,FT,True,home
148380,2023-09-16,2023-09-16 18:30:00,34,Starligue,France,2023,2,Dijon,Nimes,283,258,29.0,31.0,15.0,13.0,FT,True,away
148377,2023-09-17,2023-09-17 15:00:00,34,Starligue,France,2023,2,Montpellier,Chambery Savoie,248,251,32.0,26.0,18.0,16.0,FT,True,home
148378,2023-09-17,2023-09-17 16:00:00,34,Starligue,France,2023,2,Ivry,PSG,255,4484,34.0,38.0,16.0,20.0,FT,True,away
148382,2023-09-21,2023-09-21 18:00:00,34,Starligue,France,2023,3,Aix,Saran,250,245,35.0,31.0,16.0,15.0,FT,True,home
148383,2023-09-22,2023-09-22 18:00:00,34,Starligue,France,2023,3,Chambery Savoie,Ivry,251,255,29.0,28.0,16.0,12.0,FT,True,home
148384,2023-09-22,2023-09-22 18:00:00,34,Starligue,France,2023,3,Chartres,Dijon,252,283,33.0,27.0,19.0,11.0,FT,True,home
148388,2023-09-22,2023-09-22 18:00:00,34,Starligue,France,2023,3,St. Raphael,Cesson Rennes-Metropole,259,242,31.0,30.0,16.0,18.0,FT,True,home
148389,2023-09-22,2023-09-22 18:00:00,34,Starligue,France,2023,3,Toulouse,Nantes,260,257,24.0,34.0,11.0,15.0,FT,True,away
148386,2023-09-23,2023-09-23 18:00:00,34,Starligue,France,2023,3,Nimes,Dunkerque,258,254,33.0,28.0,17.0,16.0,FT,True,home
148385,2023-09-24,2023-09-24 15:00:00,34,Starligue,France,2023,3,Limoges,Montpellier,256,248,30.0,36.0,14.0,15.0,FT,True,away
148387,2023-09-24,2023-09-24 15:00:00,34,Starligue,France,2023,3,PSG,Creteil,4484,253,35.0,27.0,16.0,17.0,FT,True,home
148391,2023-09-29,2023-09-29 18:00:00,34,Starligue,France,2023,4,Toulouse,Chartres,260,252,33.0,30.0,15.0,12.0,FT,True,home
148392,2023-09-29,2023-09-29 18:00:00,34,Starligue,France,2023,4,Saran,Chambery Savoie,245,251,29.0,27.0,19.0,14.0,FT,True,home
148390,2023-09-29,2023-09-29 18:30:00,34,Starligue,France,2023,4,Ivry,St. Raphael,255,259,37.0,39.0,20.0,21.0,FT,True,away
148395,2023-09-29,2023-09-29 18:30:00,34,Starligue,France,2023,4,Dijon,Aix,283,250,26.0,33.0,15.0,19.0,FT,True,away
148396,2023-09-29,2023-09-29 18:30:00,34,Starligue,France,2023,4,Creteil,Nimes,253,258,34.0,36.0,19.0,17.0,FT,True,away
148393,2023-09-30,2023-09-30 18:00:00,34,Starligue,France,2023,4,Nantes,Limoges,257,256,34.0,34.0,13.0,17.0,FT,True,draw
148394,2023-10-01,2023-10-01 15:00:00,34,Starligue,France,2023,4,Dunkerque,PSG,254,4484,33.0,42.0,19.0,23.0,FT,True,away
148397,2023-10-01,2023-10-01 16:00:00,34,Starligue,France,2023,4,Cesson Rennes-Metropole,Montpellier,242,248,27.0,32.0,11.0,16.0,FT,True,away
148398,2023-10-06,2023-10-06 17:00:00,34,Starligue,France,2023,5,Aix,Chartres,250,252,24.0,27.0,11.0,17.0,FT,True,away
148400,2023-10-06,2023-10-06 17:00:00,34,Starligue,France,2023,5,Chambery Savoie,Creteil,251,253,35.0,26.0,19.0,13.0,FT,True,home
148401,2023-10-06,2023-10-06 17:00:00,34,Starligue,France,2023,5,Limoges,Ivry,256,255,31.0,29.0,18.0,17.0,FT,True,home
148402,2023-10-06,2023-10-06 17:00:00,34,Starligue,France,2023,5,Montpellier,Dijon,248,283,33.0,29.0,16.0,18.0,FT,True,home
148403,2023-10-06,2023-10-06 17:30:00,34,Starligue,France,2023,5,Nimes,Saran,258,245,25.0,22.0,14.0,13.0,FT,True,home
148399,2023-10-07,2023-10-07 17:00:00,34,Starligue,France,2023,5,Cesson Rennes-Metropole,Toulouse,242,260,24.0,32.0,13.0,17.0,FT,True,away
148405,2023-10-07,2023-10-07 18:00:00,34,Starligue,France,2023,5,St. Raphael,Dunkerque,259,254,38.0,38.0,22.0,16.0,FT,True,draw
148404,2023-10-08,2023-10-08 15:00:00,34,Starligue,France,2023,5,PSG,Nantes,4484,257,35.0,32.0,14.0,19.0,FT,True,home
148407,2023-10-13,2023-10-13 18:00:00,34,Starligue,France,2023,6,Toulouse,Aix,260,250,33.0,26.0,16.0,12.0,FT,True,home
148408,2023-10-13,2023-10-13 18:00:00,34,Starligue,France,2023,6,Saran,Limoges,245,256,31.0,32.0,15.0,17.0,FT,True,away
148406,2023-10-13,2023-10-13 18:30:00,34,Starligue,France,2023,6,Nantes,Ivry,257,255,30.0,22.0,17.0,10.0,FT,True,home
148411,2023-10-13,2023-10-13 18:30:00,34,Starligue,France,2023,6,Dijon,Cesson Rennes-Metropole,283,242,29.0,33.0,12.0,16.0,FT,True,away
148412,2023-10-13,2023-10-13 18:30:00,34,Starligue,France,2023,6,Creteil,St. Raphael,253,259,37.0,37.0,20.0,20.0,FT,True,draw
148409,2023-10-14,2023-10-14 18:00:00,34,Starligue,France,2023,6,Dunkerque,Chambery Savoie,254,251,26.0,27.0,14.0,18.0,FT,True,away
148410,2023-10-15,2023-10-15 15:00:00,34,Starligue,France,2023,6,Montpellier,Nimes,248,258,25.0,23.0,10.0,10.0,FT,True,home
148413,2023-10-15,2023-10-15 15:00:00,34,Starligue,France,2023,6,Chartres,PSG,252,4484,27.0,34.0,10.0,21.0,FT,True,away
148414,2023-10-19,2023-10-19 18:30:00,34,Starligue,France,2023,7,Cesson Rennes-Metropole,Chartres,242,252,27.0,28.0,12.0,13.0,FT,True,away
148418,2023-10-20,2023-10-20 17:00:00,34,Starligue,France,2023,7,Limoges,Toulouse,256,260,29.0,32.0,13.0,16.0,FT,True,away
148416,2023-10-20,2023-10-20 18:00:00,34,Starligue,France,2023,7,Dunkerque,Creteil,254,253,27.0,22.0,11.0,8.0,FT,True,home
148421,2023-10-20,2023-10-20 18:00:00,34,Starligue,France,2023,7,St. Raphael,Dijon,259,283,36.0,31.0,21.0,13.0,FT,True,home
148415,2023-10-21,2023-10-21 17:00:00,34,Starligue,France,2023,7,Chambery Savoie,Nantes,251,257,25.0,39.0,10.0,22.0,FT,True,away
148419,2023-10-22,2023-10-22 15:00:00,34,Starligue,France,2023,7,Nimes,Aix,258,250,31.0,32.0,18.0,17.0,FT,True,away
148420,2023-10-22,2023-10-22 15:00:00,34,Starligue,France,2023,7,PSG,Saran,4484,245,46.0,31.0,20.0,19.0,FT,True,home
148417,2023-10-22,2023-10-22 16:00:00,34,Starligue,France,2023,7,Ivry,Montpellier,255,248,27.0,31.0,11.0,16.0,FT,True,away
148423,2023-10-26,2023-10-26 18:00:00,34,Starligue,France,2023,8,Toulouse,St. Raphael,260,259,34.0,29.0,18.0,14.0,FT,True,home
148425,2023-10-27,2023-10-27 17:00:00,34,Starligue,France,2023,8,Nantes,Dunkerque,257,254,41.0,36.0,19.0,17.0,FT,True,home
148429,2023-10-27,2023-10-27 17:00:00,34,Starligue,France,2023,8,Aix,Limoges,250,256,35.0,32.0,14.0,20.0,FT,True,home
148424,2023-10-27,2023-10-27 18:00:00,34,Starligue,France,2023,8,Nimes,Cesson Rennes-Metropole,258,242,24.0,30.0,13.0,16.0,FT,True,away
148427,2023-10-27,2023-10-27 18:00:00,34,Starligue,France,2023,8,Chartres,Ivry,252,255,29.0,24.0,14.0,10.0,FT,True,home
148426,2023-10-27,2023-10-27 18:30:00,34,Starligue,France,2023,8,Dijon,Creteil,283,253,30.0,30.0,12.0,14.0,FT,True,draw
148422,2023-10-28,2023-10-28 16:00:00,34,Starligue,France,2023,8,Montpellier,Saran,248,245,34.0,28.0,20.0,14.0,FT,True,home
148428,2023-10-29,2023-10-29 15:00:00,34,Starligue,France,2023,8,Chambery Savoie,PSG,251,4484,26.0,34.0,12.0,17.0,FT,True,away
148433,2023-11-10,2023-11-10 19:00:00,34,Starligue,France,2023,9,Limoges,Chambery Savoie,256,251,29.0,23.0,13.0,8.0,FT,True,home
148435,2023-11-10,2023-11-10 19:00:00,34,Starligue,France,2023,9,PSG,Dijon,4484,283,40.0,32.0,21.0,20.0,FT,True,home
148436,2023-11-10,2023-11-10 19:00:00,34,Starligue,France,2023,9,Saran,Toulouse,245,260,23.0,33.0,12.0,18.0,FT,True,away
148430,2023-11-10,2023-11-10 19:30:00,34,Starligue,France,2023,9,Creteil,Cesson Rennes-Metropole,253,242,36.0,33.0,18.0,17.0,FT,True,home
148432,2023-11-10,2023-11-10 19:30:00,34,Starligue,France,2023,9,Ivry,Nimes,255,258,28.0,24.0,15.0,8.0,FT,True,home
148434,2023-11-10,2023-11-10 19:30:00,34,Starligue,France,2023,9,Nantes,Chartres,257,252,33.0,25.0,18.0,12.0,FT,True,home
148431,2023-11-11,2023-11-11 19:00:00,34,Starligue,France,2023,9,Dunkerque,Montpellier,254,248,28.0,32.0,13.0,14.0,FT,True,away
148437,2023-11-12,2023-11-12 16:00:00,34,Starligue,France,2023,9,St. Raphael,Aix,259,250,29.0,28.0,13.0,13.0,FT,True,home
148439,2023-11-17,2023-11-17 19:00:00,34,Starligue,France,2023,10,Toulouse,Ivry,260,255,34.0,26.0,17.0,14.0,FT,True,home
148440,2023-11-17,2023-11-17 19:00:00,34,Starligue,France,2023,10,Saran,Creteil,245,253,28.0,28.0,14.0,12.0,FT,True,draw
148441,2023-11-17,2023-11-17 19:00:00,34,Starligue,France,2023,10,Dijon,Limoges,283,256,30.0,34.0,17.0,17.0,FT,True,away
148443,2023-11-17,2023-11-17 19:00:00,34,Starligue,France,2023,10,Chartres,Chambery Savoie,252,251,22.0,27.0,10.0,13.0,FT,True,away
148438,2023-11-18,2023-11-18 19:00:00,34,Starligue,France,2023,10,Nimes,Nantes,258,257,21.0,26.0,10.0,15.0,FT,True,away
148442,2023-11-18,2023-11-18 19:00:00,34,Starligue,France,2023,10,Montpellier,St. Raphael,248,259,35.0,35.0,14.0,16.0,FT,True,draw
148444,2023-11-19,2023-11-19 15:00:00,34,Starligue,France,2023,10,Cesson Rennes-Metropole,Dunkerque,242,254,29.0,33.0,14.0,19.0,FT,True,away
148445,2023-11-19,2023-11-19 16:00:00,34,Starligue,France,2023,10,Aix,PSG,250,4484,31.0,39.0,16.0,18.0,FT,True,away
148446,2023-11-24,2023-11-24 19:00:00,34,Starligue,France,2023,11,Chambery Savoie,Toulouse,251,260,33.0,32.0,16.0,16.0,FT,True,home
148448,2023-11-24,2023-11-24 19:00:00,34,Starligue,France,2023,11,Dunkerque,Dijon,254,283,30.0,32.0,18.0,16.0,FT,True,away
148450,2023-11-24,2023-11-24 19:00:00,34,Starligue,France,2023,11,Limoges,Cesson Rennes-Metropole,256,242,29.0,26.0,13.0,11.0,FT,True,home
148447,2023-11-24,2023-11-24 19:30:00,34,Starligue,France,2023,11,Creteil,Chartres,253,252,40.0,35.0,18.0,15.0,FT,True,home
148449,2023-11-24,2023-11-24 19:30:00,34,Starligue,France,2023,11,Ivry,Aix,255,250,29.0,28.0,12.0,13.0,FT,True,home
148451,2023-11-24,2023-11-24 19:30:00,34,Starligue,France,2023,11,Nantes,Saran,257,245,38.0,24.0,16.0,14.0,FT,True,home
148453,2023-11-25,2023-11-25 19:00:00,34,Starligue,France,2023,11,St. Raphael,Nimes,259,258,31.0,33.0,15.0,16.0,FT,True,away
148452,2023-11-26,2023-11-26 18:00:00,34,Starligue,France,2023,11,PSG,Montpellier,4484,248,31.0,27.0,17.0,11.0,FT,True,home
148460,2023-11-30,2023-11-30 19:30:00,34,Starligue,France,2023,12,Cesson Rennes-Metropole,Ivry,242,255,32.0,26.0,16.0,11.0,FT,True,home
148456,2023-12-01,2023-12-01 19:00:00,34,Starligue,France,2023,12,Saran,Dunkerque,245,254,31.0,24.0,17.0,13.0,FT,True,home
148458,2023-12-01,2023-12-01 19:00:00,34,Starligue,France,2023,12,Limoges,Nimes,256,258,32.0,29.0,17.0,18.0,FT,True,home
148459,2023-12-01,2023-12-01 19:00:00,34,Starligue,France,2023,12,Chartres,St. Raphael,252,259,24.0,27.0,14.0,14.0,FT,True,away
148457,2023-12-02,2023-12-02 13:45:00,34,Starligue,France,2023,12,Dijon,Nantes,283,257,22.0,41.0,15.0,20.0,FT,True,away
148461,2023-12-02,2023-12-02 19:30:00,34,Starligue,France,2023,12,Aix,Chambery Savoie,250,251,35.0,34.0,15.0,17.0,FT,True,home
148454,2023-12-03,2023-12-03 15:00:00,34,Starligue,France,2023,12,Montpellier,Creteil,248,253,36.0,25.0,19.0,13.0,FT,True,home
148455,2023-12-03,2023-12-03 16:00:00,34,Starligue,France,2023,12,Toulouse,PSG,260,4484,31.0,34.0,15.0,15.0,FT,True,away
148469,2023-12-07,2023-12-07 19:00:00,34,Starligue,France,2023,13,St. Raphael,Limoges,259,256,39.0,37.0,17.0,19.0,FT,True,home
148462,2023-12-08,2023-12-08 19:00:00,34,Starligue,France,2023,13,Chambery Savoie,Dijon,251,283,41.0,29.0,23.0,14.0,FT,True,home
148464,2023-12-08,2023-12-08 19:00:00,34,Starligue,France,2023,13,Dunkerque,Chartres,254,252,32.0,28.0,14.0,12.0,FT,True,home
148463,2023-12-08,2023-12-08 19:30:00,34,Starligue,France,2023,13,Creteil,Nantes,253,257,24.0,38.0,12.0,19.0,FT,True,away
148465,2023-12-08,2023-12-08 19:30:00,34,Starligue,France,2023,13,Ivry,Saran,255,245,33.0,31.0,12.0,14.0,FT,True,home
148467,2023-12-09,2023-12-09 19:00:00,34,Starligue,France,2023,13,Nimes,Toulouse,258,260,34.0,27.0,19.0,12.0,FT,True,home
148466,2023-12-10,2023-12-10 14:30:00,34,Starligue,France,2023,13,Montpellier,Aix,248,250,36.0,31.0,19.0,15.0,FT,True,home
148468,2023-12-10,2023-12-10 16:00:00,34,Starligue,France,2023,13,PSG,Cesson Rennes-Metropole,4484,242,34.0,26.0,18.0,14.0,FT,True,home
148476,2023-12-15,2023-12-15 18:00:00,34,Starligue,France,2023,14,Chartres,Nimes,252,258,27.0,30.0,12.0,13.0,FT,True,away
148474,2023-12-15,2023-12-15 19:30:00,34,Starligue,France,2023,14,Nantes,Aix,257,250,37.0,41.0,16.0,22.0,FT,True,away
148470,2023-12-16,2023-12-16 19:00:00,34,Starligue,France,2023,14,Saran,Dijon,245,283,31.0,29.0,15.0,16.0,FT,True,home
148471,2023-12-16,2023-12-16 19:00:00,34,Starligue,France,2023,14,Toulouse,Montpellier,260,248,33.0,29.0,14.0,15.0,FT,True,home
148472,2023-12-16,2023-12-16 19:00:00,34,Starligue,France,2023,14,St. Raphael,PSG,259,4484,38.0,45.0,20.0,23.0,FT,True,away
148473,2023-12-16,2023-12-16 19:00:00,34,Starligue,France,2023,14,Dunkerque,Limoges,254,256,31.0,38.0,16.0,21.0,FT,True,away
148475,2023-12-16,2023-12-16 19:30:00,34,Starligue,France,2023,14,Creteil,Ivry,253,255,29.0,32.0,17.0,16.0,FT,True,away
148477,2023-12-17,2023-12-17 15:00:00,34,Starligue,France,2023,14,Cesson Rennes-Metropole,Chambery Savoie,242,251,26.0,29.0,17.0,15.0,FT,True,away
148483,2023-12-19,2023-12-19 19:00:00,34,Starligue,France,2023,15,Nantes,Montpellier,257,248,31.0,30.0,16.0,15.0,FT,True,home
148478,2023-12-20,2023-12-20 19:00:00,34,Starligue,France,2023,15,Aix,Cesson Rennes-Metropole,250,242,34.0,32.0,16.0,14.0,FT,True,home
148479,2023-12-20,2023-12-20 19:00:00,34,Starligue,France,2023,15,Chambery Savoie,St. Raphael,251,259,39.0,35.0,18.0,15.0,FT,True,home
148482,2023-12-20,2023-12-20 19:00:00,34,Starligue,France,2023,15,Limoges,Creteil,256,253,37.0,35.0,20.0,14.0,FT,True,home
148484,2023-12-20,2023-12-20 19:00:00,34,Starligue,France,2023,15,Nimes,PSG,258,4484,24.0,34.0,11.0,15.0,FT,True,away
148485,2023-12-20,2023-12-20 19:00:00,34,Starligue,France,2023,15,Saran,Chartres,245,252,32.0,35.0,14.0,15.0,FT,True,away
148480,2023-12-20,2023-12-20 19:30:00,34,Starligue,France,2023,15,Dijon,Toulouse,283,260,32.0,36.0,15.0,16.0,FT,True,away
148481,2023-12-20,2023-12-20 19:30:00,34,Starligue,France,2023,15,Ivry,Dunkerque,255,254,27.0,34.0,12.0,17.0,FT,True,away
148492,2024-02-08,2024-02-08 19:30:00,34,Starligue,France,2023,16,Cesson Rennes-Metropole,Nimes,242,258,35.0,26.0,17.0,14.0,FT,True,home
148486,2024-02-09,2024-02-09 19:00:00,34,Starligue,France,2023,16,PSG,Chartres,4484,252,44.0,30.0,27.0,13.0,FT,True,home
148488,2024-02-09,2024-02-09 19:00:00,34,Starligue,France,2023,16,St. Raphael,Saran,259,245,33.0,28.0,19.0,13.0,FT,True,home
148489,2024-02-09,2024-02-09 19:00:00,34,Starligue,France,2023,16,Aix,Dijon,250,283,33.0,34.0,14.0,16.0,FT,True,away
148490,2024-02-09,2024-02-09 19:00:00,34,Starligue,France,2023,16,Montpellier,Ivry,248,255,35.0,29.0,17.0,15.0,FT,True,home
148493,2024-02-09,2024-02-09 19:00:00,34,Starligue,France,2023,16,Dunkerque,Nantes,254,257,23.0,29.0,10.0,14.0,FT,True,away
148491,2024-02-10,2024-02-10 19:00:00,34,Starligue,France,2023,16,Creteil,Chambery Savoie,253,251,39.0,40.0,19.0,25.0,FT,True,away
148487,2024-02-11,2024-02-11 16:00:00,34,Starligue,France,2023,16,Toulouse,Limoges,260,256,29.0,29.0,13.0,14.0,FT,True,draw
148495,2024-02-16,2024-02-16 19:00:00,34,Starligue,France,2023,17,Nimes,Creteil,258,253,32.0,25.0,21.0,11.0,FT,True,home
148496,2024-02-16,2024-02-16 19:00:00,34,Starligue,France,2023,17,Nantes,St. Raphael,257,259,35.0,31.0,15.0,14.0,FT,True,home
148500,2024-02-16,2024-02-16 19:00:00,34,Starligue,France,2023,17,Chartres,Dunkerque,252,254,29.0,26.0,14.0,12.0,FT,True,home
148501,2024-02-16,2024-02-16 19:00:00,34,Starligue,France,2023,17,Chambery Savoie,Cesson Rennes-Metropole,251,242,30.0,29.0,17.0,17.0,FT,True,home
148498,2024-02-16,2024-02-16 19:30:00,34,Starligue,France,2023,17,Ivry,Toulouse,255,260,31.0,29.0,13.0,16.0,FT,True,home
148497,2024-02-17,2024-02-17 19:00:00,34,Starligue,France,2023,17,Saran,PSG,245,4484,29.0,37.0,15.0,18.0,FT,True,away
148499,2024-02-18,2024-02-18 14:15:00,34,Starligue,France,2023,17,Dijon,Montpellier,283,248,28.0,32.0,11.0,16.0,FT,True,away
148494,2024-02-18,2024-02-18 16:00:00,34,Starligue,France,2023,17,Limoges,Aix,256,250,35.0,38.0,20.0,18.0,FT,True,away
148502,2024-02-23,2024-02-23 19:00:00,34,Starligue,France,2023,18,Aix,Nimes,250,258,26.0,29.0,12.0,14.0,FT,True,away
148504,2024-02-23,2024-02-23 19:00:00,34,Starligue,France,2023,18,Chartres,Nantes,252,257,28.0,28.0,13.0,16.0,FT,True,draw
148506,2024-02-23,2024-02-23 19:00:00,34,Starligue,France,2023,18,Dunkerque,Ivry,254,255,32.0,30.0,18.0,14.0,FT,True,home
148509,2024-02-23,2024-02-23 19:00:00,34,Starligue,France,2023,18,Toulouse,Dijon,260,283,44.0,41.0,21.0,16.0,FT,True,home
148505,2024-02-23,2024-02-23 19:30:00,34,Starligue,France,2023,18,Creteil,Saran,253,245,31.0,31.0,15.0,14.0,FT,True,draw
148508,2024-02-24,2024-02-24 19:00:00,34,Starligue,France,2023,18,St. Raphael,Chambery Savoie,259,251,34.0,33.0,18.0,16.0,FT,True,home
148503,2024-02-24,2024-02-24 19:30:00,34,Starligue,France,2023,18,Cesson Rennes-Metropole,Limoges,242,256,33.0,29.0,19.0,15.0,FT,True,home
148507,2024-02-25,2024-02-25 15:00:00,34,Starligue,France,2023,18,Montpellier,PSG,248,4484,26.0,31.0,13.0,15.0,FT,True,away
148513,2024-03-01,2024-03-01 19:00:00,34,Starligue,France,2023,19,Saran,Aix,245,250,32.0,34.0,17.0,15.0,FT,True,away
148515,2024-03-01,2024-03-01 19:00:00,34,Starligue,France,2023,19,Ivry,Cesson Rennes-Metropole,255,242,28.0,32.0,7.0,15.0,FT,True,away
148510,2024-03-01,2024-03-01 19:30:00,34,Starligue,France,2023,19,Nantes,Dijon,257,283,47.0,34.0,20.0,18.0,FT,True,home
148516,2024-03-01,2024-03-01 19:30:00,34,Starligue,France,2023,19,Creteil,Dunkerque,253,254,24.0,32.0,14.0,16.0,FT,True,away
148514,2024-03-02,2024-03-02 19:00:00,34,Starligue,France,2023,19,Limoges,St. Raphael,256,259,34.0,31.0,17.0,16.0,FT,True,home
148511,2024-03-03,2024-03-03 16:00:00,34,Starligue,France,2023,19,PSG,Toulouse,4484,260,29.0,29.0,12.0,19.0,FT,True,draw
148517,2024-03-03,2024-03-03 17:00:00,34,Starligue,France,2023,19,Chambery Savoie,Chartres,251,252,25.0,30.0,15.0,16.0,FT,True,away
148512,2024-03-03,2024-03-03 18:00:00,34,Starligue,France,2023,19,Nimes,Montpellier,258,248,16.0,27.0,9.0,15.0,FT,True,away
148518,2024-03-08,2024-03-08 19:00:00,34,Starligue,France,2023,20,Aix,Dunkerque,250,254,34.0,30.0,15.0,14.0,FT,True,home
148520,2024-03-08,2024-03-08 19:00:00,34,Starligue,France,2023,20,Chartres,Creteil,252,253,29.0,26.0,9.0,15.0,FT,True,home
148524,2024-03-08,2024-03-08 19:00:00,34,Starligue,France,2023,20,St. Raphael,Ivry,259,255,33.0,31.0,19.0,16.0,FT,True,home
148525,2024-03-08,2024-03-08 19:00:00,34,Starligue,France,2023,20,Toulouse,Nimes,260,258,38.0,28.0,22.0,14.0,FT,True,home
148519,2024-03-08,2024-03-08 19:30:00,34,Starligue,France,2023,20,Cesson Rennes-Metropole,Nantes,242,257,26.0,36.0,11.0,21.0,FT,True,away
148521,2024-03-08,2024-03-08 19:30:00,34,Starligue,France,2023,20,Dijon,Saran,283,245,29.0,33.0,12.0,17.0,FT,True,away
148523,2024-03-09,2024-03-09 19:00:00,34,Starligue,France,2023,20,PSG,Chambery Savoie,4484,251,34.0,33.0,17.0,15.0,FT,True,home
148522,2024-03-10,2024-03-10 16:00:00,34,Starligue,France,2023,20,Montpellier,Limoges,248,256,36.0,34.0,23.0,14.0,FT,True,home
148529,2024-03-22,2024-03-22 19:00:00,34,Starligue,France,2023,21,Dunkerque,Saran,254,245,31.0,24.0,16.0,10.0,FT,True,home
148532,2024-03-22,2024-03-22 19:00:00,34,Starligue,France,2023,21,Chartres,Cesson Rennes-Metropole,252,242,31.0,39.0,22.0,19.0,FT,True,away
148533,2024-03-22,2024-03-22 19:00:00,34,Starligue,France,2023,21,Chambery Savoie,Aix,251,250,32.0,26.0,20.0,14.0,FT,True,home
148530,2024-03-22,2024-03-22 19:30:00,34,Starligue,France,2023,21,Ivry,Dijon,255,283,33.0,23.0,17.0,13.0,FT,True,home
148526,2024-03-23,2024-03-23 19:00:00,34,Starligue,France,2023,21,Nimes,St. Raphael,258,259,39.0,37.0,18.0,15.0,FT,True,home
148531,2024-03-24,2024-03-24 15:00:00,34,Starligue,France,2023,21,Creteil,Montpellier,253,248,26.0,35.0,15.0,19.0,FT,True,away
148528,2024-03-24,2024-03-24 16:00:00,34,Starligue,France,2023,21,Limoges,PSG,256,4484,29.0,36.0,14.0,19.0,FT,True,away
148527,2024-03-24,2024-03-24 18:00:00,34,Starligue,France,2023,21,Nantes,Toulouse,257,260,40.0,30.0,18.0,15.0,FT,True,home
148534,2024-03-29,2024-03-29 19:00:00,34,Starligue,France,2023,22,Aix,Nantes,250,257,24.0,30.0,14.0,13.0,FT,True,away
148536,2024-03-29,2024-03-29 19:00:00,34,Starligue,France,2023,22,Chambery Savoie,Limoges,251,256,37.0,39.0,19.0,21.0,FT,True,away
148540,2024-03-29,2024-03-29 19:00:00,34,Starligue,France,2023,22,Saran,Nimes,245,258,23.0,27.0,12.0,12.0,FT,True,away
148537,2024-03-29,2024-03-29 19:30:00,34,Starligue,France,2023,22,Dijon,Dunkerque,283,254,25.0,32.0,13.0,18.0,FT,True,away
148541,2024-03-29,2024-03-29 19:30:00,34,Starligue,France,2023,22,Toulouse,Creteil,260,253,31.0,27.0,17.0,16.0,FT,True,home
148535,2024-03-30,2024-03-30 19:00:00,34,Starligue,France,2023,22,Cesson Rennes-Metropole,St. Raphael,242,259,26.0,26.0,15.0,16.0,FT,True,draw
148538,2024-03-30,2024-03-30 19:00:00,34,Starligue,France,2023,22,Montpellier,Chartres,248,252,39.0,36.0,23.0,17.0,FT,True,home
148539,2024-03-31,2024-03-31 15:00:00,34,Starligue,France,2023,22,PSG,Ivry,4484,255,36.0,31.0,16.0,17.0,FT,True,home
148544,2024-04-05,2024-04-05 18:00:00,34,Starligue,France,2023,23,Nimes,Dijon,258,283,39.0,37.0,18.0,13.0,FT,True,home
148545,2024-04-05,2024-04-05 18:00:00,34,Starligue,France,2023,23,Saran,Cesson Rennes-Metropole,245,242,34.0,34.0,19.0,15.0,FT,True,draw
148547,2024-04-05,2024-04-05 18:00:00,34,Starligue,France,2023,23,Chartres,Limoges,252,256,32.0,40.0,16.0,19.0,FT,True,away
148548,2024-04-05,2024-04-05 18:00:00,34,Starligue,France,2023,23,Dunkerque,Toulouse,254,260,30.0,36.0,17.0,20.0,FT,True,away
148546,2024-04-05,2024-04-05 18:30:00,34,Starligue,France,2023,23,Ivry,Chambery Savoie,255,251,30.0,30.0,16.0,14.0,FT,True,draw
148549,2024-04-05,2024-04-05 18:30:00,34,Starligue,France,2023,23,Creteil,Aix,253,250,31.0,27.0,13.0,15.0,FT,True,home
148542,2024-04-06,2024-04-06 18:00:00,34,Starligue,France,2023,23,St. Raphael,Montpellier,259,248,38.0,42.0,17.0,19.0,FT,True,away
148543,2024-04-07,2024-04-07 14:00:00,34,Starligue,France,2023,23,Nantes,PSG,257,4484,32.0,30.0,16.0,16.0,FT,True,home
148556,2024-04-11,2024-04-11 18:00:00,34,Starligue,France,2023,24,Toulouse,Cesson Rennes-Metropole,260,242,29.0,31.0,15.0,18.0,FT,True,away
148550,2024-04-12,2024-04-12 18:00:00,34,Starligue,France,2023,24,Chambery Savoie,Nimes,251,258,39.0,31.0,17.0,17.0,FT,True,home
148552,2024-04-12,2024-04-12 18:00:00,34,Starligue,France,2023,24,Limoges,Saran,256,245,33.0,26.0,15.0,15.0,FT,True,home
148555,2024-04-12,2024-04-12 18:00:00,34,Starligue,France,2023,24,PSG,St. Raphael,4484,259,37.0,29.0,21.0,16.0,FT,True,home
148557,2024-04-12,2024-04-12 18:00:00,34,Starligue,France,2023,24,Aix,Ivry,250,255,38.0,37.0,19.0,18.0,FT,True,home
148551,2024-04-12,2024-04-12 18:30:00,34,Starligue,France,2023,24,Dijon,Chartres,283,252,34.0,30.0,15.0,14.0,FT,True,home
148554,2024-04-12,2024-04-12 18:30:00,34,Starligue,France,2023,24,Nantes,Creteil,257,253,38.0,31.0,21.0,14.0,FT,True,home
148553,2024-04-13,2024-04-13 18:00:00,34,Starligue,France,2023,24,Montpellier,Dunkerque,248,254,37.0,25.0,19.0,14.0,FT,True,home
148563,2024-04-16,2024-04-16 18:00:00,34,Starligue,France,2023,25,Chambery Savoie,Montpellier,251,248,30.0,30.0,13.0,17.0,FT,True,draw
148559,2024-04-17,2024-04-17 18:00:00,34,Starligue,France,2023,25,St. Raphael,Toulouse,259,260,30.0,30.0,15.0,17.0,FT,True,draw
148560,2024-04-17,2024-04-17 18:00:00,34,Starligue,France,2023,25,Saran,Nantes,245,257,30.0,36.0,15.0,19.0,FT,True,away
148562,2024-04-17,2024-04-17 18:00:00,34,Starligue,France,2023,25,Chartres,Aix,252,250,31.0,32.0,15.0,14.0,FT,True,away
148564,2024-04-17,2024-04-17 18:00:00,34,Starligue,France,2023,25,Cesson Rennes-Metropole,PSG,242,4484,24.0,27.0,12.0,13.0,FT,True,away
148565,2024-04-17,2024-04-17 18:30:00,34,Starligue,France,2023,25,Creteil,Dijon,253,283,27.0,33.0,14.0,14.0,FT,True,away
148558,2024-04-18,2024-04-18 18:00:00,34,Starligue,France,2023,25,Dunkerque,Nimes,254,258,31.0,26.0,14.0,12.0,FT,True,home
148561,2024-04-18,2024-04-18 18:30:00,34,Starligue,France,2023,25,Ivry,Limoges,255,256,27.0,28.0,15.0,13.0,FT,True,away
148566,2024-04-25,2024-04-25 18:00:00,34,Starligue,France,2023,26,Aix,St. Raphael,250,259,28.0,27.0,15.0,11.0,FT,True,home
148573,2024-04-25,2024-04-25 18:30:00,34,Starligue,France,2023,26,Toulouse,Saran,260,245,29.0,30.0,13.0,16.0,FT,True,away
148569,2024-04-26,2024-04-26 18:00:00,34,Starligue,France,2023,26,Limoges,Nantes,256,257,28.0,33.0,14.0,12.0,FT,True,away
148571,2024-04-26,2024-04-26 18:00:00,34,Starligue,France,2023,26,Nimes,Chartres,258,252,31.0,29.0,17.0,10.0,FT,True,home
148567,2024-04-26,2024-04-26 18:30:00,34,Starligue,France,2023,26,Dijon,Chambery Savoie,283,251,27.0,31.0,13.0,15.0,FT,True,away
148568,2024-04-26,2024-04-26 18:30:00,34,Starligue,France,2023,26,Ivry,Creteil,255,253,26.0,27.0,11.0,15.0,FT,True,away
148570,2024-04-27,2024-04-27 18:00:00,34,Starligue,France,2023,26,Montpellier,Cesson Rennes-Metropole,248,242,37.0,29.0,16.0,16.0,FT,True,home
148572,2024-04-28,2024-04-28 15:00:00,34,Starligue,France,2023,26,PSG,Dunkerque,4484,254,34.0,27.0,17.0,15.0,FT,True,home
148577,2024-05-02,2024-05-02 18:30:00,34,Starligue,France,2023,27,Creteil,Limoges,253,256,32.0,32.0,19.0,18.0,FT,True,draw
148580,2024-05-02,2024-05-02 18:30:00,34,Starligue,France,2023,27,Cesson Rennes-Metropole,Aix,242,250,29.0,30.0,17.0,16.0,FT,True,away
148578,2024-05-03,2024-05-03 18:00:00,34,Starligue,France,2023,27,Dunkerque,St. Raphael,254,259,37.0,33.0,20.0,10.0,FT,True,home
148579,2024-05-03,2024-05-03 18:00:00,34,Starligue,France,2023,27,Chartres,Toulouse,252,260,31.0,34.0,17.0,19.0,FT,True,away
148576,2024-05-04,2024-05-04 18:00:00,34,Starligue,France,2023,27,Nimes,Ivry,258,255,30.0,24.0,15.0,9.0,FT,True,home
148574,2024-05-04,2024-05-04 19:00:00,34,Starligue,France,2023,27,Nantes,Chambery Savoie,257,251,34.0,26.0,15.0,13.0,FT,True,home
148575,2024-05-05,2024-05-05 15:00:00,34,Starligue,France,2023,27,Saran,Montpellier,245,248,27.0,33.0,14.0,18.0,FT,True,away
148581,2024-05-05,2024-05-05 15:00:00,34,Starligue,France,2023,27,Dijon,PSG,283,4484,31.0,38.0,15.0,19.0,FT,True,away
148585,2024-05-16,2024-05-16 18:30:00,34,Starligue,France,2023,28,Ivry,Chartres,255,252,32.0,33.0,13.0,15.0,FT,True,away
148582,2024-05-17,2024-05-17 18:00:00,34,Starligue,France,2023,28,Aix,Toulouse,250,260,34.0,39.0,17.0,20.0,FT,True,away
148584,2024-05-17,2024-05-17 18:00:00,34,Starligue,France,2023,28,Chambery Savoie,Saran,251,245,30.0,23.0,16.0,11.0,FT,True,home
148586,2024-05-17,2024-05-17 18:00:00,34,Starligue,France,2023,28,Limoges,Dunkerque,256,254,32.0,32.0,17.0,17.0,FT,True,draw
148587,2024-05-17,2024-05-17 18:00:00,34,Starligue,France,2023,28,Montpellier,Nantes,248,257,31.0,33.0,16.0,14.0,FT,True,away
148589,2024-05-17,2024-05-17 18:00:00,34,Starligue,France,2023,28,St. Raphael,Creteil,259,253,30.0,37.0,15.0,17.0,FT,True,away
148583,2024-05-17,2024-05-17 18:30:00,34,Starligue,France,2023,28,Cesson Rennes-Metropole,Dijon,242,283,32.0,29.0,17.0,14.0,FT,True,home
148588,2024-05-19,2024-05-19 15:00:00,34,Starligue,France,2023,28,PSG,Nimes,4484,258,32.0,33.0,14.0,14.0,FT,True,away
148590,2024-05-23,2024-05-23 18:00:00,34,Starligue,France,2023,29,Ivry,Nantes,255,257,28.0,33.0,11.0,17.0,FT,True,away
148593,2024-05-24,2024-05-24 18:00:00,34,Starligue,France,2023,29,Creteil,PSG,253,4484,28.0,41.0,15.0,22.0,FT,True,away
148594,2024-05-24,2024-05-24 18:00:00,34,Starligue,France,2023,29,Dunkerque,Cesson Rennes-Metropole,254,242,31.0,23.0,13.0,12.0,FT,True,home
148596,2024-05-24,2024-05-24 18:00:00,34,Starligue,France,2023,29,Chartres,Saran,252,245,30.0,34.0,15.0,19.0,FT,True,away
148597,2024-05-24,2024-05-24 18:00:00,34,Starligue,France,2023,29,Aix,Montpellier,250,248,27.0,29.0,13.0,16.0,FT,True,away
148591,2024-05-24,2024-05-24 18:30:00,34,Starligue,France,2023,29,Toulouse,Chambery Savoie,260,251,33.0,32.0,14.0,18.0,FT,True,home
148595,2024-05-24,2024-05-24 18:30:00,34,Starligue,France,2023,29,Dijon,St. Raphael,283,259,32.0,34.0,16.0,14.0,FT,True,away
148592,2024-05-26,2024-05-26 15:00:00,34,Starligue,France,2023,29,Nimes,Limoges,258,256,34.0,37.0,16.0,17.0,FT,True,away
148598,2024-05-31,2024-05-31 18:45:00,34,Starligue,France,2023,30,Cesson Rennes-Metropole,Creteil,242,253,32.0,32.0,17.0,17.0,FT,True,draw
148599,2024-05-31,2024-05-31 18:45:00,34,Starligue,France,2023,30,Chambery Savoie,Dunkerque,251,254,28.0,27.0,15.0,10.0,FT,True,home
148600,2024-05-31,2024-05-31 18:45:00,34,Starligue,France,2023,30,Limoges,Dijon,256,283,37.0,29.0,18.0,15.0,FT,True,home
148601,2024-05-31,2024-05-31 18:45:00,34,Starligue,France,2023,30,Montpellier,Toulouse,248,260,33.0,25.0,18.0,14.0,FT,True,home
148602,2024-05-31,2024-05-31 18:45:00,34,Starligue,France,2023,30,Nantes,Nimes,257,258,36.0,32.0,15.0,16.0,FT,True,home
148603,2024-05-31,2024-05-31 18:45:00,34,Starligue,France,2023,30,PSG,Aix,4484,250,39.0,36.0,21.0,19.0,FT,True,home
148604,2024-05-31,2024-05-31 18:45:00,34,Starligue,France,2023,30,Saran,Ivry,245,255,27.0,29.0,10.0,17.0,FT,True,away
148605,2024-05-31,2024-05-31 18:45:00,34,Starligue,France,2023,30,St. Raphael,Chartres,259,252,35.0,35.0,17.0,17.0,FT,True,draw
147504,2023-08-24,2023-08-24 17:00:00,39,Bundesliga,Germany,2023,1,Erlangen,Hannover-Burgdorf,313,320,25.0,27.0,13.0,16.0,FT,True,away
147505,2023-08-24,2023-08-24 17:00:00,39,Bundesliga,Germany,2023,1,Flensburg-H.,Hamburg,314,319,37.0,32.0,16.0,14.0,FT,True,home
147506,2023-08-25,2023-08-25 17:00:00,39,Bundesliga,Germany,2023,1,HSG Wetzlar,SC Magdeburg,318,328,15.0,31.0,8.0,13.0,FT,True,away
147507,2023-08-26,2023-08-26 17:00:00,39,Bundesliga,Germany,2023,1,Eisenach,Bergischer,335,312,31.0,30.0,13.0,13.0,FT,True,home
147508,2023-08-27,2023-08-27 13:00:00,39,Bundesliga,Germany,2023,1,HBW Balingen-Weilstetten,Kiel,317,321,25.0,36.0,15.0,18.0,FT,True,away
147509,2023-08-27,2023-08-27 14:30:00,39,Bundesliga,Germany,2023,1,MT Melsungen,Goppingen,324,316,29.0,19.0,15.0,10.0,FT,True,home
147510,2023-08-27,2023-08-27 14:30:00,39,Bundesliga,Germany,2023,1,Gummersbach,Lemgo,339,323,30.0,27.0,12.0,14.0,FT,True,home
147511,2023-08-28,2023-08-28 17:00:00,39,Bundesliga,Germany,2023,1,Leipzig,Fuchse Berlin,322,315,29.0,31.0,13.0,15.0,FT,True,away
147513,2023-08-31,2023-08-31 17:00:00,39,Bundesliga,Germany,2023,2,Hannover-Burgdorf,Eisenach,320,335,31.0,30.0,14.0,14.0,FT,True,home
147514,2023-08-31,2023-08-31 17:00:00,39,Bundesliga,Germany,2023,2,Kiel,Gummersbach,321,339,41.0,30.0,22.0,16.0,FT,True,home
147515,2023-08-31,2023-08-31 17:00:00,39,Bundesliga,Germany,2023,2,Goppingen,Rhein-Neckar,316,327,27.0,27.0,11.0,12.0,FT,True,draw
147516,2023-09-01,2023-09-01 17:00:00,39,Bundesliga,Germany,2023,2,Bergischer,HBW Balingen-Weilstetten,312,317,27.0,28.0,15.0,12.0,FT,True,away
147517,2023-09-01,2023-09-01 18:00:00,39,Bundesliga,Germany,2023,2,Stuttgart,Fuchse Berlin,329,315,29.0,30.0,16.0,16.0,FT,True,away
147512,2023-09-02,2023-09-02 17:00:00,39,Bundesliga,Germany,2023,2,MT Melsungen,Leipzig,324,322,28.0,27.0,14.0,15.0,FT,True,home
147518,2023-09-03,2023-09-03 13:00:00,39,Bundesliga,Germany,2023,2,SC Magdeburg,Flensburg-H.,328,314,31.0,29.0,16.0,13.0,FT,True,home
147519,2023-09-03,2023-09-03 14:30:00,39,Bundesliga,Germany,2023,6,Kiel,HSG Wetzlar,321,318,33.0,22.0,15.0,4.0,FT,True,home
147520,2023-09-03,2023-09-03 14:30:00,39,Bundesliga,Germany,2023,2,Lemgo,Erlangen,323,313,28.0,27.0,16.0,14.0,FT,True,home
147521,2023-09-05,2023-09-05 17:00:00,39,Bundesliga,Germany,2023,3,HBW Balingen-Weilstetten,Stuttgart,317,329,29.0,28.0,14.0,13.0,FT,True,home
147522,2023-09-06,2023-09-06 17:00:00,39,Bundesliga,Germany,2023,3,Gummersbach,Hannover-Burgdorf,339,320,33.0,33.0,14.0,16.0,FT,True,draw
147523,2023-09-06,2023-09-06 17:00:00,39,Bundesliga,Germany,2023,3,Erlangen,Bergischer,313,312,28.0,27.0,15.0,15.0,FT,True,home
147524,2023-09-06,2023-09-06 17:00:00,39,Bundesliga,Germany,2023,3,Eisenach,Goppingen,335,316,27.0,24.0,15.0,11.0,FT,True,home
147525,2023-09-06,2023-09-06 18:30:00,39,Bundesliga,Germany,2023,3,Fuchse Berlin,SC Magdeburg,315,328,31.0,26.0,14.0,12.0,FT,True,home
147526,2023-09-07,2023-09-07 17:00:00,39,Bundesliga,Germany,2023,3,HSG Wetzlar,Lemgo,318,323,24.0,27.0,13.0,9.0,FT,True,away
147527,2023-09-07,2023-09-07 17:00:00,39,Bundesliga,Germany,2023,3,MT Melsungen,Hamburg,324,319,33.0,26.0,19.0,9.0,FT,True,home
147528,2023-09-07,2023-09-07 18:30:00,39,Bundesliga,Germany,2023,5,Flensburg-H.,Kiel,314,321,28.0,27.0,14.0,17.0,FT,True,home
147529,2023-09-09,2023-09-09 17:00:00,39,Bundesliga,Germany,2023,4,Goppingen,Gummersbach,316,339,32.0,29.0,15.0,13.0,FT,True,home
147530,2023-09-09,2023-09-09 17:00:00,39,Bundesliga,Germany,2023,4,HBW Balingen-Weilstetten,Erlangen,317,313,25.0,27.0,14.0,16.0,FT,True,away
147531,2023-09-10,2023-09-10 13:00:00,39,Bundesliga,Germany,2023,4,Kiel,MT Melsungen,321,324,30.0,35.0,13.0,13.0,FT,True,away
147532,2023-09-10,2023-09-10 14:30:00,39,Bundesliga,Germany,2023,4,SC Magdeburg,Hamburg,328,319,35.0,24.0,18.0,7.0,FT,True,home
147533,2023-09-10,2023-09-10 14:30:00,39,Bundesliga,Germany,2023,4,Leipzig,HSG Wetzlar,322,318,36.0,30.0,18.0,13.0,FT,True,home
147534,2023-09-10,2023-09-10 14:30:00,39,Bundesliga,Germany,2023,4,Hannover-Burgdorf,Rhein-Neckar,320,327,34.0,29.0,15.0,13.0,FT,True,home
147535,2023-09-10,2023-09-10 16:00:00,39,Bundesliga,Germany,2023,4,Bergischer,Fuchse Berlin,312,315,30.0,34.0,12.0,17.0,FT,True,away
147536,2023-09-10,2023-09-10 16:00:00,39,Bundesliga,Germany,2023,4,Stuttgart,Eisenach,329,335,28.0,22.0,13.0,11.0,FT,True,home
147537,2023-09-11,2023-09-11 17:00:00,39,Bundesliga,Germany,2023,4,Lemgo,Flensburg-H.,323,314,31.0,31.0,14.0,16.0,FT,True,draw
147539,2023-09-14,2023-09-14 17:00:00,39,Bundesliga,Germany,2023,5,Gummersbach,Bergischer,339,312,27.0,33.0,12.0,16.0,FT,True,away
147540,2023-09-15,2023-09-15 17:00:00,39,Bundesliga,Germany,2023,5,MT Melsungen,Stuttgart,324,329,35.0,27.0,23.0,13.0,FT,True,home
147538,2023-09-15,2023-09-15 18:00:00,39,Bundesliga,Germany,2023,5,Eisenach,HBW Balingen-Weilstetten,335,317,28.0,28.0,14.0,14.0,FT,True,draw
147541,2023-09-16,2023-09-16 17:00:00,39,Bundesliga,Germany,2023,5,Hamburg,Leipzig,319,322,35.0,34.0,16.0,18.0,FT,True,home
147542,2023-09-17,2023-09-17 13:00:00,39,Bundesliga,Germany,2023,5,Fuchse Berlin,Hannover-Burgdorf,315,320,34.0,33.0,18.0,21.0,FT,True,home
147543,2023-09-17,2023-09-17 14:30:00,39,Bundesliga,Germany,2023,5,HSG Wetzlar,Goppingen,318,316,29.0,24.0,12.0,11.0,FT,True,home
147544,2023-09-17,2023-09-17 14:30:00,39,Bundesliga,Germany,2023,5,SC Magdeburg,Lemgo,328,323,35.0,28.0,20.0,13.0,FT,True,home
147545,2023-09-18,2023-09-18 17:00:00,39,Bundesliga,Germany,2023,5,Rhein-Neckar,Erlangen,327,313,34.0,24.0,18.0,11.0,FT,True,home
147546,2023-09-21,2023-09-21 17:00:00,39,Bundesliga,Germany,2023,6,Goppingen,Hamburg,316,319,27.0,32.0,16.0,19.0,FT,True,away
147547,2023-09-22,2023-09-22 17:00:00,39,Bundesliga,Germany,2023,6,Hannover-Burgdorf,Flensburg-H.,320,314,26.0,26.0,11.0,14.0,FT,True,draw
147548,2023-09-22,2023-09-22 18:00:00,39,Bundesliga,Germany,2023,6,HBW Balingen-Weilstetten,Fuchse Berlin,317,315,26.0,37.0,12.0,23.0,FT,True,away
147549,2023-09-23,2023-09-23 17:00:00,39,Bundesliga,Germany,2023,6,Bergischer,Rhein-Neckar,312,327,29.0,31.0,16.0,18.0,FT,True,away
147550,2023-09-23,2023-09-23 17:00:00,39,Bundesliga,Germany,2023,6,Erlangen,Eisenach,313,335,28.0,23.0,14.0,14.0,FT,True,home
147551,2023-09-24,2023-09-24 13:00:00,39,Bundesliga,Germany,2023,2,Hamburg,HSG Wetzlar,319,318,30.0,25.0,13.0,12.0,FT,True,home
147552,2023-09-24,2023-09-24 14:00:00,39,Bundesliga,Germany,2023,6,Leipzig,SC Magdeburg,322,328,27.0,27.0,10.0,15.0,FT,True,draw
147553,2023-09-24,2023-09-24 14:30:00,39,Bundesliga,Germany,2023,6,Lemgo,MT Melsungen,323,324,25.0,28.0,13.0,15.0,FT,True,away
147554,2023-09-25,2023-09-25 17:00:00,39,Bundesliga,Germany,2023,6,Stuttgart,Gummersbach,329,339,29.0,31.0,13.0,17.0,FT,True,away
147555,2023-09-28,2023-09-28 17:00:00,39,Bundesliga,Germany,2023,7,Flensburg-H.,Bergischer,314,312,33.0,28.0,17.0,14.0,FT,True,home
147556,2023-09-28,2023-09-28 17:00:00,39,Bundesliga,Germany,2023,7,Gummersbach,Erlangen,339,313,33.0,28.0,13.0,15.0,FT,True,home
147557,2023-09-28,2023-09-28 17:00:00,39,Bundesliga,Germany,2023,7,Rhein-Neckar,HBW Balingen-Weilstetten,327,317,25.0,21.0,17.0,11.0,FT,True,home
147558,2023-09-29,2023-09-29 17:00:00,39,Bundesliga,Germany,2023,7,Hamburg,Lemgo,319,323,37.0,33.0,18.0,17.0,FT,True,home
147559,2023-09-29,2023-09-29 18:00:00,39,Bundesliga,Germany,2023,7,MT Melsungen,Hannover-Burgdorf,324,320,34.0,26.0,17.0,11.0,FT,True,home
147560,2023-09-30,2023-09-30 17:00:00,39,Bundesliga,Germany,2023,7,SC Magdeburg,Kiel,328,321,34.0,31.0,17.0,15.0,FT,True,home
147561,2023-10-01,2023-10-01 13:00:00,39,Bundesliga,Germany,2023,1,Rhein-Neckar,Stuttgart,327,329,32.0,24.0,13.0,13.0,FT,True,home
147562,2023-10-01,2023-10-01 14:30:00,39,Bundesliga,Germany,2023,7,Leipzig,Goppingen,322,316,33.0,35.0,15.0,18.0,FT,True,away
147563,2023-10-01,2023-10-01 14:30:00,39,Bundesliga,Germany,2023,7,Fuchse Berlin,Eisenach,315,335,37.0,29.0,20.0,13.0,FT,True,home
147564,2023-10-07,2023-10-07 15:30:00,39,Bundesliga,Germany,2023,8,Erlangen,Fuchse Berlin,313,315,27.0,35.0,12.0,18.0,FT,True,away
147565,2023-10-07,2023-10-07 17:00:00,39,Bundesliga,Germany,2023,8,Bergischer,MT Melsungen,312,324,32.0,31.0,15.0,18.0,FT,True,home
147566,2023-10-07,2023-10-07 17:00:00,39,Bundesliga,Germany,2023,8,HBW Balingen-Weilstetten,Gummersbach,317,339,31.0,34.0,14.0,20.0,FT,True,away
147567,2023-10-07,2023-10-07 18:30:00,39,Bundesliga,Germany,2023,8,Goppingen,SC Magdeburg,316,328,26.0,27.0,12.0,13.0,FT,True,away
147568,2023-10-08,2023-10-08 13:00:00,39,Bundesliga,Germany,2023,8,Kiel,Hamburg,321,319,34.0,23.0,19.0,15.0,FT,True,home
147569,2023-10-08,2023-10-08 14:30:00,39,Bundesliga,Germany,2023,8,Hannover-Burgdorf,HSG Wetzlar,320,318,30.0,33.0,18.0,14.0,FT,True,away
147570,2023-10-08,2023-10-08 14:30:00,39,Bundesliga,Germany,2023,8,Lemgo,Leipzig,323,322,22.0,28.0,8.0,14.0,FT,True,away
147571,2023-10-08,2023-10-08 16:00:00,39,Bundesliga,Germany,2023,8,Stuttgart,Flensburg-H.,329,314,34.0,31.0,18.0,15.0,FT,True,home
147572,2023-10-09,2023-10-09 17:00:00,39,Bundesliga,Germany,2023,8,Eisenach,Rhein-Neckar,335,327,29.0,26.0,13.0,13.0,FT,True,home
147573,2023-10-11,2023-10-11 17:00:00,39,Bundesliga,Germany,2023,3,Flensburg-H.,Leipzig,314,322,34.0,24.0,16.0,14.0,FT,True,home
147574,2023-10-12,2023-10-12 17:00:00,39,Bundesliga,Germany,2023,9,Fuchse Berlin,Rhein-Neckar,315,327,38.0,32.0,17.0,14.0,FT,True,home
147575,2023-10-12,2023-10-12 17:00:00,39,Bundesliga,Germany,2023,9,Hamburg,Stuttgart,319,329,31.0,36.0,14.0,19.0,FT,True,away
147576,2023-10-13,2023-10-13 17:00:00,39,Bundesliga,Germany,2023,9,Gummersbach,Eisenach,339,335,37.0,31.0,18.0,13.0,FT,True,home
147577,2023-10-13,2023-10-13 18:00:00,39,Bundesliga,Germany,2023,9,HSG Wetzlar,Bergischer,318,312,28.0,32.0,16.0,16.0,FT,True,away
147578,2023-10-14,2023-10-14 14:00:00,39,Bundesliga,Germany,2023,9,Leipzig,Kiel,322,321,35.0,34.0,16.0,15.0,FT,True,home
147579,2023-10-15,2023-10-15 13:00:00,39,Bundesliga,Germany,2023,9,SC Magdeburg,Hannover-Burgdorf,328,320,31.0,29.0,13.0,14.0,FT,True,home
147580,2023-10-15,2023-10-15 14:30:00,39,Bundesliga,Germany,2023,9,Flensburg-H.,HBW Balingen-Weilstetten,314,317,32.0,28.0,15.0,14.0,FT,True,home
147581,2023-10-15,2023-10-15 14:30:00,39,Bundesliga,Germany,2023,9,Lemgo,Goppingen,323,316,21.0,26.0,9.0,12.0,FT,True,away
147582,2023-10-16,2023-10-16 17:00:00,39,Bundesliga,Germany,2023,9,MT Melsungen,Erlangen,324,313,32.0,25.0,17.0,13.0,FT,True,home
147585,2023-10-19,2023-10-19 17:00:00,39,Bundesliga,Germany,2023,10,Fuchse Berlin,MT Melsungen,315,324,37.0,31.0,17.0,15.0,FT,True,home
147586,2023-10-20,2023-10-20 17:00:00,39,Bundesliga,Germany,2023,10,Hannover-Burgdorf,Leipzig,320,322,25.0,25.0,14.0,15.0,FT,True,draw
147587,2023-10-20,2023-10-20 17:00:00,39,Bundesliga,Germany,2023,10,HBW Balingen-Weilstetten,HSG Wetzlar,317,318,27.0,30.0,13.0,10.0,FT,True,away
147591,2023-10-20,2023-10-20 18:00:00,39,Bundesliga,Germany,2023,10,Eisenach,Hamburg,335,319,28.0,32.0,13.0,15.0,FT,True,away
147583,2023-10-21,2023-10-21 17:00:00,39,Bundesliga,Germany,2023,10,Bergischer,Goppingen,312,316,33.0,30.0,14.0,14.0,FT,True,home
147584,2023-10-21,2023-10-21 17:00:00,39,Bundesliga,Germany,2023,10,Erlangen,Flensburg-H.,313,314,22.0,27.0,12.0,16.0,FT,True,away
147588,2023-10-22,2023-10-22 13:00:00,39,Bundesliga,Germany,2023,10,Kiel,Lemgo,321,323,33.0,29.0,16.0,14.0,FT,True,home
147589,2023-10-22,2023-10-22 14:30:00,39,Bundesliga,Germany,2023,10,Rhein-Neckar,Gummersbach,327,339,28.0,26.0,14.0,13.0,FT,True,home
147590,2023-10-22,2023-10-22 14:30:00,39,Bundesliga,Germany,2023,10,Stuttgart,SC Magdeburg,329,328,25.0,31.0,11.0,13.0,FT,True,away
147595,2023-10-26,2023-10-26 17:00:00,39,Bundesliga,Germany,2023,11,Lemgo,Stuttgart,323,329,31.0,25.0,13.0,12.0,FT,True,home
147597,2023-10-26,2023-10-26 17:00:00,39,Bundesliga,Germany,2023,11,HSG Wetzlar,Erlangen,318,313,26.0,31.0,12.0,18.0,FT,True,away
147598,2023-10-27,2023-10-27 17:00:00,39,Bundesliga,Germany,2023,11,Hamburg,Hannover-Burgdorf,319,320,28.0,30.0,13.0,13.0,FT,True,away
147596,2023-10-27,2023-10-27 18:00:00,39,Bundesliga,Germany,2023,11,Gummersbach,Fuchse Berlin,339,315,30.0,30.0,11.0,16.0,FT,True,draw
147600,2023-10-28,2023-10-28 17:00:00,39,Bundesliga,Germany,2023,11,Flensburg-H.,Eisenach,314,335,35.0,28.0,19.0,11.0,FT,True,home
147594,2023-10-28,2023-10-28 18:30:00,39,Bundesliga,Germany,2023,11,MT Melsungen,Rhein-Neckar,324,327,30.0,23.0,16.0,12.0,FT,True,home
147592,2023-10-29,2023-10-29 14:00:00,39,Bundesliga,Germany,2023,11,Leipzig,HBW Balingen-Weilstetten,322,317,26.0,25.0,14.0,8.0,FT,True,home
147599,2023-10-29,2023-10-29 15:30:00,39,Bundesliga,Germany,2023,11,Goppingen,Kiel,316,321,27.0,34.0,13.0,19.0,FT,True,away
147601,2023-10-29,2023-10-29 15:30:00,39,Bundesliga,Germany,2023,7,HSG Wetzlar,Stuttgart,318,329,31.0,31.0,14.0,17.0,FT,True,draw
147593,2023-10-29,2023-10-29 17:00:00,39,Bundesliga,Germany,2023,11,SC Magdeburg,Bergischer,328,312,40.0,28.0,21.0,14.0,FT,True,home
147602,2023-11-09,2023-11-09 18:00:00,39,Bundesliga,Germany,2023,12,Hannover-Burgdorf,Kiel,320,321,36.0,33.0,20.0,17.0,FT,True,home
147604,2023-11-09,2023-11-09 18:00:00,39,Bundesliga,Germany,2023,12,Rhein-Neckar,Leipzig,327,322,32.0,28.0,17.0,15.0,FT,True,home
147610,2023-11-10,2023-11-10 18:00:00,39,Bundesliga,Germany,2023,12,Eisenach,HSG Wetzlar,335,318,23.0,27.0,11.0,10.0,FT,True,away
147603,2023-11-10,2023-11-10 19:00:00,39,Bundesliga,Germany,2023,12,Stuttgart,Goppingen,329,316,31.0,29.0,16.0,14.0,FT,True,home
147609,2023-11-11,2023-11-11 18:00:00,39,Bundesliga,Germany,2023,12,Bergischer,Hamburg,312,319,29.0,28.0,16.0,14.0,FT,True,home
147611,2023-11-12,2023-11-12 13:05:00,39,Bundesliga,Germany,2023,3,Rhein-Neckar,Kiel,327,321,25.0,31.0,9.0,14.0,FT,True,away
147607,2023-11-12,2023-11-12 14:00:00,39,Bundesliga,Germany,2023,12,Gummersbach,MT Melsungen,339,324,37.0,31.0,20.0,19.0,FT,True,home
147605,2023-11-13,2023-11-13 18:00:00,39,Bundesliga,Germany,2023,12,HBW Balingen-Weilstetten,Lemgo,317,323,26.0,30.0,16.0,14.0,FT,True,away
147614,2023-11-16,2023-11-16 18:00:00,39,Bundesliga,Germany,2023,13,Lemgo,Bergischer,323,312,31.0,28.0,13.0,14.0,FT,True,home
147615,2023-11-16,2023-11-16 18:00:00,39,Bundesliga,Germany,2023,13,Leipzig,Stuttgart,322,329,36.0,30.0,15.0,15.0,FT,True,home
147619,2023-11-17,2023-11-17 18:00:00,39,Bundesliga,Germany,2023,13,Goppingen,Hannover-Burgdorf,316,320,32.0,25.0,18.0,13.0,FT,True,home
147618,2023-11-17,2023-11-17 19:00:00,39,Bundesliga,Germany,2023,13,Hamburg,Erlangen,319,313,31.0,23.0,17.0,13.0,FT,True,home
147620,2023-11-18,2023-11-18 17:00:00,39,Bundesliga,Germany,2023,13,Flensburg-H.,Rhein-Neckar,314,327,33.0,25.0,14.0,9.0,FT,True,home
147616,2023-11-19,2023-11-19 13:05:00,39,Bundesliga,Germany,2023,13,Kiel,Fuchse Berlin,321,315,30.0,26.0,14.0,10.0,FT,True,home
147613,2023-11-19,2023-11-19 14:00:00,39,Bundesliga,Germany,2023,13,MT Melsungen,HBW Balingen-Weilstetten,324,317,26.0,24.0,18.0,14.0,FT,True,home
147612,2023-11-19,2023-11-19 15:30:00,39,Bundesliga,Germany,2023,13,SC Magdeburg,Eisenach,328,335,38.0,31.0,24.0,16.0,FT,True,home
147617,2023-11-20,2023-11-20 18:00:00,39,Bundesliga,Germany,2023,13,HSG Wetzlar,Gummersbach,318,339,33.0,31.0,17.0,13.0,FT,True,home
147629,2023-11-23,2023-11-23 18:00:00,39,Bundesliga,Germany,2023,14,Bergischer,Leipzig,312,322,31.0,31.0,19.0,16.0,FT,True,draw
147625,2023-11-24,2023-11-24 18:00:00,39,Bundesliga,Germany,2023,14,Eisenach,MT Melsungen,335,324,24.0,27.0,9.0,13.0,FT,True,away
147628,2023-11-24,2023-11-24 19:00:00,39,Bundesliga,Germany,2023,14,Erlangen,Goppingen,313,316,28.0,26.0,13.0,14.0,FT,True,home
147622,2023-11-25,2023-11-25 18:00:00,39,Bundesliga,Germany,2023,14,Hannover-Burgdorf,Lemgo,320,323,34.0,32.0,17.0,14.0,FT,True,home
147626,2023-11-25,2023-11-25 19:30:00,39,Bundesliga,Germany,2023,14,Gummersbach,Flensburg-H.,339,314,32.0,42.0,13.0,23.0,FT,True,away
147627,2023-11-26,2023-11-26 14:00:00,39,Bundesliga,Germany,2023,14,Fuchse Berlin,Hamburg,315,319,37.0,31.0,16.0,18.0,FT,True,home
147623,2023-11-26,2023-11-26 15:30:00,39,Bundesliga,Germany,2023,14,Rhein-Neckar,HSG Wetzlar,327,318,26.0,21.0,15.0,7.0,FT,True,home
147624,2023-11-26,2023-11-26 15:30:00,39,Bundesliga,Germany,2023,14,HBW Balingen-Weilstetten,SC Magdeburg,317,328,28.0,34.0,15.0,16.0,FT,True,away
147621,2023-11-26,2023-11-26 17:00:00,39,Bundesliga,Germany,2023,14,Stuttgart,Kiel,329,321,31.0,36.0,17.0,16.0,FT,True,away
147632,2023-11-30,2023-11-30 18:00:00,39,Bundesliga,Germany,2023,15,Lemgo,Eisenach,323,335,26.0,24.0,14.0,11.0,FT,True,home
147637,2023-11-30,2023-11-30 18:00:00,39,Bundesliga,Germany,2023,15,Goppingen,HBW Balingen-Weilstetten,316,317,32.0,28.0,13.0,10.0,FT,True,home
147635,2023-12-01,2023-12-01 18:00:00,39,Bundesliga,Germany,2023,15,HSG Wetzlar,Fuchse Berlin,318,315,30.0,36.0,15.0,18.0,FT,True,away
147638,2023-12-01,2023-12-01 19:00:00,39,Bundesliga,Germany,2023,15,Flensburg-H.,MT Melsungen,314,324,34.0,24.0,18.0,14.0,FT,True,home
147630,2023-12-02,2023-12-02 19:00:00,39,Bundesliga,Germany,2023,15,Stuttgart,Hannover-Burgdorf,329,320,32.0,28.0,15.0,17.0,FT,True,home
147636,2023-12-02,2023-12-02 19:30:00,39,Bundesliga,Germany,2023,15,Hamburg,Rhein-Neckar,319,327,32.0,36.0,15.0,19.0,FT,True,away
147631,2023-12-03,2023-12-03 14:00:00,39,Bundesliga,Germany,2023,15,SC Magdeburg,Gummersbach,328,339,32.0,30.0,18.0,16.0,FT,True,home
147633,2023-12-03,2023-12-03 15:30:00,39,Bundesliga,Germany,2023,15,Leipzig,Erlangen,322,313,20.0,19.0,11.0,11.0,FT,True,home
147634,2023-12-03,2023-12-03 15:30:00,39,Bundesliga,Germany,2023,15,Kiel,Bergischer,321,312,39.0,30.0,21.0,13.0,FT,True,home
147642,2023-12-07,2023-12-07 18:00:00,39,Bundesliga,Germany,2023,16,Gummersbach,Hamburg,339,319,24.0,23.0,12.0,13.0,FT,True,home
147644,2023-12-08,2023-12-08 18:00:00,39,Bundesliga,Germany,2023,16,Flensburg-H.,HSG Wetzlar,314,318,33.0,26.0,15.0,12.0,FT,True,home
147646,2023-12-08,2023-12-08 19:00:00,39,Bundesliga,Germany,2023,16,Eisenach,Leipzig,335,322,25.0,24.0,11.0,12.0,FT,True,home
147639,2023-12-09,2023-12-09 18:00:00,39,Bundesliga,Germany,2023,16,Rhein-Neckar,Lemgo,327,323,34.0,34.0,18.0,13.0,FT,True,draw
147645,2023-12-09,2023-12-09 19:30:00,39,Bundesliga,Germany,2023,16,Erlangen,Kiel,313,321,27.0,31.0,14.0,18.0,FT,True,away
147640,2023-12-10,2023-12-10 14:00:00,39,Bundesliga,Germany,2023,16,MT Melsungen,SC Magdeburg,324,328,29.0,29.0,17.0,14.0,FT,True,draw
147641,2023-12-10,2023-12-10 15:30:00,39,Bundesliga,Germany,2023,16,HBW Balingen-Weilstetten,Hannover-Burgdorf,317,320,25.0,29.0,12.0,13.0,FT,True,away
147647,2023-12-10,2023-12-10 15:30:00,39,Bundesliga,Germany,2023,16,Bergischer,Stuttgart,312,329,33.0,28.0,19.0,13.0,FT,True,home
147643,2023-12-10,2023-12-10 17:00:00,39,Bundesliga,Germany,2023,16,Fuchse Berlin,Goppingen,315,316,29.0,29.0,14.0,15.0,FT,True,draw
147648,2023-12-15,2023-12-15 18:00:00,39,Bundesliga,Germany,2023,17,Stuttgart,Erlangen,329,313,29.0,30.0,14.0,15.0,FT,True,away
147656,2023-12-15,2023-12-15 19:00:00,39,Bundesliga,Germany,2023,17,Eisenach,Kiel,335,321,32.0,40.0,19.0,22.0,FT,True,away
147649,2023-12-16,2023-12-16 17:30:00,39,Bundesliga,Germany,2023,17,SC Magdeburg,Rhein-Neckar,328,327,38.0,24.0,16.0,13.0,FT,True,home
147650,2023-12-16,2023-12-16 18:00:00,39,Bundesliga,Germany,2023,17,Lemgo,Fuchse Berlin,323,315,29.0,32.0,16.0,17.0,FT,True,away
147652,2023-12-16,2023-12-16 18:00:00,39,Bundesliga,Germany,2023,17,HSG Wetzlar,MT Melsungen,318,324,28.0,27.0,15.0,15.0,FT,True,home
147654,2023-12-16,2023-12-16 19:30:00,39,Bundesliga,Germany,2023,17,Hamburg,HBW Balingen-Weilstetten,319,317,28.0,28.0,14.0,12.0,FT,True,draw
147655,2023-12-16,2023-12-16 19:30:00,39,Bundesliga,Germany,2023,17,Goppingen,Flensburg-H.,316,314,32.0,31.0,15.0,17.0,FT,True,home
147651,2023-12-17,2023-12-17 14:00:00,39,Bundesliga,Germany,2023,17,Leipzig,Gummersbach,322,339,32.0,35.0,18.0,19.0,FT,True,away
147653,2023-12-17,2023-12-17 15:30:00,39,Bundesliga,Germany,2023,17,Hannover-Burgdorf,Bergischer,320,312,37.0,28.0,19.0,13.0,FT,True,home
147661,2023-12-19,2023-12-19 18:00:00,39,Bundesliga,Germany,2023,18,Erlangen,HBW Balingen-Weilstetten,313,317,22.0,22.0,10.0,11.0,FT,True,draw
147663,2023-12-19,2023-12-19 18:00:00,39,Bundesliga,Germany,2023,18,Fuchse Berlin,Stuttgart,315,329,32.0,27.0,16.0,15.0,FT,True,home
147664,2023-12-19,2023-12-19 18:00:00,39,Bundesliga,Germany,2023,18,Flensburg-H.,Lemgo,314,323,34.0,29.0,17.0,13.0,FT,True,home
147662,2023-12-19,2023-12-19 19:30:00,39,Bundesliga,Germany,2023,18,Hamburg,SC Magdeburg,319,328,28.0,43.0,9.0,27.0,FT,True,away
147657,2023-12-20,2023-12-20 18:00:00,39,Bundesliga,Germany,2023,18,HSG Wetzlar,Leipzig,318,322,30.0,27.0,15.0,15.0,FT,True,home
147658,2023-12-20,2023-12-20 18:00:00,39,Bundesliga,Germany,2023,18,Rhein-Neckar,Eisenach,327,335,26.0,27.0,13.0,13.0,FT,True,away
147659,2023-12-20,2023-12-20 18:00:00,39,Bundesliga,Germany,2023,18,MT Melsungen,Gummersbach,324,339,26.0,25.0,13.0,14.0,FT,True,home
147665,2023-12-20,2023-12-20 18:00:00,39,Bundesliga,Germany,2023,18,Goppingen,Bergischer,316,312,31.0,28.0,17.0,11.0,FT,True,home
147660,2023-12-20,2023-12-20 19:30:00,39,Bundesliga,Germany,2023,18,Kiel,Hannover-Burgdorf,321,320,34.0,20.0,14.0,8.0,FT,True,home
147670,2023-12-22,2023-12-22 18:00:00,39,Bundesliga,Germany,2023,19,HBW Balingen-Weilstetten,Flensburg-H.,317,314,32.0,34.0,16.0,18.0,FT,True,away
147672,2023-12-22,2023-12-22 18:00:00,39,Bundesliga,Germany,2023,19,SC Magdeburg,Goppingen,328,316,31.0,27.0,17.0,10.0,FT,True,home
147667,2023-12-22,2023-12-22 19:00:00,39,Bundesliga,Germany,2023,19,Fuchse Berlin,Leipzig,315,322,37.0,28.0,18.0,9.0,FT,True,home
147669,2023-12-22,2023-12-22 19:00:00,39,Bundesliga,Germany,2023,19,Hannover-Burgdorf,MT Melsungen,320,324,30.0,34.0,16.0,21.0,FT,True,away
147735,2023-12-23,2023-12-23 16:30:00,39,Bundesliga,Germany,2023,19,Bergischer,HSG Wetzlar,312,318,23.0,28.0,10.0,12.0,FT,True,away
147666,2023-12-23,2023-12-23 18:00:00,39,Bundesliga,Germany,2023,19,Eisenach,Erlangen,335,313,28.0,26.0,15.0,14.0,FT,True,home
147673,2023-12-23,2023-12-23 18:00:00,39,Bundesliga,Germany,2023,19,Stuttgart,Rhein-Neckar,329,327,32.0,31.0,13.0,18.0,FT,True,home
147671,2023-12-23,2023-12-23 19:30:00,39,Bundesliga,Germany,2023,19,Lemgo,Hamburg,323,319,34.0,34.0,17.0,18.0,FT,True,draw
147674,2024-02-07,2024-02-07 18:00:00,39,Bundesliga,Germany,2023,20,HSG Wetzlar,Eisenach,318,335,31.0,30.0,13.0,15.0,FT,True,home
147678,2024-02-07,2024-02-07 18:00:00,39,Bundesliga,Germany,2023,20,Hannover-Burgdorf,Gummersbach,320,339,32.0,29.0,14.0,15.0,FT,True,home
147680,2024-02-07,2024-02-07 18:00:00,39,Bundesliga,Germany,2023,20,Goppingen,Stuttgart,316,329,25.0,25.0,11.0,12.0,FT,True,draw
147677,2024-02-07,2024-02-07 19:30:00,39,Bundesliga,Germany,2023,20,Kiel,SC Magdeburg,321,328,26.0,33.0,13.0,15.0,FT,True,away
147682,2024-02-08,2024-02-08 18:00:00,39,Bundesliga,Germany,2023,20,Erlangen,Lemgo,313,323,26.0,25.0,13.0,15.0,FT,True,home
147608,2024-02-08,2024-02-08 19:30:00,39,Bundesliga,Germany,2023,12,Fuchse Berlin,Flensburg-H.,315,314,32.0,31.0,18.0,12.0,FT,True,home
147684,2024-02-10,2024-02-10 18:00:00,39,Bundesliga,Germany,2023,21,Eisenach,Gummersbach,335,339,24.0,26.0,14.0,15.0,FT,True,away
147687,2024-02-10,2024-02-10 19:30:00,39,Bundesliga,Germany,2023,21,HBW Balingen-Weilstetten,Goppingen,317,316,30.0,29.0,16.0,17.0,FT,True,home
147690,2024-02-11,2024-02-11 14:00:00,39,Bundesliga,Germany,2023,21,SC Magdeburg,MT Melsungen,328,324,39.0,24.0,16.0,11.0,FT,True,home
147685,2024-02-11,2024-02-11 15:30:00,39,Bundesliga,Germany,2023,21,Flensburg-H.,Erlangen,314,313,32.0,25.0,17.0,9.0,FT,True,home
147689,2024-02-11,2024-02-11 15:30:00,39,Bundesliga,Germany,2023,21,Lemgo,Rhein-Neckar,323,327,33.0,25.0,15.0,16.0,FT,True,home
147683,2024-02-11,2024-02-11 17:00:00,39,Bundesliga,Germany,2023,21,Bergischer,Kiel,312,321,25.0,29.0,12.0,16.0,FT,True,away
147686,2024-02-11,2024-02-11 17:00:00,39,Bundesliga,Germany,2023,21,Hamburg,Fuchse Berlin,319,315,30.0,32.0,15.0,19.0,FT,True,away
147691,2024-02-11,2024-02-11 17:00:00,39,Bundesliga,Germany,2023,21,Stuttgart,HSG Wetzlar,329,318,30.0,25.0,12.0,10.0,FT,True,home
147695,2024-02-15,2024-02-15 18:00:00,39,Bundesliga,Germany,2023,22,HSG Wetzlar,HBW Balingen-Weilstetten,318,317,16.0,21.0,10.0,12.0,FT,True,away
147698,2024-02-15,2024-02-15 18:00:00,39,Bundesliga,Germany,2023,22,Goppingen,Eisenach,316,335,35.0,31.0,17.0,12.0,FT,True,home
147700,2024-02-16,2024-02-16 18:00:00,39,Bundesliga,Germany,2023,22,Erlangen,Hamburg,313,319,30.0,28.0,15.0,12.0,FT,True,home
147694,2024-02-16,2024-02-16 19:00:00,39,Bundesliga,Germany,2023,22,MT Melsungen,Bergischer,324,312,31.0,26.0,14.0,14.0,FT,True,home
147699,2024-02-17,2024-02-17 18:00:00,39,Bundesliga,Germany,2023,22,Fuchse Berlin,Lemgo,315,323,30.0,26.0,15.0,11.0,FT,True,home
147693,2024-02-18,2024-02-18 14:00:00,39,Bundesliga,Germany,2023,22,Rhein-Neckar,Flensburg-H.,327,314,26.0,35.0,13.0,17.0,FT,True,away
147692,2024-02-18,2024-02-18 15:30:00,39,Bundesliga,Germany,2023,22,Kiel,Stuttgart,321,329,39.0,36.0,20.0,18.0,FT,True,home
147696,2024-02-18,2024-02-18 15:30:00,39,Bundesliga,Germany,2023,22,Hannover-Burgdorf,SC Magdeburg,320,328,28.0,27.0,14.0,18.0,FT,True,home
147697,2024-02-19,2024-02-19 18:00:00,39,Bundesliga,Germany,2023,22,Gummersbach,Leipzig,339,322,30.0,29.0,15.0,15.0,FT,True,home
147702,2024-02-22,2024-02-22 18:00:00,39,Bundesliga,Germany,2023,23,Stuttgart,MT Melsungen,329,324,33.0,31.0,12.0,14.0,FT,True,home
147704,2024-02-23,2024-02-23 19:00:00,39,Bundesliga,Germany,2023,23,Lemgo,Gummersbach,323,339,23.0,26.0,11.0,15.0,FT,True,away
147708,2024-02-24,2024-02-24 18:00:00,39,Bundesliga,Germany,2023,23,Erlangen,HSG Wetzlar,313,318,26.0,27.0,12.0,15.0,FT,True,away
147709,2024-02-24,2024-02-24 18:00:00,39,Bundesliga,Germany,2023,23,Bergischer,Hannover-Burgdorf,312,320,26.0,29.0,14.0,12.0,FT,True,away
147705,2024-02-24,2024-02-24 19:30:00,39,Bundesliga,Germany,2023,23,HBW Balingen-Weilstetten,Rhein-Neckar,317,327,31.0,33.0,17.0,18.0,FT,True,away
147707,2024-02-25,2024-02-25 14:00:00,39,Bundesliga,Germany,2023,23,Flensburg-H.,Fuchse Berlin,314,315,31.0,31.0,17.0,17.0,FT,True,draw
147701,2024-02-25,2024-02-25 15:30:00,39,Bundesliga,Germany,2023,23,Kiel,Eisenach,321,335,31.0,27.0,14.0,13.0,FT,True,home
147706,2024-02-25,2024-02-25 15:30:00,39,Bundesliga,Germany,2023,23,Hamburg,Goppingen,319,316,33.0,31.0,17.0,17.0,FT,True,home
147712,2024-02-29,2024-02-29 18:00:00,39,Bundesliga,Germany,2023,24,MT Melsungen,Eisenach,324,335,27.0,26.0,15.0,13.0,FT,True,home
147713,2024-02-29,2024-02-29 18:00:00,39,Bundesliga,Germany,2023,24,Leipzig,Bergischer,322,312,33.0,22.0,17.0,10.0,FT,True,home
147718,2024-02-29,2024-02-29 18:00:00,39,Bundesliga,Germany,2023,24,Hannover-Burgdorf,Stuttgart,320,329,33.0,30.0,14.0,17.0,FT,True,home
147711,2024-02-29,2024-02-29 19:30:00,39,Bundesliga,Germany,2023,24,Rhein-Neckar,Hamburg,327,319,34.0,36.0,16.0,17.0,FT,True,away
147710,2024-03-02,2024-03-02 18:00:00,39,Bundesliga,Germany,2023,24,Kiel,HBW Balingen-Weilstetten,321,317,36.0,29.0,16.0,12.0,FT,True,home
147714,2024-03-02,2024-03-02 18:00:00,39,Bundesliga,Germany,2023,24,HSG Wetzlar,Flensburg-H.,318,314,30.0,31.0,15.0,19.0,FT,True,away
147716,2024-03-02,2024-03-02 19:30:00,39,Bundesliga,Germany,2023,24,Gummersbach,SC Magdeburg,339,328,30.0,38.0,14.0,17.0,FT,True,away
147715,2024-03-03,2024-03-03 14:00:00,39,Bundesliga,Germany,2023,24,Fuchse Berlin,Erlangen,315,313,39.0,32.0,20.0,15.0,FT,True,home
147676,2024-03-03,2024-03-03 15:30:00,39,Bundesliga,Germany,2023,20,Leipzig,MT Melsungen,322,324,32.0,27.0,16.0,13.0,FT,True,home
147717,2024-03-04,2024-03-04 18:00:00,39,Bundesliga,Germany,2023,24,Goppingen,Lemgo,316,323,26.0,32.0,14.0,14.0,FT,True,away
147725,2024-03-07,2024-03-07 18:00:00,39,Bundesliga,Germany,2023,25,Lemgo,HSG Wetzlar,323,318,31.0,23.0,13.0,9.0,FT,True,home
147727,2024-03-07,2024-03-07 18:00:00,39,Bundesliga,Germany,2023,25,Stuttgart,Leipzig,329,322,25.0,27.0,10.0,16.0,FT,True,away
147724,2024-03-08,2024-03-08 18:00:00,39,Bundesliga,Germany,2023,25,HBW Balingen-Weilstetten,MT Melsungen,317,324,22.0,25.0,10.0,12.0,FT,True,away
147721,2024-03-08,2024-03-08 19:00:00,39,Bundesliga,Germany,2023,25,Eisenach,Hannover-Burgdorf,335,320,31.0,31.0,11.0,14.0,FT,True,draw
147722,2024-03-09,2024-03-09 18:00:00,39,Bundesliga,Germany,2023,25,Erlangen,Rhein-Neckar,313,327,28.0,23.0,14.0,11.0,FT,True,home
147723,2024-03-10,2024-03-10 14:00:00,39,Bundesliga,Germany,2023,25,Flensburg-H.,Goppingen,314,316,35.0,30.0,17.0,16.0,FT,True,home
147726,2024-03-10,2024-03-10 15:00:00,39,Bundesliga,Germany,2023,25,SC Magdeburg,Fuchse Berlin,328,315,31.0,28.0,16.0,15.0,FT,True,home
147720,2024-03-10,2024-03-10 15:30:00,39,Bundesliga,Germany,2023,25,Bergischer,Gummersbach,312,339,24.0,31.0,15.0,15.0,FT,True,away
147733,2024-03-21,2024-03-21 18:00:00,39,Bundesliga,Germany,2023,26,Hannover-Burgdorf,HBW Balingen-Weilstetten,320,317,35.0,26.0,13.0,10.0,FT,True,home
147785,2024-03-21,2024-03-21 18:00:00,39,Bundesliga,Germany,2023,32,SC Magdeburg,Erlangen,328,313,27.0,22.0,15.0,13.0,FT,True,home
147730,2024-03-21,2024-03-21 19:00:00,39,Bundesliga,Germany,2023,26,Rhein-Neckar,Fuchse Berlin,327,315,28.0,36.0,11.0,14.0,FT,True,away
147732,2024-03-22,2024-03-22 19:00:00,39,Bundesliga,Germany,2023,26,MT Melsungen,Lemgo,324,323,26.0,25.0,13.0,11.0,FT,True,home
147731,2024-03-23,2024-03-23 14:40:00,39,Bundesliga,Germany,2023,26,Kiel,Flensburg-H.,321,314,26.0,33.0,10.0,13.0,FT,True,away
147729,2024-03-23,2024-03-23 18:00:00,39,Bundesliga,Germany,2023,26,HSG Wetzlar,Hamburg,318,319,25.0,27.0,12.0,10.0,FT,True,away
147728,2024-03-24,2024-03-24 14:00:00,39,Bundesliga,Germany,2023,26,Leipzig,Eisenach,322,335,29.0,31.0,14.0,13.0,FT,True,away
147681,2024-03-24,2024-03-24 15:30:00,39,Bundesliga,Germany,2023,20,Fuchse Berlin,HBW Balingen-Weilstetten,315,317,35.0,34.0,18.0,16.0,FT,True,home
147734,2024-03-24,2024-03-24 15:30:00,39,Bundesliga,Germany,2023,26,Goppingen,Erlangen,316,313,32.0,29.0,16.0,16.0,FT,True,home
147737,2024-03-24,2024-03-24 15:30:00,39,Bundesliga,Germany,2023,26,Gummersbach,Stuttgart,339,329,35.0,27.0,17.0,16.0,FT,True,home
147736,2024-03-24,2024-03-24 17:00:00,39,Bundesliga,Germany,2023,26,Bergischer,SC Magdeburg,312,328,27.0,30.0,12.0,17.0,FT,True,away
147739,2024-03-28,2024-03-28 18:00:00,39,Bundesliga,Germany,2023,27,Stuttgart,Bergischer,329,312,27.0,26.0,11.0,11.0,FT,True,home
147738,2024-03-30,2024-03-30 18:00:00,39,Bundesliga,Germany,2023,27,HBW Balingen-Weilstetten,Leipzig,317,322,17.0,25.0,6.0,13.0,FT,True,away
147744,2024-03-30,2024-03-30 19:30:00,39,Bundesliga,Germany,2023,27,Flensburg-H.,Hannover-Burgdorf,314,320,31.0,28.0,17.0,12.0,FT,True,home
147745,2024-03-31,2024-03-31 13:00:00,39,Bundesliga,Germany,2023,27,Erlangen,Gummersbach,313,339,31.0,34.0,15.0,17.0,FT,True,away
147746,2024-03-31,2024-03-31 14:00:00,39,Bundesliga,Germany,2023,27,Eisenach,SC Magdeburg,335,328,25.0,35.0,13.0,22.0,FT,True,away
147740,2024-03-31,2024-03-31 14:30:00,39,Bundesliga,Germany,2023,27,Rhein-Neckar,Goppingen,327,316,33.0,29.0,15.0,11.0,FT,True,home
147743,2024-03-31,2024-03-31 14:30:00,39,Bundesliga,Germany,2023,27,Fuchse Berlin,HSG Wetzlar,315,318,32.0,30.0,17.0,16.0,FT,True,home
147741,2024-03-31,2024-03-31 16:00:00,39,Bundesliga,Germany,2023,27,Lemgo,Kiel,323,321,27.0,28.0,13.0,14.0,FT,True,away
147742,2024-04-01,2024-04-01 14:30:00,39,Bundesliga,Germany,2023,27,Hamburg,MT Melsungen,319,324,29.0,22.0,13.0,12.0,FT,True,home
147754,2024-04-04,2024-04-04 17:00:00,39,Bundesliga,Germany,2023,28,Goppingen,Fuchse Berlin,316,315,27.0,32.0,15.0,14.0,FT,True,away
147753,2024-04-05,2024-04-05 17:00:00,39,Bundesliga,Germany,2023,28,Gummersbach,HBW Balingen-Weilstetten,339,317,33.0,25.0,14.0,12.0,FT,True,home
147751,2024-04-05,2024-04-05 18:00:00,39,Bundesliga,Germany,2023,28,Hannover-Burgdorf,Hamburg,320,319,25.0,26.0,11.0,12.0,FT,True,away
147747,2024-04-06,2024-04-06 17:00:00,39,Bundesliga,Germany,2023,28,Kiel,Erlangen,321,313,31.0,27.0,12.0,16.0,FT,True,home
147749,2024-04-06,2024-04-06 18:30:00,39,Bundesliga,Germany,2023,28,MT Melsungen,Flensburg-H.,324,314,25.0,25.0,13.0,10.0,FT,True,draw
147755,2024-04-07,2024-04-07 13:00:00,39,Bundesliga,Germany,2023,28,Bergischer,Eisenach,312,335,27.0,30.0,14.0,16.0,FT,True,away
147748,2024-04-07,2024-04-07 14:30:00,39,Bundesliga,Germany,2023,28,SC Magdeburg,Stuttgart,328,329,40.0,31.0,19.0,18.0,FT,True,home
147750,2024-04-07,2024-04-07 14:30:00,39,Bundesliga,Germany,2023,28,Leipzig,Lemgo,322,323,29.0,28.0,12.0,16.0,FT,True,home
147752,2024-04-07,2024-04-07 16:00:00,39,Bundesliga,Germany,2023,28,HSG Wetzlar,Rhein-Neckar,318,327,30.0,27.0,12.0,12.0,FT,True,home
147688,2024-04-12,2024-04-12 17:00:00,39,Bundesliga,Germany,2023,21,Leipzig,Hannover-Burgdorf,322,320,26.0,27.0,12.0,12.0,FT,True,away
147675,2024-04-12,2024-04-12 18:00:00,39,Bundesliga,Germany,2023,20,Rhein-Neckar,Bergischer,327,312,35.0,29.0,19.0,16.0,FT,True,home
147719,2024-04-12,2024-04-12 18:00:00,39,Bundesliga,Germany,2023,25,Hamburg,Kiel,319,321,28.0,28.0,15.0,16.0,FT,True,draw
147760,2024-04-18,2024-04-18 17:00:00,39,Bundesliga,Germany,2023,29,Goppingen,HSG Wetzlar,316,318,32.0,27.0,16.0,13.0,FT,True,home
147763,2024-04-18,2024-04-18 17:00:00,39,Bundesliga,Germany,2023,29,Lemgo,Hannover-Burgdorf,323,320,28.0,23.0,14.0,10.0,FT,True,home
147764,2024-04-18,2024-04-18 17:00:00,39,Bundesliga,Germany,2023,29,Rhein-Neckar,MT Melsungen,327,324,23.0,28.0,14.0,13.0,FT,True,away
147762,2024-04-19,2024-04-19 17:00:00,39,Bundesliga,Germany,2023,29,HBW Balingen-Weilstetten,Bergischer,317,312,21.0,25.0,12.0,11.0,FT,True,away
147758,2024-04-19,2024-04-19 18:00:00,39,Bundesliga,Germany,2023,29,Flensburg-H.,SC Magdeburg,314,328,29.0,32.0,15.0,19.0,FT,True,away
147756,2024-04-20,2024-04-20 17:00:00,39,Bundesliga,Germany,2023,29,Eisenach,Stuttgart,335,329,33.0,28.0,17.0,14.0,FT,True,home
147759,2024-04-21,2024-04-21 12:05:00,39,Bundesliga,Germany,2023,29,Fuchse Berlin,Kiel,315,321,32.0,32.0,18.0,18.0,FT,True,draw
147761,2024-04-21,2024-04-21 13:00:00,39,Bundesliga,Germany,2023,29,Hamburg,Gummersbach,319,339,33.0,33.0,18.0,17.0,FT,True,draw
147757,2024-04-21,2024-04-21 14:30:00,39,Bundesliga,Germany,2023,29,Erlangen,Leipzig,313,322,26.0,29.0,14.0,15.0,FT,True,away
147765,2024-04-26,2024-04-26 17:00:00,39,Bundesliga,Germany,2023,30,Leipzig,Flensburg-H.,322,314,32.0,35.0,18.0,18.0,FT,True,away
147770,2024-04-26,2024-04-26 18:00:00,39,Bundesliga,Germany,2023,30,Eisenach,Lemgo,335,323,25.0,30.0,11.0,16.0,FT,True,away
147771,2024-04-26,2024-04-26 18:00:00,39,Bundesliga,Germany,2023,30,Hannover-Burgdorf,Goppingen,320,316,33.0,26.0,16.0,11.0,FT,True,home
147772,2024-04-27,2024-04-27 17:00:00,39,Bundesliga,Germany,2023,30,Gummersbach,HSG Wetzlar,339,318,35.0,28.0,18.0,10.0,FT,True,home
147767,2024-04-27,2024-04-27 18:30:00,39,Bundesliga,Germany,2023,30,MT Melsungen,Fuchse Berlin,324,315,30.0,28.0,13.0,13.0,FT,True,home
147766,2024-04-28,2024-04-28 13:00:00,39,Bundesliga,Germany,2023,30,Stuttgart,Hamburg,329,319,35.0,26.0,17.0,12.0,FT,True,home
147773,2024-04-28,2024-04-28 14:30:00,39,Bundesliga,Germany,2023,30,Bergischer,Erlangen,312,313,28.0,25.0,13.0,11.0,FT,True,home
147774,2024-05-01,2024-05-01 17:00:00,39,Bundesliga,Germany,2023,31,Erlangen,MT Melsungen,313,324,31.0,31.0,17.0,12.0,FT,True,draw
147777,2024-05-02,2024-05-02 17:00:00,39,Bundesliga,Germany,2023,31,Hamburg,Bergischer,319,312,32.0,30.0,15.0,18.0,FT,True,home
147782,2024-05-03,2024-05-03 17:00:00,39,Bundesliga,Germany,2023,31,Goppingen,Leipzig,316,322,27.0,30.0,10.0,18.0,FT,True,away
147778,2024-05-03,2024-05-03 18:00:00,39,Bundesliga,Germany,2023,31,HBW Balingen-Weilstetten,Eisenach,317,335,21.0,34.0,8.0,14.0,FT,True,away
147775,2024-05-04,2024-05-04 17:00:00,39,Bundesliga,Germany,2023,31,Flensburg-H.,Stuttgart,314,329,39.0,31.0,16.0,14.0,FT,True,home
147781,2024-05-04,2024-05-04 18:30:00,39,Bundesliga,Germany,2023,31,Rhein-Neckar,Hannover-Burgdorf,327,320,27.0,29.0,17.0,15.0,FT,True,away
147776,2024-05-05,2024-05-05 13:00:00,39,Bundesliga,Germany,2023,31,Fuchse Berlin,Gummersbach,315,339,29.0,26.0,16.0,12.0,FT,True,home
147779,2024-05-05,2024-05-05 14:30:00,39,Bundesliga,Germany,2023,31,HSG Wetzlar,Kiel,318,321,27.0,29.0,14.0,13.0,FT,True,away
147780,2024-05-05,2024-05-05 16:00:00,39,Bundesliga,Germany,2023,31,Lemgo,SC Magdeburg,323,328,28.0,34.0,12.0,11.0,FT,True,away
147679,2024-05-15,2024-05-15 17:00:00,39,Bundesliga,Germany,2023,20,Hamburg,Flensburg-H.,319,314,30.0,41.0,11.0,18.0,FT,True,away
147769,2024-05-16,2024-05-16 17:00:00,39,Bundesliga,Germany,2023,30,Kiel,Rhein-Neckar,321,327,26.0,30.0,10.0,12.0,FT,True,away
147786,2024-05-17,2024-05-17 17:00:00,39,Bundesliga,Germany,2023,32,MT Melsungen,HSG Wetzlar,324,318,21.0,23.0,11.0,12.0,FT,True,away
147784,2024-05-17,2024-05-17 18:00:00,39,Bundesliga,Germany,2023,32,Stuttgart,HBW Balingen-Weilstetten,329,317,30.0,27.0,14.0,12.0,FT,True,home
147783,2024-05-18,2024-05-18 16:00:00,39,Bundesliga,Germany,2023,32,Leipzig,Hamburg,322,319,39.0,27.0,21.0,16.0,FT,True,home
147606,2024-05-18,2024-05-18 17:00:00,39,Bundesliga,Germany,2023,12,Erlangen,SC Magdeburg,313,328,27.0,32.0,14.0,17.0,FT,True,away
147789,2024-05-18,2024-05-18 17:00:00,39,Bundesliga,Germany,2023,32,Eisenach,Flensburg-H.,335,314,28.0,27.0,14.0,13.0,FT,True,home
147791,2024-05-18,2024-05-18 17:00:00,39,Bundesliga,Germany,2023,32,Hannover-Burgdorf,Fuchse Berlin,320,315,25.0,28.0,13.0,14.0,FT,True,away
147788,2024-05-19,2024-05-19 13:00:00,39,Bundesliga,Germany,2023,32,Gummersbach,Rhein-Neckar,339,327,31.0,26.0,15.0,15.0,FT,True,home
147790,2024-05-19,2024-05-19 14:30:00,39,Bundesliga,Germany,2023,32,Bergischer,Lemgo,312,323,31.0,31.0,15.0,16.0,FT,True,draw
147787,2024-05-20,2024-05-20 17:00:00,39,Bundesliga,Germany,2023,32,Kiel,Goppingen,321,316,32.0,27.0,17.0,13.0,FT,True,home
147768,2024-05-23,2024-05-23 17:00:00,39,Bundesliga,Germany,2023,30,SC Magdeburg,HBW Balingen-Weilstetten,328,317,43.0,29.0,22.0,13.0,FT,True,home
147703,2024-05-26,2024-05-26 14:00:00,39,Bundesliga,Germany,2023,23,SC Magdeburg,Leipzig,328,322,30.0,28.0,17.0,13.0,FT,True,home
147668,2024-05-26,2024-05-26 14:30:00,39,Bundesliga,Germany,2023,19,Gummersbach,Kiel,339,321,40.0,29.0,21.0,10.0,FT,True,home
147792,2024-05-29,2024-05-29 17:00:00,39,Bundesliga,Germany,2023,33,HSG Wetzlar,Hannover-Burgdorf,318,320,32.0,32.0,19.0,14.0,FT,True,draw
147794,2024-05-29,2024-05-29 17:00:00,39,Bundesliga,Germany,2023,33,Lemgo,HBW Balingen-Weilstetten,323,317,37.0,27.0,19.0,11.0,FT,True,home
147795,2024-05-29,2024-05-29 17:00:00,39,Bundesliga,Germany,2023,33,Kiel,Leipzig,321,322,37.0,28.0,15.0,16.0,FT,True,home
147796,2024-05-29,2024-05-29 17:00:00,39,Bundesliga,Germany,2023,33,Hamburg,Eisenach,319,335,33.0,29.0,19.0,13.0,FT,True,home
147800,2024-05-29,2024-05-29 17:00:00,39,Bundesliga,Germany,2023,33,Erlangen,Stuttgart,313,329,26.0,23.0,13.0,12.0,FT,True,home
147797,2024-05-29,2024-05-29 18:30:00,39,Bundesliga,Germany,2023,33,Goppingen,MT Melsungen,316,324,22.0,32.0,10.0,15.0,FT,True,away
147799,2024-05-30,2024-05-30 17:00:00,39,Bundesliga,Germany,2023,33,Flensburg-H.,Gummersbach,314,339,28.0,34.0,15.0,15.0,FT,True,away
147793,2024-05-30,2024-05-30 18:30:00,39,Bundesliga,Germany,2023,33,Rhein-Neckar,SC Magdeburg,327,328,21.0,34.0,11.0,19.0,FT,True,away
147798,2024-05-30,2024-05-30 18:30:00,39,Bundesliga,Germany,2023,33,Fuchse Berlin,Bergischer,315,312,29.0,30.0,16.0,15.0,FT,True,away
147801,2024-06-02,2024-06-02 14:30:00,39,Bundesliga,Germany,2023,34,Bergischer,Flensburg-H.,312,314,30.0,40.0,14.0,16.0,FT,True,away
147802,2024-06-02,2024-06-02 14:30:00,39,Bundesliga,Germany,2023,34,Eisenach,Fuchse Berlin,335,315,27.0,31.0,13.0,15.0,FT,True,away
147803,2024-06-02,2024-06-02 14:30:00,39,Bundesliga,Germany,2023,34,Gummersbach,Goppingen,339,316,33.0,32.0,15.0,11.0,FT,True,home
147804,2024-06-02,2024-06-02 14:30:00,39,Bundesliga,Germany,2023,34,Hannover-Burgdorf,Erlangen,320,313,27.0,23.0,11.0,13.0,FT,True,home
147805,2024-06-02,2024-06-02 14:30:00,39,Bundesliga,Germany,2023,34,HBW Balingen-Weilstetten,Hamburg,317,319,37.0,30.0,19.0,13.0,FT,True,home
147806,2024-06-02,2024-06-02 14:30:00,39,Bundesliga,Germany,2023,34,Leipzig,Rhein-Neckar,322,327,29.0,24.0,16.0,14.0,FT,True,home
147807,2024-06-02,2024-06-02 14:30:00,39,Bundesliga,Germany,2023,34,MT Melsungen,Kiel,324,321,23.0,23.0,16.0,11.0,FT,True,draw
147808,2024-06-02,2024-06-02 14:30:00,39,Bundesliga,Germany,2023,34,SC Magdeburg,HSG Wetzlar,328,318,37.0,34.0,17.0,16.0,FT,True,home
147809,2024-06-02,2024-06-02 14:30:00,39,Bundesliga,Germany,2023,34,Stuttgart,Lemgo,329,323,29.0,27.0,9.0,13.0,FT,True,home
149188,2023-08-26,2023-08-26 16:00:00,49,NB I,Hungary,2023,4,Telekom Veszprem,Gyongyosi,419,413,49.0,31.0,22.0,12.0,FT,True,home
149167,2023-08-30,2023-08-30 16:45:00,49,NB I,Hungary,2023,1,Telekom Veszprem,Csurgoi,419,409,40.0,29.0,19.0,12.0,FT,True,home
149171,2023-09-01,2023-09-01 15:00:00,49,NB I,Hungary,2023,1,Szeged,Gyongyosi,417,413,37.0,28.0,17.0,12.0,FT,True,home
149170,2023-09-01,2023-09-01 16:00:00,49,NB I,Hungary,2023,1,PLER,Tatabanya,447,418,19.0,27.0,9.0,17.0,FT,True,away
149168,2023-09-02,2023-09-02 15:00:00,49,NB I,Hungary,2023,1,Budakalasz,Ferencvaros,408,412,22.0,36.0,10.0,17.0,FT,True,away
149166,2023-09-02,2023-09-02 16:00:00,49,NB I,Hungary,2023,1,Eger,Balatonfuredi,411,407,26.0,25.0,10.0,13.0,FT,True,home
149169,2023-09-02,2023-09-02 16:00:00,49,NB I,Hungary,2023,1,NEKA,Komloi,416,415,21.0,20.0,13.0,13.0,FT,True,home
149172,2023-09-02,2023-09-02 16:00:00,49,NB I,Hungary,2023,1,Dabas,Veszpremi KKFT,410,420,34.0,29.0,17.0,14.0,FT,True,home
149178,2023-09-08,2023-09-08 16:15:00,49,NB I,Hungary,2023,2,Ferencvaros,Szeged,412,417,34.0,36.0,17.0,18.0,FT,True,away
149173,2023-09-09,2023-09-09 16:00:00,49,NB I,Hungary,2023,2,Csurgoi,Eger,409,411,35.0,26.0,18.0,11.0,FT,True,home
149174,2023-09-09,2023-09-09 16:00:00,49,NB I,Hungary,2023,2,Komloi,Budakalasz,415,408,22.0,24.0,10.0,11.0,FT,True,away
149175,2023-09-09,2023-09-09 16:00:00,49,NB I,Hungary,2023,2,Tatabanya,Telekom Veszprem,418,419,24.0,31.0,13.0,17.0,FT,True,away
149176,2023-09-09,2023-09-09 16:00:00,49,NB I,Hungary,2023,2,Veszpremi KKFT,NEKA,420,416,25.0,29.0,15.0,13.0,FT,True,away
149177,2023-09-09,2023-09-09 16:00:00,49,NB I,Hungary,2023,2,Gyongyosi,PLER,413,447,32.0,27.0,18.0,15.0,FT,True,home
149179,2023-09-09,2023-09-09 16:00:00,49,NB I,Hungary,2023,2,Balatonfuredi,Dabas,407,410,31.0,30.0,16.0,14.0,FT,True,home
149183,2023-09-15,2023-09-15 16:00:00,49,NB I,Hungary,2023,3,Eger,Tatabanya,411,418,28.0,29.0,15.0,16.0,FT,True,away
149180,2023-09-16,2023-09-16 15:00:00,49,NB I,Hungary,2023,3,Budakalasz,Veszpremi KKFT,408,420,28.0,29.0,14.0,14.0,FT,True,away
149181,2023-09-16,2023-09-16 16:00:00,49,NB I,Hungary,2023,3,Telekom Veszprem,PLER,419,447,37.0,21.0,21.0,10.0,FT,True,home
149182,2023-09-16,2023-09-16 16:00:00,49,NB I,Hungary,2023,3,Dabas,Csurgoi,410,409,21.0,29.0,8.0,17.0,FT,True,away
149185,2023-09-16,2023-09-16 16:00:00,49,NB I,Hungary,2023,3,NEKA,Balatonfuredi,416,407,24.0,22.0,14.0,13.0,FT,True,home
149186,2023-09-16,2023-09-16 16:00:00,49,NB I,Hungary,2023,3,Szeged,Komloi,417,415,37.0,24.0,17.0,14.0,FT,True,home
149184,2023-09-16,2023-09-16 16:30:00,49,NB I,Hungary,2023,3,Gyongyosi,Ferencvaros,413,412,29.0,35.0,14.0,18.0,FT,True,away
149190,2023-09-22,2023-09-22 16:00:00,49,NB I,Hungary,2023,4,PLER,Eger,447,411,30.0,32.0,13.0,17.0,FT,True,away
149189,2023-09-22,2023-09-22 16:30:00,49,NB I,Hungary,2023,4,Tatabanya,Dabas,418,410,36.0,29.0,18.0,16.0,FT,True,home
149187,2023-09-23,2023-09-23 16:00:00,49,NB I,Hungary,2023,4,Veszpremi KKFT,Szeged,420,417,26.0,34.0,13.0,17.0,FT,True,away
149191,2023-09-23,2023-09-23 16:00:00,49,NB I,Hungary,2023,4,Komloi,Ferencvaros,415,412,26.0,30.0,13.0,13.0,FT,True,away
149193,2023-09-23,2023-09-23 16:00:00,49,NB I,Hungary,2023,4,Csurgoi,NEKA,409,416,34.0,31.0,18.0,17.0,FT,True,home
149192,2023-09-24,2023-09-24 16:00:00,49,NB I,Hungary,2023,4,Balatonfuredi,Budakalasz,407,408,27.0,26.0,11.0,16.0,FT,True,home
149210,2023-10-04,2023-10-04 15:00:00,49,NB I,Hungary,2023,7,Szeged,Tatabanya,417,418,39.0,30.0,20.0,15.0,FT,True,home
149194,2023-10-04,2023-10-04 16:45:00,49,NB I,Hungary,2023,10,Telekom Veszprem,Ferencvaros,419,412,45.0,34.0,25.0,18.0,FT,True,home
149195,2023-10-06,2023-10-06 16:00:00,49,NB I,Hungary,2023,5,Eger,Telekom Veszprem,411,419,22.0,51.0,9.0,25.0,FT,True,away
149196,2023-10-07,2023-10-07 15:00:00,49,NB I,Hungary,2023,5,Budakalasz,Csurgoi,408,409,36.0,28.0,19.0,13.0,FT,True,home
149198,2023-10-07,2023-10-07 16:00:00,49,NB I,Hungary,2023,5,Szeged,Balatonfuredi,417,407,36.0,23.0,19.0,11.0,FT,True,home
149199,2023-10-07,2023-10-07 16:00:00,49,NB I,Hungary,2023,5,Gyongyosi,Komloi,413,415,30.0,24.0,14.0,13.0,FT,True,home
149201,2023-10-07,2023-10-07 16:00:00,49,NB I,Hungary,2023,5,Dabas,PLER,410,447,25.0,25.0,10.0,11.0,FT,True,draw
149197,2023-10-07,2023-10-07 17:00:00,49,NB I,Hungary,2023,5,NEKA,Tatabanya,416,418,25.0,27.0,15.0,16.0,FT,True,away
149200,2023-10-08,2023-10-08 16:30:00,49,NB I,Hungary,2023,5,Ferencvaros,Veszpremi KKFT,412,420,33.0,28.0,18.0,16.0,FT,True,home
149206,2023-10-13,2023-10-13 16:00:00,49,NB I,Hungary,2023,6,PLER,NEKA,447,416,22.0,29.0,11.0,14.0,FT,True,away
149207,2023-10-13,2023-10-13 16:30:00,49,NB I,Hungary,2023,6,Tatabanya,Budakalasz,418,408,33.0,25.0,19.0,13.0,FT,True,home
149202,2023-10-14,2023-10-14 16:00:00,49,NB I,Hungary,2023,6,Veszpremi KKFT,Komloi,420,415,25.0,29.0,12.0,15.0,FT,True,away
149205,2023-10-14,2023-10-14 16:00:00,49,NB I,Hungary,2023,6,Eger,Gyongyosi,411,413,31.0,28.0,19.0,16.0,FT,True,home
149208,2023-10-14,2023-10-14 16:00:00,49,NB I,Hungary,2023,6,Telekom Veszprem,Dabas,419,410,44.0,25.0,23.0,13.0,FT,True,home
149203,2023-10-15,2023-10-15 12:45:00,49,NB I,Hungary,2023,6,Balatonfuredi,Ferencvaros,407,412,34.0,30.0,15.0,16.0,FT,True,home
149204,2023-10-15,2023-10-15 15:00:00,49,NB I,Hungary,2023,6,Csurgoi,Szeged,409,417,24.0,31.0,11.0,16.0,FT,True,away
149214,2023-10-19,2023-10-19 16:00:00,49,NB I,Hungary,2023,7,Ferencvaros,Csurgoi,412,409,24.0,24.0,11.0,11.0,FT,True,draw
149215,2023-10-21,2023-10-21 15:00:00,49,NB I,Hungary,2023,7,Budakalasz,PLER,408,447,29.0,19.0,12.0,7.0,FT,True,home
149209,2023-10-21,2023-10-21 16:00:00,49,NB I,Hungary,2023,7,Komloi,Balatonfuredi,415,407,24.0,30.0,12.0,16.0,FT,True,away
149211,2023-10-21,2023-10-21 16:00:00,49,NB I,Hungary,2023,7,NEKA,Telekom Veszprem,416,419,32.0,40.0,20.0,23.0,FT,True,away
149212,2023-10-21,2023-10-21 16:00:00,49,NB I,Hungary,2023,7,Dabas,Eger,410,411,30.0,24.0,16.0,13.0,FT,True,home
149213,2023-10-21,2023-10-21 16:00:00,49,NB I,Hungary,2023,7,Gyongyosi,Veszpremi KKFT,413,420,34.0,30.0,19.0,17.0,FT,True,home
149216,2023-10-28,2023-10-28 16:00:00,49,NB I,Hungary,2023,8,Telekom Veszprem,Budakalasz,419,408,47.0,28.0,23.0,15.0,FT,True,home
149217,2023-10-28,2023-10-28 16:00:00,49,NB I,Hungary,2023,8,Csurgoi,Komloi,409,415,25.0,28.0,12.0,14.0,FT,True,away
149218,2023-10-28,2023-10-28 16:00:00,49,NB I,Hungary,2023,8,PLER,Szeged,447,417,30.0,35.0,17.0,17.0,FT,True,away
149220,2023-10-28,2023-10-28 16:00:00,49,NB I,Hungary,2023,8,Eger,NEKA,411,416,25.0,23.0,14.0,13.0,FT,True,home
149221,2023-10-28,2023-10-28 16:00:00,49,NB I,Hungary,2023,8,Dabas,Gyongyosi,410,413,29.0,31.0,12.0,15.0,FT,True,away
149222,2023-10-28,2023-10-28 16:00:00,49,NB I,Hungary,2023,8,Balatonfuredi,Veszpremi KKFT,407,420,27.0,19.0,15.0,11.0,FT,True,home
149219,2023-10-29,2023-10-29 13:15:00,49,NB I,Hungary,2023,8,Tatabanya,Ferencvaros,418,412,29.0,24.0,15.0,13.0,FT,True,home
149225,2023-11-10,2023-11-10 17:00:00,49,NB I,Hungary,2023,9,Ferencvaros,PLER,412,447,40.0,34.0,24.0,20.0,FT,True,home
149223,2023-11-11,2023-11-11 16:00:00,49,NB I,Hungary,2023,9,Budakalasz,Eger,408,411,24.0,23.0,11.0,9.0,FT,True,home
149229,2023-11-11,2023-11-11 16:00:00,49,NB I,Hungary,2023,9,Szeged,Telekom Veszprem,417,419,25.0,30.0,13.0,15.0,FT,True,away
149224,2023-11-11,2023-11-11 17:00:00,49,NB I,Hungary,2023,9,Veszpremi KKFT,Csurgoi,420,409,28.0,32.0,13.0,18.0,FT,True,away
149226,2023-11-11,2023-11-11 17:00:00,49,NB I,Hungary,2023,9,Gyongyosi,Balatonfuredi,413,407,29.0,27.0,15.0,12.0,FT,True,home
149227,2023-11-11,2023-11-11 17:00:00,49,NB I,Hungary,2023,9,Komloi,Tatabanya,415,418,32.0,29.0,12.0,12.0,FT,True,home
149228,2023-11-11,2023-11-11 17:00:00,49,NB I,Hungary,2023,9,NEKA,Dabas,416,410,22.0,26.0,10.0,13.0,FT,True,away
149231,2023-11-17,2023-11-17 17:00:00,49,NB I,Hungary,2023,10,PLER,Komloi,447,415,30.0,28.0,16.0,15.0,FT,True,home
149230,2023-11-18,2023-11-18 17:00:00,49,NB I,Hungary,2023,10,Csurgoi,Balatonfuredi,409,407,30.0,28.0,14.0,12.0,FT,True,home
149234,2023-11-18,2023-11-18 17:00:00,49,NB I,Hungary,2023,10,Dabas,Budakalasz,410,408,30.0,21.0,16.0,9.0,FT,True,home
149235,2023-11-18,2023-11-18 17:00:00,49,NB I,Hungary,2023,10,Szeged,Eger,417,411,42.0,28.0,16.0,13.0,FT,True,home
149232,2023-11-18,2023-11-18 17:30:00,49,NB I,Hungary,2023,10,Tatabanya,Veszpremi KKFT,418,420,34.0,29.0,15.0,15.0,FT,True,home
149233,2023-11-18,2023-11-18 18:00:00,49,NB I,Hungary,2023,10,NEKA,Gyongyosi,416,413,29.0,28.0,14.0,14.0,FT,True,home
149239,2023-11-22,2023-11-22 17:00:00,49,NB I,Hungary,2023,11,Ferencvaros,Eger,412,411,37.0,20.0,16.0,8.0,FT,True,home
149240,2023-11-24,2023-11-24 17:00:00,49,NB I,Hungary,2023,11,Gyongyosi,Csurgoi,413,409,26.0,26.0,12.0,13.0,FT,True,draw
149238,2023-11-25,2023-11-25 16:00:00,49,NB I,Hungary,2023,11,Budakalasz,NEKA,408,416,31.0,28.0,17.0,12.0,FT,True,home
149236,2023-11-25,2023-11-25 17:00:00,49,NB I,Hungary,2023,11,Telekom Veszprem,Komloi,419,415,40.0,24.0,16.0,13.0,FT,True,home
149241,2023-11-25,2023-11-25 17:00:00,49,NB I,Hungary,2023,11,Szeged,Dabas,417,410,38.0,33.0,20.0,22.0,FT,True,home
149242,2023-11-25,2023-11-25 17:00:00,49,NB I,Hungary,2023,11,Veszpremi KKFT,PLER,420,447,23.0,34.0,8.0,18.0,FT,True,away
149237,2023-11-26,2023-11-26 16:00:00,49,NB I,Hungary,2023,11,Balatonfuredi,Tatabanya,407,418,21.0,22.0,11.0,11.0,FT,True,away
149246,2023-11-29,2023-11-29 17:00:00,49,NB I,Hungary,2023,12,Dabas,Ferencvaros,410,412,32.0,28.0,16.0,18.0,FT,True,home
149247,2023-12-01,2023-12-01 17:00:00,49,NB I,Hungary,2023,12,NEKA,Szeged,416,417,30.0,39.0,12.0,21.0,FT,True,away
149249,2023-12-02,2023-12-02 16:00:00,49,NB I,Hungary,2023,12,Budakalasz,Gyongyosi,408,413,31.0,26.0,14.0,9.0,FT,True,home
149243,2023-12-02,2023-12-02 17:00:00,49,NB I,Hungary,2023,12,Telekom Veszprem,Veszpremi KKFT,419,420,54.0,27.0,28.0,15.0,FT,True,home
149244,2023-12-02,2023-12-02 17:00:00,49,NB I,Hungary,2023,12,PLER,Balatonfuredi,447,407,31.0,28.0,22.0,13.0,FT,True,home
149248,2023-12-02,2023-12-02 17:00:00,49,NB I,Hungary,2023,12,Eger,Komloi,411,415,28.0,24.0,15.0,14.0,FT,True,home
149245,2023-12-02,2023-12-02 17:30:00,49,NB I,Hungary,2023,12,Tatabanya,Csurgoi,418,409,25.0,33.0,8.0,17.0,FT,True,away
149256,2023-12-08,2023-12-08 17:00:00,49,NB I,Hungary,2023,13,Szeged,Budakalasz,417,408,39.0,29.0,19.0,16.0,FT,True,home
149254,2023-12-09,2023-12-09 13:00:00,49,NB I,Hungary,2023,13,Gyongyosi,Tatabanya,413,418,25.0,26.0,16.0,13.0,FT,True,away
149255,2023-12-09,2023-12-09 16:00:00,49,NB I,Hungary,2023,13,Komloi,Dabas,415,410,33.0,26.0,16.0,9.0,FT,True,home
149250,2023-12-09,2023-12-09 17:00:00,49,NB I,Hungary,2023,13,Veszpremi KKFT,Eger,420,411,24.0,21.0,12.0,10.0,FT,True,home
149251,2023-12-09,2023-12-09 17:00:00,49,NB I,Hungary,2023,13,Balatonfuredi,Telekom Veszprem,407,419,21.0,46.0,10.0,23.0,FT,True,away
149252,2023-12-09,2023-12-09 17:00:00,49,NB I,Hungary,2023,13,Csurgoi,PLER,409,447,35.0,30.0,17.0,15.0,FT,True,home
149253,2023-12-09,2023-12-09 17:00:00,49,NB I,Hungary,2023,13,Ferencvaros,NEKA,412,416,28.0,23.0,12.0,9.0,FT,True,home
149257,2024-02-03,2024-02-03 17:00:00,49,NB I,Hungary,2023,14,Csurgoi,Telekom Veszprem,409,419,23.0,36.0,10.0,21.0,FT,True,away
149258,2024-02-03,2024-02-03 17:00:00,49,NB I,Hungary,2023,14,Balatonfuredi,Eger,407,411,29.0,17.0,16.0,8.0,FT,True,home
149259,2024-02-03,2024-02-03 17:00:00,49,NB I,Hungary,2023,14,Gyongyosi,Szeged,413,417,35.0,33.0,18.0,15.0,FT,True,home
149260,2024-02-03,2024-02-03 17:00:00,49,NB I,Hungary,2023,14,Komloi,NEKA,415,416,28.0,24.0,11.0,14.0,FT,True,home
149262,2024-02-03,2024-02-03 17:00:00,49,NB I,Hungary,2023,14,Veszpremi KKFT,Dabas,420,410,29.0,31.0,15.0,15.0,FT,True,away
149263,2024-02-03,2024-02-03 17:00:00,49,NB I,Hungary,2023,14,Ferencvaros,Budakalasz,412,408,33.0,32.0,14.0,12.0,FT,True,home
149261,2024-02-04,2024-02-04 17:30:00,49,NB I,Hungary,2023,14,Tatabanya,PLER,418,447,40.0,26.0,18.0,12.0,FT,True,home
149264,2024-02-10,2024-02-10 16:00:00,49,NB I,Hungary,2023,15,Budakalasz,Komloi,408,415,33.0,27.0,18.0,16.0,FT,True,home
149266,2024-02-10,2024-02-10 16:00:00,49,NB I,Hungary,2023,15,Telekom Veszprem,Tatabanya,419,418,34.0,31.0,14.0,11.0,FT,True,home
149265,2024-02-10,2024-02-10 17:00:00,49,NB I,Hungary,2023,15,Eger,Csurgoi,411,409,27.0,28.0,16.0,13.0,FT,True,away
149268,2024-02-10,2024-02-10 17:00:00,49,NB I,Hungary,2023,15,PLER,Gyongyosi,447,413,29.0,29.0,14.0,17.0,FT,True,draw
149270,2024-02-10,2024-02-10 17:00:00,49,NB I,Hungary,2023,15,Dabas,Balatonfuredi,410,407,21.0,22.0,12.0,10.0,FT,True,away
149269,2024-02-10,2024-02-10 18:00:00,49,NB I,Hungary,2023,15,NEKA,Veszpremi KKFT,416,420,31.0,27.0,12.0,14.0,FT,True,home
149271,2024-02-17,2024-02-17 17:00:00,49,NB I,Hungary,2023,16,Veszpremi KKFT,Budakalasz,420,408,25.0,30.0,10.0,17.0,FT,True,away
149272,2024-02-17,2024-02-17 17:00:00,49,NB I,Hungary,2023,16,Balatonfuredi,NEKA,407,416,28.0,24.0,14.0,14.0,FT,True,home
149273,2024-02-17,2024-02-17 17:00:00,49,NB I,Hungary,2023,16,Csurgoi,Dabas,409,410,28.0,30.0,14.0,13.0,FT,True,away
149275,2024-02-17,2024-02-17 17:00:00,49,NB I,Hungary,2023,16,Komloi,Szeged,415,417,29.0,35.0,11.0,15.0,FT,True,away
149276,2024-02-17,2024-02-17 17:00:00,49,NB I,Hungary,2023,16,PLER,Telekom Veszprem,447,419,23.0,36.0,11.0,20.0,FT,True,away
149277,2024-02-17,2024-02-17 17:30:00,49,NB I,Hungary,2023,16,Tatabanya,Eger,418,411,45.0,26.0,25.0,9.0,FT,True,home
149284,2024-02-23,2024-02-23 17:00:00,49,NB I,Hungary,2023,17,Ferencvaros,Komloi,412,415,40.0,28.0,18.0,16.0,FT,True,home
149282,2024-02-24,2024-02-24 14:30:00,49,NB I,Hungary,2023,17,Gyongyosi,Telekom Veszprem,413,419,33.0,41.0,18.0,23.0,FT,True,away
149278,2024-02-24,2024-02-24 16:00:00,49,NB I,Hungary,2023,17,Budakalasz,Balatonfuredi,408,407,27.0,21.0,16.0,12.0,FT,True,home
149279,2024-02-24,2024-02-24 17:00:00,49,NB I,Hungary,2023,17,NEKA,Csurgoi,416,409,21.0,29.0,14.0,13.0,FT,True,away
149280,2024-02-24,2024-02-24 17:00:00,49,NB I,Hungary,2023,17,Szeged,Veszpremi KKFT,417,420,42.0,28.0,22.0,12.0,FT,True,home
149281,2024-02-24,2024-02-24 17:00:00,49,NB I,Hungary,2023,17,Dabas,Tatabanya,410,418,30.0,35.0,16.0,17.0,FT,True,away
149283,2024-02-24,2024-02-24 17:00:00,49,NB I,Hungary,2023,17,Eger,PLER,411,447,28.0,24.0,15.0,11.0,FT,True,home
149274,2024-02-27,2024-02-27 17:00:00,49,NB I,Hungary,2023,16,Ferencvaros,Gyongyosi,412,413,35.0,30.0,20.0,18.0,FT,True,home
149288,2024-03-01,2024-03-01 17:00:00,49,NB I,Hungary,2023,18,PLER,Dabas,447,410,23.0,24.0,14.0,12.0,FT,True,away
149289,2024-03-01,2024-03-01 17:30:00,49,NB I,Hungary,2023,18,Tatabanya,NEKA,418,416,44.0,32.0,26.0,14.0,FT,True,home
149285,2024-03-02,2024-03-02 17:00:00,49,NB I,Hungary,2023,18,Csurgoi,Budakalasz,409,408,29.0,32.0,12.0,13.0,FT,True,away
149287,2024-03-02,2024-03-02 17:00:00,49,NB I,Hungary,2023,18,Veszpremi KKFT,Ferencvaros,420,412,32.0,41.0,15.0,19.0,FT,True,away
149290,2024-03-02,2024-03-02 17:00:00,49,NB I,Hungary,2023,18,Komloi,Gyongyosi,415,413,31.0,23.0,18.0,12.0,FT,True,home
149291,2024-03-02,2024-03-02 17:00:00,49,NB I,Hungary,2023,18,Balatonfuredi,Szeged,407,417,31.0,37.0,11.0,21.0,FT,True,away
149286,2024-03-10,2024-03-10 16:00:00,49,NB I,Hungary,2023,18,Telekom Veszprem,Eger,419,411,39.0,29.0,19.0,12.0,FT,True,home
149293,2024-03-23,2024-03-23 16:00:00,49,NB I,Hungary,2023,19,Budakalasz,Tatabanya,408,418,30.0,30.0,17.0,12.0,FT,True,draw
149298,2024-03-23,2024-03-23 16:00:00,49,NB I,Hungary,2023,19,Szeged,Csurgoi,417,409,41.0,25.0,22.0,15.0,FT,True,home
149292,2024-03-23,2024-03-23 17:00:00,49,NB I,Hungary,2023,19,Komloi,Veszpremi KKFT,415,420,29.0,28.0,14.0,14.0,FT,True,home
149294,2024-03-23,2024-03-23 17:00:00,49,NB I,Hungary,2023,19,Dabas,Telekom Veszprem,410,419,32.0,40.0,17.0,21.0,FT,True,away
149296,2024-03-23,2024-03-23 17:00:00,49,NB I,Hungary,2023,19,Gyongyosi,Eger,413,411,31.0,26.0,15.0,13.0,FT,True,home
149297,2024-03-24,2024-03-24 17:00:00,49,NB I,Hungary,2023,19,NEKA,PLER,416,447,27.0,34.0,12.0,15.0,FT,True,away
149295,2024-03-27,2024-03-27 17:00:00,49,NB I,Hungary,2023,19,Ferencvaros,Balatonfuredi,412,407,30.0,30.0,15.0,18.0,FT,True,draw
149302,2024-03-29,2024-03-29 17:00:00,49,NB I,Hungary,2023,20,PLER,Budakalasz,447,408,29.0,28.0,15.0,17.0,FT,True,home
149299,2024-03-30,2024-03-30 17:00:00,49,NB I,Hungary,2023,20,Veszpremi KKFT,Gyongyosi,420,413,30.0,36.0,16.0,19.0,FT,True,away
149300,2024-03-30,2024-03-30 17:00:00,49,NB I,Hungary,2023,20,Telekom Veszprem,NEKA,419,416,42.0,27.0,23.0,11.0,FT,True,home
149303,2024-03-30,2024-03-30 17:00:00,49,NB I,Hungary,2023,20,Balatonfuredi,Komloi,407,415,29.0,30.0,17.0,16.0,FT,True,away
149304,2024-03-30,2024-03-30 17:00:00,49,NB I,Hungary,2023,20,Eger,Dabas,411,410,23.0,24.0,15.0,12.0,FT,True,away
149301,2024-03-30,2024-03-30 18:00:00,49,NB I,Hungary,2023,20,Tatabanya,Szeged,418,417,27.0,41.0,14.0,25.0,FT,True,away
149305,2024-04-03,2024-04-03 16:00:00,49,NB I,Hungary,2023,20,Csurgoi,Ferencvaros,409,412,29.0,30.0,16.0,14.0,FT,True,away
149306,2024-04-06,2024-04-06 15:00:00,49,NB I,Hungary,2023,21,Budakalasz,Telekom Veszprem,408,419,30.0,43.0,13.0,26.0,FT,True,away
149307,2024-04-06,2024-04-06 16:00:00,49,NB I,Hungary,2023,21,Komloi,Csurgoi,415,409,23.0,24.0,12.0,12.0,FT,True,away
149308,2024-04-06,2024-04-06 16:00:00,49,NB I,Hungary,2023,21,Veszpremi KKFT,Balatonfuredi,420,407,28.0,30.0,14.0,16.0,FT,True,away
149309,2024-04-06,2024-04-06 16:00:00,49,NB I,Hungary,2023,21,NEKA,Eger,416,411,32.0,23.0,15.0,10.0,FT,True,home
149310,2024-04-06,2024-04-06 16:00:00,49,NB I,Hungary,2023,21,Szeged,PLER,417,447,38.0,28.0,23.0,13.0,FT,True,home
149311,2024-04-06,2024-04-06 16:00:00,49,NB I,Hungary,2023,21,Gyongyosi,Dabas,413,410,30.0,23.0,14.0,8.0,FT,True,home
149312,2024-04-07,2024-04-07 17:00:00,49,NB I,Hungary,2023,21,Ferencvaros,Tatabanya,412,418,27.0,27.0,15.0,14.0,FT,True,draw
149267,2024-04-10,2024-04-10 16:00:00,49,NB I,Hungary,2023,15,Szeged,Ferencvaros,417,412,39.0,23.0,19.0,10.0,FT,True,home
149344,2024-04-10,2024-04-10 16:00:00,49,NB I,Hungary,2023,26,Dabas,Komloi,410,415,28.0,21.0,16.0,13.0,FT,True,home
149343,2024-04-13,2024-04-13 15:00:00,49,NB I,Hungary,2023,26,Budakalasz,Szeged,408,417,33.0,35.0,17.0,21.0,FT,True,away
149326,2024-04-13,2024-04-13 16:00:00,49,NB I,Hungary,2023,23,Ferencvaros,Telekom Veszprem,412,419,31.0,40.0,16.0,20.0,FT,True,away
149347,2024-04-13,2024-04-13 16:30:00,49,NB I,Hungary,2023,26,Tatabanya,Gyongyosi,418,413,31.0,34.0,15.0,15.0,FT,True,away
149342,2024-04-15,2024-04-15 16:00:00,49,NB I,Hungary,2023,26,Telekom Veszprem,Balatonfuredi,419,407,33.0,20.0,14.0,12.0,FT,True,home
149317,2024-04-17,2024-04-17 16:00:00,49,NB I,Hungary,2023,22,PLER,Ferencvaros,447,412,24.0,32.0,13.0,16.0,FT,True,away
149316,2024-04-19,2024-04-19 16:00:00,49,NB I,Hungary,2023,22,Dabas,NEKA,410,416,24.0,22.0,10.0,12.0,FT,True,home
149319,2024-04-19,2024-04-19 18:00:00,49,NB I,Hungary,2023,22,Telekom Veszprem,Szeged,419,417,36.0,27.0,16.0,10.0,FT,True,home
149313,2024-04-20,2024-04-20 16:00:00,49,NB I,Hungary,2023,22,Eger,Budakalasz,411,408,25.0,25.0,11.0,13.0,FT,True,draw
149314,2024-04-20,2024-04-20 16:00:00,49,NB I,Hungary,2023,22,Csurgoi,Veszpremi KKFT,409,420,29.0,26.0,16.0,10.0,FT,True,home
149315,2024-04-20,2024-04-20 16:00:00,49,NB I,Hungary,2023,22,Balatonfuredi,Gyongyosi,407,413,24.0,26.0,12.0,13.0,FT,True,away
149318,2024-04-20,2024-04-20 16:30:00,49,NB I,Hungary,2023,22,Tatabanya,Komloi,418,415,30.0,27.0,17.0,15.0,FT,True,home
149345,2024-04-24,2024-04-24 16:00:00,49,NB I,Hungary,2023,26,NEKA,Ferencvaros,416,412,30.0,30.0,18.0,15.0,FT,True,draw
149324,2024-04-27,2024-04-27 15:00:00,49,NB I,Hungary,2023,23,Budakalasz,Dabas,408,410,32.0,25.0,18.0,10.0,FT,True,home
149320,2024-04-27,2024-04-27 16:00:00,49,NB I,Hungary,2023,23,Komloi,PLER,415,447,25.0,26.0,8.0,11.0,FT,True,away
149321,2024-04-27,2024-04-27 16:00:00,49,NB I,Hungary,2023,23,Veszpremi KKFT,Tatabanya,420,418,28.0,35.0,10.0,19.0,FT,True,away
149322,2024-04-27,2024-04-27 16:00:00,49,NB I,Hungary,2023,23,Eger,Szeged,411,417,29.0,36.0,16.0,17.0,FT,True,away
149323,2024-04-27,2024-04-27 16:00:00,49,NB I,Hungary,2023,23,Gyongyosi,NEKA,413,416,29.0,29.0,12.0,16.0,FT,True,draw
149325,2024-04-27,2024-04-27 16:00:00,49,NB I,Hungary,2023,23,Balatonfuredi,Csurgoi,407,409,25.0,22.0,8.0,11.0,FT,True,home
149336,2024-04-30,2024-04-30 16:00:00,49,NB I,Hungary,2023,25,Szeged,NEKA,417,416,47.0,31.0,21.0,14.0,FT,True,home
149333,2024-05-04,2024-05-04 12:45:00,49,NB I,Hungary,2023,24,Tatabanya,Balatonfuredi,418,407,31.0,23.0,16.0,14.0,FT,True,home
149327,2024-05-04,2024-05-04 16:00:00,49,NB I,Hungary,2023,24,Komloi,Telekom Veszprem,415,419,28.0,43.0,10.0,22.0,FT,True,away
149328,2024-05-04,2024-05-04 16:00:00,49,NB I,Hungary,2023,24,Csurgoi,Gyongyosi,409,413,27.0,25.0,14.0,13.0,FT,True,home
149329,2024-05-04,2024-05-04 16:00:00,49,NB I,Hungary,2023,24,Dabas,Szeged,410,417,36.0,41.0,17.0,24.0,FT,True,away
149330,2024-05-04,2024-05-04 16:00:00,49,NB I,Hungary,2023,24,Eger,Ferencvaros,411,412,28.0,26.0,13.0,12.0,FT,True,home
149331,2024-05-04,2024-05-04 16:00:00,49,NB I,Hungary,2023,24,NEKA,Budakalasz,416,408,24.0,24.0,11.0,16.0,FT,True,draw
149332,2024-05-04,2024-05-04 16:00:00,49,NB I,Hungary,2023,24,PLER,Veszpremi KKFT,447,420,35.0,28.0,21.0,15.0,FT,True,home
149341,2024-05-10,2024-05-10 16:00:00,49,NB I,Hungary,2023,26,Eger,Veszpremi KKFT,411,420,33.0,31.0,13.0,15.0,FT,True,home
149339,2024-05-15,2024-05-15 14:30:00,49,NB I,Hungary,2023,25,Ferencvaros,Dabas,412,410,39.0,38.0,20.0,16.0,FT,True,home
149334,2024-05-15,2024-05-15 16:00:00,49,NB I,Hungary,2023,25,Komloi,Eger,415,411,27.0,27.0,16.0,15.0,FT,True,draw
149335,2024-05-15,2024-05-15 16:00:00,49,NB I,Hungary,2023,25,Veszpremi KKFT,Telekom Veszprem,420,419,34.0,46.0,21.0,24.0,FT,True,away
149337,2024-05-15,2024-05-15 16:00:00,49,NB I,Hungary,2023,25,Csurgoi,Tatabanya,409,418,27.0,27.0,14.0,15.0,FT,True,draw
149338,2024-05-15,2024-05-15 16:00:00,49,NB I,Hungary,2023,25,Gyongyosi,Budakalasz,413,408,35.0,32.0,17.0,15.0,FT,True,home
149340,2024-05-15,2024-05-15 16:00:00,49,NB I,Hungary,2023,25,Balatonfuredi,PLER,407,447,30.0,28.0,16.0,12.0,FT,True,home
149346,2024-05-18,2024-05-18 16:00:00,49,NB I,Hungary,2023,26,PLER,Csurgoi,447,409,33.0,26.0,19.0,14.0,FT,True,home
160181,2024-05-24,2024-05-24 18:00:00,49,NB I,Hungary,2023,Final,Telekom Veszprem,Szeged,419,417,35.0,28.0,19.0,13.0,FT,True,home
160182,2024-05-29,2024-05-29 16:00:00,49,NB I,Hungary,2023,Final,Szeged,Telekom Veszprem,417,419,30.0,34.0,13.0,16.0,FT,True,away
142826,2023-08-26,2023-08-26 14:45:00,75,REMA 1000-ligaen,Norway,2023,,Kolstad,Arendal,639,629,33.0,33.0,16.0,14.0,FT,True,draw
142827,2023-09-02,2023-09-02 15:15:00,75,REMA 1000-ligaen,Norway,2023,,Fjellhammer,Kristiansand,637,640,30.0,27.0,11.0,12.0,FT,True,home
142828,2023-09-02,2023-09-02 17:15:00,75,REMA 1000-ligaen,Norway,2023,,Bergen,Kolstad,2067,639,25.0,32.0,12.0,16.0,FT,True,away
142829,2023-09-03,2023-09-03 15:00:00,75,REMA 1000-ligaen,Norway,2023,,Arendal,Halden,629,674,29.0,30.0,10.0,17.0,FT,True,away
142830,2023-09-03,2023-09-03 16:00:00,75,REMA 1000-ligaen,Norway,2023,,Baekkelaget,Runar,632,646,26.0,26.0,11.0,11.0,FT,True,draw
142832,2023-09-03,2023-09-03 16:00:00,75,REMA 1000-ligaen,Norway,2023,,Naerbo,Viking TIF,643,616,36.0,24.0,17.0,12.0,FT,True,home
142833,2023-09-03,2023-09-03 17:15:00,75,REMA 1000-ligaen,Norway,2023,,Haslum HK,Elverum,638,636,26.0,36.0,11.0,16.0,FT,True,away
142834,2023-09-06,2023-09-06 16:00:00,75,REMA 1000-ligaen,Norway,2023,,Sandnes,Naerbo,611,643,32.0,33.0,14.0,19.0,FT,True,away
142835,2023-09-06,2023-09-06 16:15:00,75,REMA 1000-ligaen,Norway,2023,,Elverum,Fjellhammer,636,637,35.0,28.0,15.0,15.0,FT,True,home
142838,2023-09-06,2023-09-06 17:00:00,75,REMA 1000-ligaen,Norway,2023,,Halden,Drammen,674,635,21.0,29.0,11.0,16.0,FT,True,away
142831,2023-09-09,2023-09-09 14:00:00,75,REMA 1000-ligaen,Norway,2023,,Drammen,Sandnes,635,611,29.0,21.0,12.0,9.0,FT,True,home
142836,2023-09-09,2023-09-09 18:00:00,75,REMA 1000-ligaen,Norway,2023,,Runar,Bergen,646,2067,24.0,31.0,13.0,17.0,FT,True,away
142837,2023-09-10,2023-09-10 16:00:00,75,REMA 1000-ligaen,Norway,2023,,Viking TIF,Haslum HK,616,638,26.0,33.0,13.0,15.0,FT,True,away
142839,2023-09-10,2023-09-10 16:00:00,75,REMA 1000-ligaen,Norway,2023,,Kristiansand,Baekkelaget,640,632,35.0,34.0,18.0,16.0,FT,True,home
142840,2023-09-16,2023-09-16 14:00:00,75,REMA 1000-ligaen,Norway,2023,,Haslum HK,Sandnes,638,611,32.0,35.0,16.0,20.0,FT,True,away
142841,2023-09-16,2023-09-16 15:00:00,75,REMA 1000-ligaen,Norway,2023,,Fjellhammer,Viking TIF,637,616,25.0,25.0,12.0,12.0,FT,True,draw
142842,2023-09-16,2023-09-16 16:00:00,75,REMA 1000-ligaen,Norway,2023,,Baekkelaget,Elverum,632,636,30.0,31.0,14.0,17.0,FT,True,away
142843,2023-09-17,2023-09-17 13:00:00,75,REMA 1000-ligaen,Norway,2023,,Kolstad,Halden,639,674,35.0,22.0,16.0,11.0,FT,True,home
142846,2023-09-17,2023-09-17 15:30:00,75,REMA 1000-ligaen,Norway,2023,,Naerbo,Drammen,643,635,26.0,33.0,14.0,19.0,FT,True,away
142844,2023-09-17,2023-09-17 16:00:00,75,REMA 1000-ligaen,Norway,2023,,Bergen,Kristiansand,2067,640,30.0,27.0,14.0,11.0,FT,True,home
142845,2023-09-19,2023-09-19 16:15:00,75,REMA 1000-ligaen,Norway,2023,,Arendal,Runar,629,646,31.0,28.0,16.0,14.0,FT,True,home
142847,2023-09-22,2023-09-22 16:00:00,75,REMA 1000-ligaen,Norway,2023,,Drammen,Haslum HK,635,638,32.0,32.0,18.0,18.0,FT,True,draw
142848,2023-09-23,2023-09-23 13:00:00,75,REMA 1000-ligaen,Norway,2023,,Naerbo,Halden,643,674,29.0,30.0,16.0,15.0,FT,True,away
142850,2023-09-24,2023-09-24 16:00:00,75,REMA 1000-ligaen,Norway,2023,,Elverum,Bergen,636,2067,35.0,27.0,16.0,16.0,FT,True,home
142851,2023-09-24,2023-09-24 16:00:00,75,REMA 1000-ligaen,Norway,2023,,Kristiansand,Arendal,640,629,25.0,35.0,11.0,18.0,FT,True,away
142852,2023-09-24,2023-09-24 16:00:00,75,REMA 1000-ligaen,Norway,2023,,Sandnes,Fjellhammer,611,637,38.0,34.0,20.0,17.0,FT,True,home
142853,2023-09-24,2023-09-24 16:00:00,75,REMA 1000-ligaen,Norway,2023,,Viking TIF,Baekkelaget,616,632,29.0,40.0,15.0,18.0,FT,True,away
142849,2023-09-24,2023-09-24 17:15:00,75,REMA 1000-ligaen,Norway,2023,,Runar,Kolstad,646,639,36.0,30.0,18.0,14.0,FT,True,home
142854,2023-09-30,2023-09-30 14:00:00,75,REMA 1000-ligaen,Norway,2023,,Baekkelaget,Sandnes,632,611,22.0,30.0,8.0,8.0,FT,True,away
142855,2023-09-30,2023-09-30 15:00:00,75,REMA 1000-ligaen,Norway,2023,,Bergen,Viking TIF,2067,616,32.0,31.0,18.0,14.0,FT,True,home
142856,2023-09-30,2023-09-30 15:00:00,75,REMA 1000-ligaen,Norway,2023,,Fjellhammer,Drammen,637,635,26.0,27.0,12.0,13.0,FT,True,away
142857,2023-10-01,2023-10-01 16:00:00,75,REMA 1000-ligaen,Norway,2023,,Halden,Runar,674,646,22.0,31.0,13.0,15.0,FT,True,away
142858,2023-10-01,2023-10-01 16:00:00,75,REMA 1000-ligaen,Norway,2023,,Haslum HK,Naerbo,638,643,34.0,26.0,18.0,8.0,FT,True,home
142859,2023-10-01,2023-10-01 16:00:00,75,REMA 1000-ligaen,Norway,2023,,Kolstad,Kristiansand,639,640,33.0,24.0,17.0,9.0,FT,True,home
142860,2023-10-01,2023-10-01 17:15:00,75,REMA 1000-ligaen,Norway,2023,,Arendal,Elverum,629,636,29.0,28.0,14.0,15.0,FT,True,home
142861,2023-10-07,2023-10-07 14:45:00,75,REMA 1000-ligaen,Norway,2023,,Elverum,Kolstad,636,639,27.0,32.0,15.0,16.0,FT,True,away
142862,2023-10-08,2023-10-08 16:00:00,75,REMA 1000-ligaen,Norway,2023,,Drammen,Baekkelaget,635,632,35.0,30.0,19.0,17.0,FT,True,home
142863,2023-10-08,2023-10-08 16:00:00,75,REMA 1000-ligaen,Norway,2023,,Haslum HK,Halden,638,674,29.0,20.0,18.0,9.0,FT,True,home
142864,2023-10-08,2023-10-08 16:00:00,75,REMA 1000-ligaen,Norway,2023,,Kristiansand,Runar,640,646,21.0,26.0,15.0,11.0,FT,True,away
142865,2023-10-08,2023-10-08 16:00:00,75,REMA 1000-ligaen,Norway,2023,,Naerbo,Fjellhammer,643,637,33.0,24.0,16.0,12.0,FT,True,home
142866,2023-10-08,2023-10-08 16:00:00,75,REMA 1000-ligaen,Norway,2023,,Sandnes,Bergen,611,2067,31.0,28.0,12.0,14.0,FT,True,home
142867,2023-10-08,2023-10-08 16:00:00,75,REMA 1000-ligaen,Norway,2023,,Viking TIF,Arendal,616,629,36.0,33.0,16.0,14.0,FT,True,home
142869,2023-10-11,2023-10-11 16:00:00,75,REMA 1000-ligaen,Norway,2023,,Baekkelaget,Naerbo,632,643,25.0,28.0,13.0,14.0,FT,True,away
142868,2023-10-11,2023-10-11 16:30:00,75,REMA 1000-ligaen,Norway,2023,,Runar,Elverum,646,636,32.0,34.0,14.0,16.0,FT,True,away
142870,2023-10-14,2023-10-14 14:00:00,75,REMA 1000-ligaen,Norway,2023,,Bergen,Drammen,2067,635,35.0,40.0,16.0,19.0,FT,True,away
142871,2023-10-14,2023-10-14 15:00:00,75,REMA 1000-ligaen,Norway,2023,,Fjellhammer,Haslum HK,637,638,29.0,35.0,14.0,18.0,FT,True,away
142872,2023-10-15,2023-10-15 15:00:00,75,REMA 1000-ligaen,Norway,2023,,Arendal,Sandnes,629,611,36.0,25.0,16.0,9.0,FT,True,home
142873,2023-10-15,2023-10-15 16:00:00,75,REMA 1000-ligaen,Norway,2023,,Halden,Kristiansand,674,640,27.0,24.0,13.0,14.0,FT,True,home
142874,2023-10-15,2023-10-15 16:00:00,75,REMA 1000-ligaen,Norway,2023,,Kolstad,Viking TIF,639,616,36.0,25.0,17.0,12.0,FT,True,home
142875,2023-10-18,2023-10-18 16:00:00,75,REMA 1000-ligaen,Norway,2023,,Naerbo,Bergen,643,2067,25.0,25.0,14.0,13.0,FT,True,draw
142881,2023-10-18,2023-10-18 16:15:00,75,REMA 1000-ligaen,Norway,2023,,Drammen,Arendal,635,629,28.0,26.0,14.0,15.0,FT,True,home
142876,2023-10-20,2023-10-20 16:00:00,75,REMA 1000-ligaen,Norway,2023,,Elverum,Kristiansand,636,640,27.0,26.0,16.0,10.0,FT,True,home
142877,2023-10-21,2023-10-21 15:00:00,75,REMA 1000-ligaen,Norway,2023,,Fjellhammer,Halden,637,674,22.0,18.0,10.0,7.0,FT,True,home
142878,2023-10-22,2023-10-22 14:00:00,75,REMA 1000-ligaen,Norway,2023,,Sandnes,Kolstad,611,639,25.0,39.0,8.0,23.0,FT,True,away
142879,2023-10-22,2023-10-22 16:00:00,75,REMA 1000-ligaen,Norway,2023,,Haslum HK,Baekkelaget,638,632,31.0,32.0,14.0,16.0,FT,True,away
142880,2023-10-25,2023-10-25 16:30:00,75,REMA 1000-ligaen,Norway,2023,,Viking TIF,Runar,616,646,23.0,37.0,11.0,19.0,FT,True,away
142886,2023-10-28,2023-10-28 14:00:00,75,REMA 1000-ligaen,Norway,2023,,Kristiansand,Viking TIF,640,616,36.0,28.0,17.0,15.0,FT,True,home
142882,2023-10-28,2023-10-28 16:15:00,75,REMA 1000-ligaen,Norway,2023,,Arendal,Naerbo,629,643,37.0,35.0,22.0,19.0,FT,True,home
142887,2023-10-29,2023-10-29 14:00:00,75,REMA 1000-ligaen,Norway,2023,,Runar,Sandnes,646,611,38.0,25.0,21.0,11.0,FT,True,home
142884,2023-10-29,2023-10-29 16:30:00,75,REMA 1000-ligaen,Norway,2023,,Bergen,Haslum HK,2067,638,36.0,24.0,16.0,9.0,FT,True,home
142883,2023-10-29,2023-10-29 17:00:00,75,REMA 1000-ligaen,Norway,2023,,Baekkelaget,Fjellhammer,632,637,34.0,30.0,14.0,10.0,FT,True,home
142885,2023-10-29,2023-10-29 17:00:00,75,REMA 1000-ligaen,Norway,2023,,Halden,Elverum,674,636,27.0,30.0,14.0,15.0,FT,True,away
142888,2023-10-29,2023-10-29 18:15:00,75,REMA 1000-ligaen,Norway,2023,,Kolstad,Drammen,639,635,38.0,25.0,20.0,13.0,FT,True,home
142891,2023-11-11,2023-11-11 15:00:00,75,REMA 1000-ligaen,Norway,2023,,Viking TIF,Elverum,616,636,23.0,34.0,12.0,20.0,FT,True,away
142889,2023-11-11,2023-11-11 16:00:00,75,REMA 1000-ligaen,Norway,2023,,Fjellhammer,Bergen,637,2067,34.0,31.0,13.0,17.0,FT,True,home
142893,2023-11-11,2023-11-11 16:15:00,75,REMA 1000-ligaen,Norway,2023,,Naerbo,Kolstad,643,639,21.0,28.0,9.0,14.0,FT,True,away
142890,2023-11-11,2023-11-11 17:00:00,75,REMA 1000-ligaen,Norway,2023,,Drammen,Runar,635,646,25.0,34.0,15.0,15.0,FT,True,away
142892,2023-11-12,2023-11-12 17:00:00,75,REMA 1000-ligaen,Norway,2023,,Sandnes,Kristiansand,611,640,31.0,29.0,16.0,14.0,FT,True,home
142894,2023-11-12,2023-11-12 17:00:00,75,REMA 1000-ligaen,Norway,2023,,Haslum HK,Arendal,638,629,19.0,32.0,11.0,16.0,FT,True,away
142895,2023-11-12,2023-11-12 17:00:00,75,REMA 1000-ligaen,Norway,2023,,Baekkelaget,Halden,632,674,28.0,30.0,15.0,15.0,FT,True,away
142896,2023-11-18,2023-11-18 14:00:00,75,REMA 1000-ligaen,Norway,2023,,Elverum,Sandnes,636,611,37.0,28.0,21.0,13.0,FT,True,home
142900,2023-11-18,2023-11-18 14:00:00,75,REMA 1000-ligaen,Norway,2023,,Kolstad,Haslum HK,639,638,31.0,23.0,14.0,15.0,FT,True,home
142902,2023-11-19,2023-11-19 15:00:00,75,REMA 1000-ligaen,Norway,2023,,Runar,Naerbo,646,643,35.0,30.0,18.0,15.0,FT,True,home
142897,2023-11-19,2023-11-19 16:00:00,75,REMA 1000-ligaen,Norway,2023,,Arendal,Fjellhammer,629,637,30.0,26.0,16.0,11.0,FT,True,home
142898,2023-11-19,2023-11-19 16:00:00,75,REMA 1000-ligaen,Norway,2023,,Halden,Viking TIF,674,616,31.0,25.0,17.0,10.0,FT,True,home
142899,2023-11-19,2023-11-19 16:30:00,75,REMA 1000-ligaen,Norway,2023,,Bergen,Baekkelaget,2067,632,32.0,24.0,17.0,10.0,FT,True,home
142901,2023-11-19,2023-11-19 17:00:00,75,REMA 1000-ligaen,Norway,2023,,Kristiansand,Drammen,640,635,29.0,29.0,19.0,15.0,FT,True,draw
142903,2023-11-22,2023-11-22 17:00:00,75,REMA 1000-ligaen,Norway,2023,,Viking TIF,Drammen,616,635,33.0,35.0,21.0,17.0,FT,True,away
142904,2023-11-22,2023-11-22 17:30:00,75,REMA 1000-ligaen,Norway,2023,,Haslum HK,Runar,638,646,32.0,37.0,17.0,18.0,FT,True,away
142905,2023-11-26,2023-11-26 16:00:00,75,REMA 1000-ligaen,Norway,2023,,Sandnes,Viking TIF,611,616,34.0,29.0,21.0,15.0,FT,True,home
142906,2023-11-26,2023-11-26 17:00:00,75,REMA 1000-ligaen,Norway,2023,,Baekkelaget,Arendal,632,629,25.0,34.0,14.0,17.0,FT,True,away
142907,2023-11-26,2023-11-26 17:00:00,75,REMA 1000-ligaen,Norway,2023,,Bergen,Halden,2067,674,29.0,32.0,10.0,15.0,FT,True,away
142908,2023-11-29,2023-11-29 17:30:00,75,REMA 1000-ligaen,Norway,2023,,Naerbo,Kristiansand,643,640,30.0,23.0,15.0,11.0,FT,True,home
142913,2023-11-29,2023-11-29 17:30:00,75,REMA 1000-ligaen,Norway,2023,,Runar,Fjellhammer,646,637,38.0,31.0,21.0,17.0,FT,True,home
142909,2023-11-29,2023-11-29 18:00:00,75,REMA 1000-ligaen,Norway,2023,,Arendal,Bergen,629,2067,36.0,30.0,14.0,15.0,FT,True,home
142910,2023-12-02,2023-12-02 14:00:00,75,REMA 1000-ligaen,Norway,2023,,Kolstad,Baekkelaget,639,632,42.0,24.0,20.0,12.0,FT,True,home
142911,2023-12-02,2023-12-02 14:00:00,75,REMA 1000-ligaen,Norway,2023,,Halden,Sandnes,674,611,29.0,25.0,14.0,12.0,FT,True,home
142912,2023-12-03,2023-12-03 17:00:00,75,REMA 1000-ligaen,Norway,2023,,Kristiansand,Haslum HK,640,638,35.0,22.0,15.0,11.0,FT,True,home
142914,2023-12-06,2023-12-06 17:00:00,75,REMA 1000-ligaen,Norway,2023,,Drammen,Halden,635,674,25.0,24.0,11.0,11.0,FT,True,home
142918,2023-12-09,2023-12-09 15:00:00,75,REMA 1000-ligaen,Norway,2023,,Elverum,Haslum HK,636,638,37.0,26.0,19.0,12.0,FT,True,home
142915,2023-12-09,2023-12-09 17:00:00,75,REMA 1000-ligaen,Norway,2023,,Viking TIF,Naerbo,616,643,27.0,31.0,11.0,15.0,FT,True,away
142917,2023-12-09,2023-12-09 17:00:00,75,REMA 1000-ligaen,Norway,2023,,Kristiansand,Fjellhammer,640,637,28.0,38.0,11.0,19.0,FT,True,away
142916,2023-12-10,2023-12-10 17:00:00,75,REMA 1000-ligaen,Norway,2023,,Runar,Baekkelaget,646,632,44.0,28.0,25.0,14.0,FT,True,home
142921,2023-12-13,2023-12-13 16:30:00,75,REMA 1000-ligaen,Norway,2023,,Sandnes,Drammen,611,635,30.0,30.0,20.0,16.0,FT,True,draw
142919,2023-12-13,2023-12-13 17:00:00,75,REMA 1000-ligaen,Norway,2023,,Halden,Arendal,674,629,30.0,33.0,15.0,19.0,FT,True,away
142920,2023-12-13,2023-12-13 17:00:00,75,REMA 1000-ligaen,Norway,2023,,Kolstad,Bergen,639,2067,38.0,30.0,15.0,16.0,FT,True,home
142922,2023-12-13,2023-12-13 17:30:00,75,REMA 1000-ligaen,Norway,2023,,Fjellhammer,Elverum,637,636,28.0,30.0,14.0,17.0,FT,True,away
142923,2023-12-16,2023-12-16 15:00:00,75,REMA 1000-ligaen,Norway,2023,,Elverum,Naerbo,636,643,31.0,31.0,13.0,20.0,FT,True,draw
142925,2023-12-16,2023-12-16 15:00:00,75,REMA 1000-ligaen,Norway,2023,,Baekkelaget,Kristiansand,632,640,35.0,31.0,20.0,13.0,FT,True,home
142926,2023-12-16,2023-12-16 17:00:00,75,REMA 1000-ligaen,Norway,2023,,Haslum HK,Viking TIF,638,616,34.0,25.0,18.0,10.0,FT,True,home
142924,2023-12-16,2023-12-16 20:00:00,75,REMA 1000-ligaen,Norway,2023,,Arendal,Kolstad,629,639,28.0,34.0,12.0,19.0,FT,True,away
142927,2023-12-18,2023-12-18 17:00:00,75,REMA 1000-ligaen,Norway,2023,,Bergen,Runar,2067,646,33.0,32.0,21.0,18.0,FT,True,home
142928,2023-12-20,2023-12-20 17:00:00,75,REMA 1000-ligaen,Norway,2023,,Naerbo,Sandnes,643,611,30.0,38.0,14.0,16.0,FT,True,away
142929,2023-12-20,2023-12-20 17:00:00,75,REMA 1000-ligaen,Norway,2023,,Fjellhammer,Kolstad,637,639,23.0,42.0,9.0,22.0,FT,True,away
142930,2023-12-20,2023-12-20 17:15:00,75,REMA 1000-ligaen,Norway,2023,,Drammen,Elverum,635,636,32.0,32.0,15.0,15.0,FT,True,draw
142995,2024-01-31,2024-01-31 17:00:00,75,REMA 1000-ligaen,Norway,2023,,Halden,Bergen,674,2067,32.0,31.0,16.0,13.0,FT,True,home
142998,2024-01-31,2024-01-31 17:00:00,75,REMA 1000-ligaen,Norway,2023,,Runar,Haslum HK,646,638,30.0,31.0,15.0,18.0,FT,True,away
142999,2024-01-31,2024-01-31 17:00:00,75,REMA 1000-ligaen,Norway,2023,,Viking TIF,Sandnes,616,611,30.0,26.0,14.0,13.0,FT,True,home
142996,2024-01-31,2024-01-31 17:30:00,75,REMA 1000-ligaen,Norway,2023,,Arendal,Baekkelaget,629,632,30.0,28.0,13.0,14.0,FT,True,home
143000,2024-02-01,2024-02-01 17:00:00,75,REMA 1000-ligaen,Norway,2023,,Kolstad,Fjellhammer,639,637,37.0,18.0,17.0,8.0,FT,True,home
142997,2024-02-01,2024-02-01 17:15:00,75,REMA 1000-ligaen,Norway,2023,,Elverum,Drammen,636,635,38.0,31.0,17.0,16.0,FT,True,home
142994,2024-02-01,2024-02-01 17:30:00,75,REMA 1000-ligaen,Norway,2023,,Kristiansand,Naerbo,640,643,28.0,34.0,12.0,19.0,FT,True,away
142931,2024-02-04,2024-02-04 15:00:00,75,REMA 1000-ligaen,Norway,2023,,Elverum,Baekkelaget,636,632,37.0,26.0,18.0,11.0,FT,True,home
142933,2024-02-04,2024-02-04 17:00:00,75,REMA 1000-ligaen,Norway,2023,,Drammen,Naerbo,635,643,31.0,31.0,18.0,18.0,FT,True,draw
142934,2024-02-04,2024-02-04 17:00:00,75,REMA 1000-ligaen,Norway,2023,,Kristiansand,Bergen,640,2067,28.0,30.0,18.0,16.0,FT,True,away
142935,2024-02-04,2024-02-04 17:00:00,75,REMA 1000-ligaen,Norway,2023,,Runar,Arendal,646,629,30.0,35.0,13.0,15.0,FT,True,away
142936,2024-02-04,2024-02-04 17:00:00,75,REMA 1000-ligaen,Norway,2023,,Sandnes,Haslum HK,611,638,26.0,28.0,15.0,15.0,FT,True,away
142937,2024-02-04,2024-02-04 17:00:00,75,REMA 1000-ligaen,Norway,2023,,Viking TIF,Fjellhammer,616,637,23.0,28.0,13.0,10.0,FT,True,away
142932,2024-02-04,2024-02-04 17:15:00,75,REMA 1000-ligaen,Norway,2023,,Halden,Kolstad,674,639,22.0,30.0,10.0,15.0,FT,True,away
142941,2024-02-07,2024-02-07 17:00:00,75,REMA 1000-ligaen,Norway,2023,,Baekkelaget,Viking TIF,632,616,37.0,29.0,22.0,10.0,FT,True,home
143006,2024-02-07,2024-02-07 17:00:00,75,REMA 1000-ligaen,Norway,2023,,Naerbo,Elverum,643,636,21.0,29.0,12.0,13.0,FT,True,away
142938,2024-02-07,2024-02-07 17:15:00,75,REMA 1000-ligaen,Norway,2023,,Kolstad,Runar,639,646,41.0,32.0,18.0,16.0,FT,True,home
142939,2024-02-10,2024-02-10 17:30:00,75,REMA 1000-ligaen,Norway,2023,,Fjellhammer,Sandnes,637,611,36.0,35.0,20.0,17.0,FT,True,home
143005,2024-02-11,2024-02-11 15:00:00,75,REMA 1000-ligaen,Norway,2023,,Baekkelaget,Kolstad,632,639,25.0,35.0,9.0,19.0,FT,True,away
142940,2024-02-11,2024-02-11 16:00:00,75,REMA 1000-ligaen,Norway,2023,,Arendal,Kristiansand,629,640,33.0,23.0,13.0,12.0,FT,True,home
142943,2024-02-11,2024-02-11 16:30:00,75,REMA 1000-ligaen,Norway,2023,,Bergen,Elverum,2067,636,20.0,24.0,12.0,12.0,FT,True,away
142942,2024-02-11,2024-02-11 17:00:00,75,REMA 1000-ligaen,Norway,2023,,Haslum HK,Drammen,638,635,30.0,31.0,15.0,15.0,FT,True,away
143007,2024-02-14,2024-02-14 16:30:00,75,REMA 1000-ligaen,Norway,2023,,Sandnes,Halden,611,674,24.0,30.0,14.0,15.0,FT,True,away
142944,2024-02-14,2024-02-14 16:55:00,75,REMA 1000-ligaen,Norway,2023,,Naerbo,Haslum HK,643,638,30.0,26.0,14.0,14.0,FT,True,home
142945,2024-02-14,2024-02-14 18:15:00,75,REMA 1000-ligaen,Norway,2023,,Elverum,Arendal,636,629,30.0,30.0,15.0,15.0,FT,True,draw
142946,2024-02-16,2024-02-16 17:00:00,75,REMA 1000-ligaen,Norway,2023,,Drammen,Fjellhammer,635,637,45.0,25.0,25.0,15.0,FT,True,home
142947,2024-02-18,2024-02-18 17:00:00,75,REMA 1000-ligaen,Norway,2023,,Kristiansand,Kolstad,640,639,31.0,42.0,11.0,21.0,FT,True,away
142948,2024-02-18,2024-02-18 17:00:00,75,REMA 1000-ligaen,Norway,2023,,Sandnes,Baekkelaget,611,632,30.0,36.0,12.0,19.0,FT,True,away
142949,2024-02-18,2024-02-18 17:00:00,75,REMA 1000-ligaen,Norway,2023,,Viking TIF,Bergen,616,2067,28.0,29.0,13.0,13.0,FT,True,away
142950,2024-02-21,2024-02-21 17:30:00,75,REMA 1000-ligaen,Norway,2023,,Runar,Halden,646,674,28.0,24.0,12.0,13.0,FT,True,home
142951,2024-02-27,2024-02-27 17:00:00,75,REMA 1000-ligaen,Norway,2023,,Halden,Naerbo,674,643,27.0,29.0,11.0,15.0,FT,True,away
143001,2024-02-28,2024-02-28 17:00:00,75,REMA 1000-ligaen,Norway,2023,,Bergen,Arendal,2067,629,37.0,36.0,17.0,17.0,FT,True,home
143002,2024-02-28,2024-02-28 17:00:00,75,REMA 1000-ligaen,Norway,2023,,Drammen,Viking TIF,635,616,41.0,27.0,21.0,10.0,FT,True,home
143003,2024-02-28,2024-02-28 17:30:00,75,REMA 1000-ligaen,Norway,2023,,Fjellhammer,Runar,637,646,26.0,38.0,11.0,20.0,FT,True,away
143004,2024-02-29,2024-02-29 17:30:00,75,REMA 1000-ligaen,Norway,2023,,Haslum HK,Kristiansand,638,640,26.0,35.0,14.0,13.0,FT,True,away
142953,2024-03-02,2024-03-02 15:00:00,75,REMA 1000-ligaen,Norway,2023,,Elverum,Halden,636,674,32.0,25.0,14.0,9.0,FT,True,home
142952,2024-03-02,2024-03-02 16:00:00,75,REMA 1000-ligaen,Norway,2023,,Fjellhammer,Baekkelaget,637,632,25.0,38.0,12.0,19.0,FT,True,away
142954,2024-03-03,2024-03-03 14:00:00,75,REMA 1000-ligaen,Norway,2023,,Sandnes,Runar,611,646,27.0,28.0,14.0,11.0,FT,True,away
142956,2024-03-03,2024-03-03 17:00:00,75,REMA 1000-ligaen,Norway,2023,,Haslum HK,Bergen,638,2067,31.0,29.0,15.0,16.0,FT,True,home
142957,2024-03-03,2024-03-03 17:00:00,75,REMA 1000-ligaen,Norway,2023,,Naerbo,Arendal,643,629,23.0,25.0,11.0,11.0,FT,True,away
142958,2024-03-03,2024-03-03 17:00:00,75,REMA 1000-ligaen,Norway,2023,,Viking TIF,Kristiansand,616,640,38.0,43.0,21.0,22.0,FT,True,away
142955,2024-03-03,2024-03-03 17:15:00,75,REMA 1000-ligaen,Norway,2023,,Drammen,Kolstad,635,639,25.0,30.0,11.0,15.0,FT,True,away
142959,2024-03-08,2024-03-08 18:30:00,75,REMA 1000-ligaen,Norway,2023,,Baekkelaget,Haslum HK,632,638,32.0,38.0,14.0,18.0,FT,True,away
142960,2024-03-09,2024-03-09 15:00:00,75,REMA 1000-ligaen,Norway,2023,,Bergen,Naerbo,2067,643,30.0,22.0,14.0,8.0,FT,True,home
142961,2024-03-09,2024-03-09 17:15:00,75,REMA 1000-ligaen,Norway,2023,,Arendal,Drammen,629,635,32.0,27.0,18.0,9.0,FT,True,home
142962,2024-03-10,2024-03-10 17:00:00,75,REMA 1000-ligaen,Norway,2023,,Runar,Viking TIF,646,616,39.0,31.0,22.0,13.0,FT,True,home
142963,2024-03-10,2024-03-10 17:00:00,75,REMA 1000-ligaen,Norway,2023,,Halden,Fjellhammer,674,637,33.0,30.0,15.0,15.0,FT,True,home
142964,2024-03-10,2024-03-10 17:00:00,75,REMA 1000-ligaen,Norway,2023,,Kristiansand,Elverum,640,636,28.0,36.0,11.0,17.0,FT,True,away
142965,2024-03-10,2024-03-10 17:00:00,75,REMA 1000-ligaen,Norway,2023,,Kolstad,Sandnes,639,611,31.0,25.0,14.0,15.0,FT,True,home
142966,2024-03-20,2024-03-20 17:15:00,75,REMA 1000-ligaen,Norway,2023,,Elverum,Runar,636,646,35.0,29.0,14.0,12.0,FT,True,home
142967,2024-03-20,2024-03-20 18:00:00,75,REMA 1000-ligaen,Norway,2023,,Viking TIF,Kolstad,616,639,28.0,35.0,16.0,19.0,FT,True,away
142968,2024-03-21,2024-03-21 16:30:00,75,REMA 1000-ligaen,Norway,2023,,Drammen,Bergen,635,2067,32.0,30.0,15.0,15.0,FT,True,home
142969,2024-03-21,2024-03-21 17:00:00,75,REMA 1000-ligaen,Norway,2023,,Haslum HK,Fjellhammer,638,637,37.0,30.0,16.0,17.0,FT,True,home
142970,2024-03-21,2024-03-21 17:00:00,75,REMA 1000-ligaen,Norway,2023,,Naerbo,Baekkelaget,643,632,35.0,26.0,13.0,12.0,FT,True,home
142971,2024-03-21,2024-03-21 17:00:00,75,REMA 1000-ligaen,Norway,2023,,Sandnes,Arendal,611,629,28.0,35.0,13.0,15.0,FT,True,away
142972,2024-03-21,2024-03-21 17:30:00,75,REMA 1000-ligaen,Norway,2023,,Kristiansand,Halden,640,674,31.0,30.0,15.0,14.0,FT,True,home
142973,2024-03-23,2024-03-23 15:45:00,75,REMA 1000-ligaen,Norway,2023,,Kolstad,Elverum,639,636,29.0,28.0,15.0,14.0,FT,True,home
142974,2024-03-23,2024-03-23 16:00:00,75,REMA 1000-ligaen,Norway,2023,,Fjellhammer,Naerbo,637,643,26.0,25.0,11.0,12.0,FT,True,home
142975,2024-03-24,2024-03-24 16:00:00,75,REMA 1000-ligaen,Norway,2023,,Arendal,Viking TIF,629,616,40.0,28.0,22.0,12.0,FT,True,home
142976,2024-03-24,2024-03-24 16:00:00,75,REMA 1000-ligaen,Norway,2023,,Bergen,Sandnes,2067,611,23.0,30.0,6.0,13.0,FT,True,away
142977,2024-03-24,2024-03-24 17:00:00,75,REMA 1000-ligaen,Norway,2023,,Baekkelaget,Drammen,632,635,28.0,31.0,13.0,19.0,FT,True,away
142978,2024-03-24,2024-03-24 17:00:00,75,REMA 1000-ligaen,Norway,2023,,Halden,Haslum HK,674,638,30.0,40.0,16.0,18.0,FT,True,away
142979,2024-03-24,2024-03-24 17:00:00,75,REMA 1000-ligaen,Norway,2023,,Runar,Kristiansand,646,640,38.0,36.0,20.0,18.0,FT,True,home
142980,2024-04-03,2024-04-03 16:00:00,75,REMA 1000-ligaen,Norway,2023,,Bergen,Fjellhammer,2067,637,33.0,21.0,16.0,10.0,FT,True,home
142981,2024-04-03,2024-04-03 16:00:00,75,REMA 1000-ligaen,Norway,2023,,Elverum,Viking TIF,636,616,44.0,22.0,24.0,8.0,FT,True,home
142982,2024-04-03,2024-04-03 16:00:00,75,REMA 1000-ligaen,Norway,2023,,Halden,Baekkelaget,674,632,29.0,24.0,13.0,9.0,FT,True,home
142983,2024-04-03,2024-04-03 16:00:00,75,REMA 1000-ligaen,Norway,2023,,Kolstad,Naerbo,639,643,36.0,28.0,15.0,10.0,FT,True,home
142984,2024-04-03,2024-04-03 16:15:00,75,REMA 1000-ligaen,Norway,2023,,Runar,Drammen,646,635,35.0,31.0,18.0,16.0,FT,True,home
142985,2024-04-03,2024-04-03 16:30:00,75,REMA 1000-ligaen,Norway,2023,,Kristiansand,Sandnes,640,611,28.0,28.0,18.0,18.0,FT,True,draw
142986,2024-04-03,2024-04-03 16:30:00,75,REMA 1000-ligaen,Norway,2023,,Arendal,Haslum HK,629,638,37.0,32.0,15.0,14.0,FT,True,home
142987,2024-04-10,2024-04-10 16:15:00,75,REMA 1000-ligaen,Norway,2023,,Fjellhammer,Arendal,637,629,27.0,32.0,16.0,15.0,FT,True,away
142988,2024-04-10,2024-04-10 16:15:00,75,REMA 1000-ligaen,Norway,2023,,Naerbo,Runar,643,646,37.0,30.0,19.0,18.0,FT,True,home
142989,2024-04-10,2024-04-10 16:15:00,75,REMA 1000-ligaen,Norway,2023,,Haslum HK,Kolstad,638,639,33.0,40.0,15.0,22.0,FT,True,away
142990,2024-04-10,2024-04-10 16:15:00,75,REMA 1000-ligaen,Norway,2023,,Sandnes,Elverum,611,636,20.0,40.0,8.0,20.0,FT,True,away
142991,2024-04-10,2024-04-10 16:15:00,75,REMA 1000-ligaen,Norway,2023,,Baekkelaget,Bergen,632,2067,38.0,29.0,19.0,12.0,FT,True,home
142992,2024-04-10,2024-04-10 16:15:00,75,REMA 1000-ligaen,Norway,2023,,Viking TIF,Halden,616,674,22.0,26.0,14.0,15.0,FT,True,away
142993,2024-04-10,2024-04-10 16:15:00,75,REMA 1000-ligaen,Norway,2023,,Drammen,Kristiansand,635,640,28.0,29.0,14.0,15.0,FT,True,away
159572,2024-04-14,2024-04-14 15:00:00,75,REMA 1000-ligaen,Norway,2023,Quarter-finals,Arendal,Naerbo,629,643,33.0,29.0,16.0,14.0,FT,True,home
159573,2024-04-14,2024-04-14 15:00:00,75,REMA 1000-ligaen,Norway,2023,Quarter-finals,Elverum,Bergen,636,2067,36.0,18.0,18.0,11.0,FT,True,home
159574,2024-04-14,2024-04-14 16:00:00,75,REMA 1000-ligaen,Norway,2023,Quarter-finals,Kolstad,Halden,639,674,33.0,24.0,15.0,15.0,FT,True,home
159575,2024-04-14,2024-04-14 16:00:00,75,REMA 1000-ligaen,Norway,2023,Quarter-finals,Runar,Drammen,646,635,30.0,31.0,15.0,13.0,FT,True,away
159576,2024-04-17,2024-04-17 16:00:00,75,REMA 1000-ligaen,Norway,2023,Quarter-finals,Halden,Kolstad,674,639,23.0,26.0,10.0,13.0,FT,True,away
159577,2024-04-17,2024-04-17 16:15:00,75,REMA 1000-ligaen,Norway,2023,Quarter-finals,Drammen,Runar,635,646,28.0,27.0,14.0,11.0,FT,True,home
159578,2024-04-17,2024-04-17 16:30:00,75,REMA 1000-ligaen,Norway,2023,Quarter-finals,Naerbo,Arendal,643,629,28.0,33.0,14.0,12.0,FT,True,away
159579,2024-04-18,2024-04-18 16:00:00,75,REMA 1000-ligaen,Norway,2023,Quarter-finals,Bergen,Elverum,2067,636,28.0,29.0,12.0,16.0,FT,True,away
159626,2024-04-23,2024-04-23 16:30:00,75,REMA 1000-ligaen,Norway,2023,Final,Fjellhammer,Sandefjord TIF,637,647,22.0,28.0,10.0,13.0,FT,True,away
159627,2024-04-23,2024-04-23 18:00:00,75,REMA 1000-ligaen,Norway,2023,Final,Kristiansand,Melhus,640,3408,33.0,23.0,17.0,12.0,FT,True,home
159718,2024-04-24,2024-04-24 16:15:00,75,REMA 1000-ligaen,Norway,2023,Semi-finals,Kolstad,Drammen,639,635,32.0,26.0,20.0,15.0,FT,True,home
159628,2024-04-26,2024-04-26 16:00:00,75,REMA 1000-ligaen,Norway,2023,Final,Sandefjord TIF,Fjellhammer,647,637,28.0,33.0,13.0,12.0,FT,True,away
159719,2024-04-26,2024-04-26 16:15:00,75,REMA 1000-ligaen,Norway,2023,Semi-finals,Elverum,Arendal,636,629,36.0,35.0,10.0,13.0,AET,False,
159629,2024-04-28,2024-04-28 16:00:00,75,REMA 1000-ligaen,Norway,2023,Final,Melhus,Kristiansand,3408,640,29.0,25.0,15.0,14.0,FT,True,home
159720,2024-04-29,2024-04-29 16:15:00,75,REMA 1000-ligaen,Norway,2023,Semi-finals,Drammen,Kolstad,635,639,23.0,28.0,12.0,14.0,FT,True,away
159721,2024-04-30,2024-04-30 16:15:00,75,REMA 1000-ligaen,Norway,2023,Semi-finals,Arendal,Elverum,629,636,30.0,41.0,14.0,20.0,FT,True,away
159824,2024-04-30,2024-04-30 16:30:00,75,REMA 1000-ligaen,Norway,2023,Final,Fjellhammer,Sandefjord TIF,637,647,33.0,31.0,10.0,15.0,AET,False,
159852,2024-05-02,2024-05-02 16:30:00,75,REMA 1000-ligaen,Norway,2023,Final,Kristiansand,Melhus,640,3408,37.0,28.0,18.0,12.0,FT,True,home
159854,2024-05-22,2024-05-22 16:15:00,75,REMA 1000-ligaen,Norway,2023,Final,Kolstad,Elverum,639,636,30.0,28.0,17.0,13.0,FT,True,home
159855,2024-05-25,2024-05-25 16:15:00,75,REMA 1000-ligaen,Norway,2023,Final,Elverum,Kolstad,636,639,41.0,40.0,14.0,17.0,AET,False,
160313,2024-05-29,2024-05-29 16:15:00,75,REMA 1000-ligaen,Norway,2023,Final,Kolstad,Elverum,639,636,34.0,30.0,15.0,12.0,AET,False,
145877,2023-08-30,2023-08-30 16:00:00,78,Superliga,Poland,2023,1,Azoty-Pulawy,Unia Tarnow,684,2070,28.0,22.0,13.0,15.0,FT,True,home
145881,2023-08-30,2023-08-30 16:00:00,78,Superliga,Poland,2023,1,Ostrow Wielkopolski,Zabrze,739,696,23.0,32.0,14.0,20.0,FT,True,away
145882,2023-08-30,2023-08-30 16:00:00,78,Superliga,Poland,2023,1,Piotrkowianin Piotrkow,Wisla Plock,689,694,20.0,39.0,11.0,15.0,FT,True,away
145883,2023-08-30,2023-08-30 16:00:00,78,Superliga,Poland,2023,1,Gwardia Opole,Kalisz,686,687,25.0,19.0,15.0,9.0,FT,True,home
145878,2023-08-30,2023-08-30 18:00:00,78,Superliga,Poland,2023,1,Kielce,Chrobry Glogow,4252,685,44.0,24.0,19.0,14.0,FT,True,home
145879,2023-08-30,2023-08-30 18:00:00,78,Superliga,Poland,2023,1,Legionowo,Zaglebie,732,697,24.0,31.0,11.0,15.0,FT,True,away
145880,2023-08-30,2023-08-30 18:00:00,78,Superliga,Poland,2023,1,MMTS Kwidzyn,Wybrzeze Gdansk,688,695,33.0,30.0,18.0,16.0,FT,True,home
145884,2023-09-02,2023-09-02 14:00:00,78,Superliga,Poland,2023,2,Zaglebie,Wisla Plock,697,694,23.0,41.0,14.0,21.0,FT,True,away
145887,2023-09-02,2023-09-02 14:00:00,78,Superliga,Poland,2023,2,Unia Tarnow,Ostrow Wielkopolski,2070,739,25.0,28.0,12.0,10.0,AP,True,away
145889,2023-09-02,2023-09-02 14:00:00,78,Superliga,Poland,2023,2,Kalisz,MMTS Kwidzyn,687,688,22.0,27.0,12.0,13.0,FT,True,away
145888,2023-09-02,2023-09-02 16:00:00,78,Superliga,Poland,2023,2,Piotrkowianin Piotrkow,Azoty-Pulawy,689,684,29.0,34.0,15.0,15.0,FT,True,away
145890,2023-09-02,2023-09-02 16:00:00,78,Superliga,Poland,2023,2,Chrobry Glogow,Legionowo,685,732,31.0,23.0,13.0,10.0,FT,True,home
145886,2023-09-03,2023-09-03 13:00:00,78,Superliga,Poland,2023,2,Wybrzeze Gdansk,Kielce,695,4252,28.0,41.0,13.0,19.0,FT,True,away
145885,2023-09-04,2023-09-04 16:00:00,78,Superliga,Poland,2023,2,Zabrze,Gwardia Opole,696,686,29.0,19.0,13.0,11.0,FT,True,home
145893,2023-09-06,2023-09-06 16:00:00,78,Superliga,Poland,2023,3,Kielce,Kalisz,4252,687,40.0,29.0,20.0,12.0,FT,True,home
145897,2023-09-06,2023-09-06 16:00:00,78,Superliga,Poland,2023,3,Zaglebie,Chrobry Glogow,697,685,27.0,37.0,16.0,17.0,FT,True,away
145891,2023-09-06,2023-09-06 18:00:00,78,Superliga,Poland,2023,3,Azoty-Pulawy,Wisla Plock,684,694,26.0,30.0,14.0,13.0,FT,True,away
145896,2023-09-06,2023-09-06 18:00:00,78,Superliga,Poland,2023,3,Ostrow Wielkopolski,Piotrkowianin Piotrkow,739,689,29.0,25.0,17.0,10.0,FT,True,home
145892,2023-09-07,2023-09-07 16:00:00,78,Superliga,Poland,2023,3,Gwardia Opole,Unia Tarnow,686,2070,30.0,26.0,13.0,13.0,FT,True,home
145895,2023-09-07,2023-09-07 16:00:00,78,Superliga,Poland,2023,3,MMTS Kwidzyn,Zabrze,688,696,33.0,35.0,19.0,16.0,AP,True,away
145894,2023-09-07,2023-09-07 18:00:00,78,Superliga,Poland,2023,3,Legionowo,Wybrzeze Gdansk,732,695,35.0,36.0,20.0,23.0,FT,True,away
145898,2023-09-09,2023-09-09 13:00:00,78,Superliga,Poland,2023,4,Wisla Plock,Chrobry Glogow,694,685,37.0,24.0,21.0,13.0,FT,True,home
145899,2023-09-10,2023-09-10 13:00:00,78,Superliga,Poland,2023,4,Zabrze,Kielce,696,4252,32.0,36.0,13.0,18.0,FT,True,away
145902,2023-09-10,2023-09-10 14:00:00,78,Superliga,Poland,2023,4,Unia Tarnow,MMTS Kwidzyn,2070,688,34.0,26.0,15.0,14.0,FT,True,home
145904,2023-09-10,2023-09-10 14:00:00,78,Superliga,Poland,2023,4,Piotrkowianin Piotrkow,Gwardia Opole,689,686,27.0,26.0,15.0,13.0,FT,True,home
145900,2023-09-10,2023-09-10 16:00:00,78,Superliga,Poland,2023,4,Wybrzeze Gdansk,Zaglebie,695,697,28.0,31.0,14.0,9.0,AP,True,away
145901,2023-09-10,2023-09-10 16:00:00,78,Superliga,Poland,2023,4,Kalisz,Legionowo,687,732,30.0,28.0,15.0,16.0,FT,True,home
145903,2023-09-12,2023-09-12 16:00:00,78,Superliga,Poland,2023,4,Azoty-Pulawy,Ostrow Wielkopolski,684,739,30.0,28.0,14.0,14.0,FT,True,home
145909,2023-09-16,2023-09-16 14:00:00,78,Superliga,Poland,2023,5,Kielce,Unia Tarnow,4252,2070,45.0,24.0,23.0,13.0,FT,True,home
145906,2023-09-16,2023-09-16 16:00:00,78,Superliga,Poland,2023,5,Ostrow Wielkopolski,Wisla Plock,739,694,23.0,31.0,14.0,16.0,FT,True,away
145910,2023-09-16,2023-09-16 16:00:00,78,Superliga,Poland,2023,5,Gwardia Opole,Azoty-Pulawy,686,684,35.0,33.0,16.0,18.0,AP,True,home
145911,2023-09-17,2023-09-17 13:00:00,78,Superliga,Poland,2023,5,Chrobry Glogow,Wybrzeze Gdansk,685,695,34.0,27.0,20.0,12.0,FT,True,home
145907,2023-09-17,2023-09-17 14:00:00,78,Superliga,Poland,2023,5,Zaglebie,Kalisz,697,687,31.0,27.0,13.0,11.0,FT,True,home
145908,2023-09-17,2023-09-17 14:00:00,78,Superliga,Poland,2023,5,Legionowo,Zabrze,732,696,22.0,31.0,8.0,16.0,FT,True,away
145905,2023-09-18,2023-09-18 16:00:00,78,Superliga,Poland,2023,5,MMTS Kwidzyn,Piotrkowianin Piotrkow,688,689,29.0,31.0,15.0,16.0,AP,True,away
145916,2023-09-23,2023-09-23 14:00:00,78,Superliga,Poland,2023,6,Unia Tarnow,Legionowo,2070,732,32.0,29.0,19.0,15.0,FT,True,home
145912,2023-09-23,2023-09-23 16:00:00,78,Superliga,Poland,2023,6,Azoty-Pulawy,MMTS Kwidzyn,684,688,37.0,25.0,21.0,13.0,FT,True,home
145914,2023-09-23,2023-09-23 16:00:00,78,Superliga,Poland,2023,6,Ostrow Wielkopolski,Gwardia Opole,739,686,28.0,27.0,14.0,13.0,FT,True,home
145917,2023-09-24,2023-09-24 13:00:00,78,Superliga,Poland,2023,6,Wisla Plock,Wybrzeze Gdansk,694,695,31.0,20.0,18.0,11.0,FT,True,home
145913,2023-09-24,2023-09-24 14:00:00,78,Superliga,Poland,2023,6,Kalisz,Chrobry Glogow,687,685,24.0,28.0,11.0,16.0,FT,True,away
145915,2023-09-24,2023-09-24 14:00:00,78,Superliga,Poland,2023,6,Piotrkowianin Piotrkow,Kielce,689,4252,26.0,45.0,11.0,23.0,FT,True,away
145918,2023-09-25,2023-09-25 16:00:00,78,Superliga,Poland,2023,6,Zabrze,Zaglebie,696,697,31.0,29.0,12.0,14.0,AP,True,home
145925,2023-10-01,2023-10-01 13:00:00,78,Superliga,Poland,2023,7,Kielce,Azoty-Pulawy,4252,684,39.0,23.0,22.0,12.0,FT,True,home
145919,2023-10-01,2023-10-01 14:00:00,78,Superliga,Poland,2023,7,MMTS Kwidzyn,Ostrow Wielkopolski,688,739,37.0,36.0,19.0,15.0,AP,True,home
145921,2023-10-01,2023-10-01 14:00:00,78,Superliga,Poland,2023,7,Wybrzeze Gdansk,Kalisz,695,687,30.0,34.0,15.0,16.0,FT,True,away
145924,2023-10-01,2023-10-01 14:00:00,78,Superliga,Poland,2023,7,Gwardia Opole,Wisla Plock,686,694,25.0,30.0,9.0,13.0,FT,True,away
145920,2023-10-01,2023-10-01 16:00:00,78,Superliga,Poland,2023,7,Zaglebie,Unia Tarnow,697,2070,21.0,25.0,11.0,11.0,FT,True,away
145922,2023-10-01,2023-10-01 16:00:00,78,Superliga,Poland,2023,7,Legionowo,Piotrkowianin Piotrkow,732,689,21.0,23.0,10.0,13.0,FT,True,away
145923,2023-10-02,2023-10-02 16:00:00,78,Superliga,Poland,2023,7,Chrobry Glogow,Zabrze,685,696,29.0,33.0,11.0,16.0,FT,True,away
145927,2023-10-04,2023-10-04 16:00:00,78,Superliga,Poland,2023,8,Wisla Plock,Kalisz,694,687,34.0,21.0,17.0,9.0,FT,True,home
145929,2023-10-06,2023-10-06 16:00:00,78,Superliga,Poland,2023,8,Piotrkowianin Piotrkow,Zaglebie,689,697,32.0,28.0,18.0,13.0,FT,True,home
145930,2023-10-06,2023-10-06 16:00:00,78,Superliga,Poland,2023,8,Ostrow Wielkopolski,Kielce,739,4252,27.0,38.0,13.0,16.0,FT,True,away
145926,2023-10-06,2023-10-06 18:00:00,78,Superliga,Poland,2023,8,Unia Tarnow,Chrobry Glogow,2070,685,27.0,32.0,14.0,16.0,FT,True,away
145932,2023-10-07,2023-10-07 14:00:00,78,Superliga,Poland,2023,8,Azoty-Pulawy,Legionowo,684,732,38.0,28.0,17.0,12.0,FT,True,home
145928,2023-10-08,2023-10-08 13:00:00,78,Superliga,Poland,2023,8,Zabrze,Wybrzeze Gdansk,696,695,31.0,26.0,17.0,14.0,FT,True,home
145931,2023-10-09,2023-10-09 16:00:00,78,Superliga,Poland,2023,8,Gwardia Opole,MMTS Kwidzyn,686,688,30.0,29.0,12.0,15.0,AP,True,home
145933,2023-10-13,2023-10-13 16:00:00,78,Superliga,Poland,2023,9,Chrobry Glogow,Piotrkowianin Piotrkow,685,689,35.0,31.0,18.0,12.0,FT,True,home
145935,2023-10-14,2023-10-14 14:00:00,78,Superliga,Poland,2023,9,Kielce,Gwardia Opole,4252,686,37.0,24.0,21.0,14.0,FT,True,home
145934,2023-10-14,2023-10-14 16:00:00,78,Superliga,Poland,2023,9,Kalisz,Zabrze,687,696,32.0,27.0,14.0,11.0,FT,True,home
145936,2023-10-14,2023-10-14 16:00:00,78,Superliga,Poland,2023,9,Legionowo,Ostrow Wielkopolski,732,739,25.0,31.0,13.0,15.0,FT,True,away
145938,2023-10-15,2023-10-15 13:00:00,78,Superliga,Poland,2023,9,Wybrzeze Gdansk,Unia Tarnow,695,2070,36.0,38.0,20.0,18.0,FT,True,away
145939,2023-10-15,2023-10-15 16:00:00,78,Superliga,Poland,2023,9,Zaglebie,Azoty-Pulawy,697,684,25.0,32.0,17.0,17.0,FT,True,away
145937,2023-10-16,2023-10-16 16:00:00,78,Superliga,Poland,2023,9,MMTS Kwidzyn,Wisla Plock,688,694,15.0,34.0,8.0,15.0,FT,True,away
145946,2023-10-20,2023-10-20 16:00:00,78,Superliga,Poland,2023,10,Azoty-Pulawy,Chrobry Glogow,684,685,27.0,28.0,15.0,11.0,FT,True,away
145940,2023-10-21,2023-10-21 14:00:00,78,Superliga,Poland,2023,10,Piotrkowianin Piotrkow,Wybrzeze Gdansk,689,695,31.0,30.0,17.0,17.0,FT,True,home
145944,2023-10-21,2023-10-21 16:00:00,78,Superliga,Poland,2023,10,MMTS Kwidzyn,Kielce,688,4252,29.0,48.0,13.0,28.0,FT,True,away
145942,2023-10-22,2023-10-22 13:00:00,78,Superliga,Poland,2023,10,Wisla Plock,Zabrze,694,696,26.0,22.0,12.0,9.0,FT,True,home
145943,2023-10-22,2023-10-22 14:00:00,78,Superliga,Poland,2023,10,Ostrow Wielkopolski,Zaglebie,739,697,26.0,27.0,10.0,16.0,FT,True,away
145945,2023-10-22,2023-10-22 14:00:00,78,Superliga,Poland,2023,10,Gwardia Opole,Legionowo,686,732,27.0,20.0,14.0,6.0,FT,True,home
145941,2023-10-23,2023-10-23 16:00:00,78,Superliga,Poland,2023,10,Unia Tarnow,Kalisz,2070,687,25.0,24.0,8.0,7.0,AP,True,home
145947,2023-11-10,2023-11-10 17:00:00,78,Superliga,Poland,2023,11,Chrobry Glogow,Ostrow Wielkopolski,685,739,36.0,31.0,14.0,10.0,FT,True,home
145952,2023-11-10,2023-11-10 17:00:00,78,Superliga,Poland,2023,11,Zabrze,Unia Tarnow,696,2070,26.0,19.0,13.0,9.0,FT,True,home
145948,2023-11-11,2023-11-11 15:00:00,78,Superliga,Poland,2023,11,Kalisz,Piotrkowianin Piotrkow,687,689,30.0,27.0,14.0,13.0,FT,True,home
145951,2023-11-12,2023-11-12 14:00:00,78,Superliga,Poland,2023,11,Wybrzeze Gdansk,Azoty-Pulawy,695,684,32.0,34.0,15.0,17.0,FT,True,away
145950,2023-11-12,2023-11-12 17:00:00,78,Superliga,Poland,2023,11,Legionowo,MMTS Kwidzyn,732,688,28.0,34.0,13.0,12.0,FT,True,away
145953,2023-11-12,2023-11-12 17:00:00,78,Superliga,Poland,2023,11,Zaglebie,Gwardia Opole,697,686,28.0,32.0,12.0,15.0,FT,True,away
145979,2023-11-15,2023-11-15 17:00:00,78,Superliga,Poland,2023,15,Ostrow Wielkopolski,Unia Tarnow,739,2070,27.0,24.0,12.0,10.0,FT,True,home
145955,2023-11-18,2023-11-18 15:00:00,78,Superliga,Poland,2023,12,Piotrkowianin Piotrkow,Zabrze,689,696,33.0,28.0,17.0,15.0,FT,True,home
145959,2023-11-18,2023-11-18 15:00:00,78,Superliga,Poland,2023,12,Gwardia Opole,Chrobry Glogow,686,685,24.0,22.0,13.0,9.0,FT,True,home
145958,2023-11-18,2023-11-18 17:00:00,78,Superliga,Poland,2023,12,Kielce,Legionowo,4252,732,39.0,32.0,18.0,12.0,FT,True,home
145960,2023-11-18,2023-11-18 17:00:00,78,Superliga,Poland,2023,12,Azoty-Pulawy,Kalisz,684,687,28.0,24.0,15.0,16.0,FT,True,home
145957,2023-11-19,2023-11-19 14:00:00,78,Superliga,Poland,2023,12,MMTS Kwidzyn,Zaglebie,688,697,26.0,25.0,12.0,11.0,FT,True,home
145954,2023-11-19,2023-11-19 15:00:00,78,Superliga,Poland,2023,12,Wisla Plock,Unia Tarnow,694,2070,35.0,13.0,14.0,8.0,FT,True,home
145956,2023-11-20,2023-11-20 17:00:00,78,Superliga,Poland,2023,12,Ostrow Wielkopolski,Wybrzeze Gdansk,739,695,30.0,28.0,16.0,17.0,FT,True,home
145966,2023-11-25,2023-11-25 14:00:00,78,Superliga,Poland,2023,13,Zabrze,Azoty-Pulawy,696,684,34.0,29.0,16.0,12.0,FT,True,home
145962,2023-11-25,2023-11-25 17:00:00,78,Superliga,Poland,2023,13,Kalisz,Ostrow Wielkopolski,687,739,28.0,22.0,13.0,8.0,FT,True,home
145967,2023-11-26,2023-11-26 15:00:00,78,Superliga,Poland,2023,13,Zaglebie,Kielce,697,4252,24.0,30.0,14.0,14.0,FT,True,away
145961,2023-11-26,2023-11-26 17:00:00,78,Superliga,Poland,2023,13,Chrobry Glogow,MMTS Kwidzyn,685,688,27.0,26.0,14.0,11.0,FT,True,home
145963,2023-11-26,2023-11-26 17:00:00,78,Superliga,Poland,2023,13,Legionowo,Wisla Plock,732,694,22.0,32.0,10.0,12.0,FT,True,away
145964,2023-11-27,2023-11-27 17:00:00,78,Superliga,Poland,2023,13,Unia Tarnow,Piotrkowianin Piotrkow,2070,689,32.0,24.0,21.0,9.0,FT,True,home
145965,2023-11-27,2023-11-27 17:00:00,78,Superliga,Poland,2023,13,Wybrzeze Gdansk,Gwardia Opole,695,686,27.0,26.0,14.0,14.0,FT,True,home
145972,2023-12-02,2023-12-02 15:00:00,78,Superliga,Poland,2023,14,Wisla Plock,Piotrkowianin Piotrkow,694,689,32.0,23.0,13.0,13.0,FT,True,home
145968,2023-12-02,2023-12-02 17:00:00,78,Superliga,Poland,2023,14,Wybrzeze Gdansk,MMTS Kwidzyn,695,688,22.0,26.0,12.0,12.0,FT,True,away
145974,2023-12-02,2023-12-02 17:00:00,78,Superliga,Poland,2023,14,Kalisz,Gwardia Opole,687,686,29.0,28.0,16.0,14.0,AP,True,home
145971,2023-12-02,2023-12-02 19:00:00,78,Superliga,Poland,2023,14,Chrobry Glogow,Kielce,685,4252,28.0,38.0,17.0,22.0,FT,True,away
145973,2023-12-03,2023-12-03 14:00:00,78,Superliga,Poland,2023,14,Unia Tarnow,Azoty-Pulawy,2070,684,21.0,37.0,11.0,16.0,FT,True,away
145970,2023-12-03,2023-12-03 15:00:00,78,Superliga,Poland,2023,14,Zabrze,Ostrow Wielkopolski,696,739,30.0,26.0,14.0,13.0,FT,True,home
145969,2023-12-04,2023-12-04 17:00:00,78,Superliga,Poland,2023,14,Zaglebie,Legionowo,697,732,22.0,23.0,13.0,9.0,FT,True,away
145975,2023-12-09,2023-12-09 15:00:00,78,Superliga,Poland,2023,15,Gwardia Opole,Zabrze,686,696,28.0,30.0,12.0,14.0,FT,True,away
145976,2023-12-09,2023-12-09 15:00:00,78,Superliga,Poland,2023,15,Kielce,Wybrzeze Gdansk,4252,695,34.0,30.0,15.0,14.0,FT,True,home
145978,2023-12-09,2023-12-09 17:00:00,78,Superliga,Poland,2023,15,MMTS Kwidzyn,Kalisz,688,687,22.0,26.0,9.0,12.0,FT,True,away
145980,2023-12-09,2023-12-09 18:00:00,78,Superliga,Poland,2023,15,Wisla Plock,Zaglebie,694,697,37.0,14.0,21.0,8.0,FT,True,home
145981,2023-12-10,2023-12-10 14:00:00,78,Superliga,Poland,2023,15,Azoty-Pulawy,Piotrkowianin Piotrkow,684,689,35.0,30.0,18.0,14.0,FT,True,home
145977,2023-12-11,2023-12-11 17:00:00,78,Superliga,Poland,2023,15,Legionowo,Chrobry Glogow,732,685,23.0,27.0,11.0,14.0,FT,True,away
145982,2023-12-13,2023-12-13 16:20:00,78,Superliga,Poland,2023,16,Wisla Plock,Azoty-Pulawy,694,684,34.0,28.0,17.0,12.0,FT,True,home
145983,2023-12-13,2023-12-13 17:00:00,78,Superliga,Poland,2023,16,Zabrze,MMTS Kwidzyn,696,688,27.0,24.0,15.0,15.0,FT,True,home
145986,2023-12-13,2023-12-13 17:00:00,78,Superliga,Poland,2023,16,Unia Tarnow,Gwardia Opole,2070,686,29.0,26.0,15.0,13.0,FT,True,home
145988,2023-12-13,2023-12-13 19:00:00,78,Superliga,Poland,2023,16,Kalisz,Kielce,687,4252,21.0,38.0,8.0,20.0,FT,True,away
145984,2023-12-14,2023-12-14 17:00:00,78,Superliga,Poland,2023,16,Wybrzeze Gdansk,Legionowo,695,732,28.0,30.0,13.0,11.0,FT,True,away
145985,2023-12-14,2023-12-14 17:00:00,78,Superliga,Poland,2023,16,Chrobry Glogow,Zaglebie,685,697,28.0,23.0,12.0,13.0,FT,True,home
145987,2023-12-14,2023-12-14 19:00:00,78,Superliga,Poland,2023,16,Piotrkowianin Piotrkow,Ostrow Wielkopolski,689,739,29.0,28.0,11.0,18.0,FT,True,home
145995,2023-12-17,2023-12-17 14:00:00,78,Superliga,Poland,2023,17,Kielce,Zabrze,4252,696,41.0,23.0,20.0,13.0,FT,True,home
145992,2023-12-17,2023-12-17 15:00:00,78,Superliga,Poland,2023,17,Legionowo,Kalisz,732,687,27.0,34.0,13.0,17.0,FT,True,away
145991,2023-12-17,2023-12-17 17:00:00,78,Superliga,Poland,2023,17,MMTS Kwidzyn,Unia Tarnow,688,2070,25.0,27.0,13.0,13.0,FT,True,away
145994,2023-12-17,2023-12-17 17:00:00,78,Superliga,Poland,2023,17,Chrobry Glogow,Wisla Plock,685,694,25.0,37.0,16.0,22.0,FT,True,away
145989,2023-12-18,2023-12-18 17:00:00,78,Superliga,Poland,2023,17,Zaglebie,Wybrzeze Gdansk,697,695,31.0,30.0,16.0,16.0,FT,True,home
145990,2023-12-18,2023-12-18 17:00:00,78,Superliga,Poland,2023,17,Ostrow Wielkopolski,Azoty-Pulawy,739,684,35.0,34.0,20.0,16.0,FT,True,home
145993,2023-12-19,2023-12-19 17:00:00,78,Superliga,Poland,2023,17,Gwardia Opole,Piotrkowianin Piotrkow,686,689,32.0,30.0,13.0,14.0,FT,True,home
145949,2023-12-20,2023-12-20 19:30:00,78,Superliga,Poland,2023,11,Kielce,Wisla Plock,4252,694,28.0,29.0,11.0,15.0,FT,True,away
145998,2024-02-02,2024-02-02 17:00:00,78,Superliga,Poland,2023,18,Zabrze,Legionowo,696,732,33.0,22.0,18.0,10.0,FT,True,home
145999,2024-02-03,2024-02-03 14:00:00,78,Superliga,Poland,2023,18,Unia Tarnow,Kielce,2070,4252,26.0,39.0,13.0,23.0,FT,True,away
145997,2024-02-03,2024-02-03 15:00:00,78,Superliga,Poland,2023,18,Wybrzeze Gdansk,Chrobry Glogow,695,685,21.0,27.0,11.0,13.0,FT,True,away
145996,2024-02-03,2024-02-03 17:00:00,78,Superliga,Poland,2023,18,Wisla Plock,Ostrow Wielkopolski,694,739,39.0,21.0,21.0,8.0,FT,True,home
146000,2024-02-03,2024-02-03 17:00:00,78,Superliga,Poland,2023,18,Piotrkowianin Piotrkow,MMTS Kwidzyn,689,688,21.0,38.0,10.0,19.0,FT,True,away
146001,2024-02-03,2024-02-03 17:00:00,78,Superliga,Poland,2023,18,Kalisz,Zaglebie,687,697,30.0,28.0,16.0,14.0,FT,True,home
146002,2024-02-04,2024-02-04 14:00:00,78,Superliga,Poland,2023,18,Azoty-Pulawy,Gwardia Opole,684,686,31.0,34.0,13.0,18.0,FT,True,away
146003,2024-02-07,2024-02-07 17:00:00,78,Superliga,Poland,2023,19,Chrobry Glogow,Kalisz,685,687,28.0,17.0,14.0,11.0,FT,True,home
146005,2024-02-07,2024-02-07 17:00:00,78,Superliga,Poland,2023,19,Kielce,Piotrkowianin Piotrkow,4252,689,41.0,27.0,22.0,13.0,FT,True,home
146007,2024-02-07,2024-02-07 17:00:00,78,Superliga,Poland,2023,19,MMTS Kwidzyn,Azoty-Pulawy,688,684,29.0,31.0,16.0,16.0,FT,True,away
146006,2024-02-07,2024-02-07 19:00:00,78,Superliga,Poland,2023,19,Legionowo,Unia Tarnow,732,2070,32.0,29.0,15.0,13.0,FT,True,home
146009,2024-02-07,2024-02-07 19:00:00,78,Superliga,Poland,2023,19,Zaglebie,Zabrze,697,696,24.0,35.0,9.0,19.0,FT,True,away
146004,2024-02-07,2024-02-07 19:30:00,78,Superliga,Poland,2023,19,Gwardia Opole,Ostrow Wielkopolski,686,739,26.0,27.0,16.0,15.0,FT,True,away
146008,2024-02-08,2024-02-08 17:00:00,78,Superliga,Poland,2023,19,Wybrzeze Gdansk,Wisla Plock,695,694,23.0,35.0,17.0,17.0,FT,True,away
146014,2024-02-10,2024-02-10 14:00:00,78,Superliga,Poland,2023,20,Azoty-Pulawy,Kielce,684,4252,28.0,39.0,13.0,21.0,FT,True,away
146012,2024-02-10,2024-02-10 15:00:00,78,Superliga,Poland,2023,20,Wisla Plock,Gwardia Opole,694,686,40.0,21.0,21.0,15.0,FT,True,home
146015,2024-02-10,2024-02-10 17:00:00,78,Superliga,Poland,2023,20,Ostrow Wielkopolski,MMTS Kwidzyn,739,688,32.0,31.0,17.0,17.0,FT,True,home
146010,2024-02-11,2024-02-11 14:00:00,78,Superliga,Poland,2023,20,Zabrze,Chrobry Glogow,696,685,39.0,26.0,19.0,15.0,FT,True,home
146011,2024-02-11,2024-02-11 15:00:00,78,Superliga,Poland,2023,20,Unia Tarnow,Zaglebie,2070,697,26.0,34.0,9.0,15.0,FT,True,away
146016,2024-02-11,2024-02-11 15:00:00,78,Superliga,Poland,2023,20,Kalisz,Wybrzeze Gdansk,687,695,26.0,24.0,10.0,11.0,FT,True,home
146013,2024-02-11,2024-02-11 17:00:00,78,Superliga,Poland,2023,20,Piotrkowianin Piotrkow,Legionowo,689,732,30.0,29.0,14.0,13.0,FT,True,home
146019,2024-02-17,2024-02-17 15:00:00,78,Superliga,Poland,2023,21,Wybrzeze Gdansk,Zabrze,695,696,32.0,33.0,15.0,15.0,AP,True,away
146022,2024-02-17,2024-02-17 15:00:00,78,Superliga,Poland,2023,21,Kielce,Ostrow Wielkopolski,4252,739,37.0,23.0,20.0,11.0,FT,True,home
146018,2024-02-17,2024-02-17 17:00:00,78,Superliga,Poland,2023,21,Chrobry Glogow,Unia Tarnow,685,2070,30.0,29.0,19.0,17.0,FT,True,home
146021,2024-02-17,2024-02-17 17:00:00,78,Superliga,Poland,2023,21,Legionowo,Azoty-Pulawy,732,684,41.0,39.0,19.0,17.0,FT,True,home
146023,2024-02-18,2024-02-18 14:00:00,78,Superliga,Poland,2023,21,Kalisz,Wisla Plock,687,694,19.0,32.0,8.0,13.0,FT,True,away
146017,2024-02-18,2024-02-18 15:00:00,78,Superliga,Poland,2023,21,MMTS Kwidzyn,Gwardia Opole,688,686,33.0,25.0,17.0,13.0,FT,True,home
146020,2024-02-19,2024-02-19 17:00:00,78,Superliga,Poland,2023,21,Zaglebie,Piotrkowianin Piotrkow,697,689,27.0,32.0,14.0,18.0,FT,True,away
146027,2024-02-23,2024-02-23 17:00:00,78,Superliga,Poland,2023,22,Unia Tarnow,Wybrzeze Gdansk,2070,695,29.0,33.0,17.0,18.0,FT,True,away
146028,2024-02-23,2024-02-23 19:00:00,78,Superliga,Poland,2023,22,Wisla Plock,MMTS Kwidzyn,694,688,44.0,22.0,24.0,12.0,FT,True,home
146025,2024-02-24,2024-02-24 17:00:00,78,Superliga,Poland,2023,22,Ostrow Wielkopolski,Legionowo,739,732,39.0,33.0,17.0,17.0,FT,True,home
146029,2024-02-25,2024-02-25 14:00:00,78,Superliga,Poland,2023,22,Zabrze,Kalisz,696,687,26.0,21.0,11.0,12.0,FT,True,home
146026,2024-02-25,2024-02-25 15:00:00,78,Superliga,Poland,2023,22,Piotrkowianin Piotrkow,Chrobry Glogow,689,685,26.0,31.0,15.0,13.0,FT,True,away
146030,2024-02-25,2024-02-25 15:00:00,78,Superliga,Poland,2023,22,Azoty-Pulawy,Zaglebie,684,697,36.0,24.0,17.0,12.0,FT,True,home
146024,2024-02-26,2024-02-26 17:00:00,78,Superliga,Poland,2023,22,Gwardia Opole,Kielce,686,4252,24.0,40.0,10.0,19.0,FT,True,away
146033,2024-03-02,2024-03-02 14:00:00,78,Superliga,Poland,2023,23,Zabrze,Wisla Plock,696,694,22.0,24.0,15.0,13.0,FT,True,away
146031,2024-03-02,2024-03-02 15:00:00,78,Superliga,Poland,2023,23,Wybrzeze Gdansk,Piotrkowianin Piotrkow,695,689,35.0,20.0,19.0,11.0,FT,True,home
146037,2024-03-02,2024-03-02 15:00:00,78,Superliga,Poland,2023,23,Kielce,MMTS Kwidzyn,4252,688,35.0,24.0,14.0,11.0,FT,True,home
146034,2024-03-02,2024-03-02 17:00:00,78,Superliga,Poland,2023,23,Legionowo,Gwardia Opole,732,686,35.0,37.0,15.0,14.0,AP,True,away
146035,2024-03-03,2024-03-03 17:00:00,78,Superliga,Poland,2023,23,Kalisz,Unia Tarnow,687,2070,28.0,22.0,12.0,8.0,FT,True,home
146032,2024-03-04,2024-03-04 17:00:00,78,Superliga,Poland,2023,23,Zaglebie,Ostrow Wielkopolski,697,739,29.0,32.0,14.0,17.0,FT,True,away
146036,2024-03-04,2024-03-04 17:00:00,78,Superliga,Poland,2023,23,Chrobry Glogow,Azoty-Pulawy,685,684,26.0,31.0,18.0,14.0,FT,True,away
146039,2024-03-20,2024-03-20 17:00:00,78,Superliga,Poland,2023,24,Gwardia Opole,Zaglebie,686,697,27.0,29.0,11.0,12.0,AP,True,away
146041,2024-03-20,2024-03-20 17:00:00,78,Superliga,Poland,2023,24,Ostrow Wielkopolski,Chrobry Glogow,739,685,26.0,27.0,12.0,12.0,FT,True,away
146042,2024-03-20,2024-03-20 17:00:00,78,Superliga,Poland,2023,24,Piotrkowianin Piotrkow,Kalisz,689,687,20.0,26.0,10.0,11.0,FT,True,away
146038,2024-03-20,2024-03-20 19:00:00,78,Superliga,Poland,2023,24,Azoty-Pulawy,Wybrzeze Gdansk,684,695,35.0,32.0,15.0,18.0,FT,True,home
146040,2024-03-20,2024-03-20 19:00:00,78,Superliga,Poland,2023,24,MMTS Kwidzyn,Legionowo,688,732,35.0,26.0,16.0,10.0,FT,True,home
146043,2024-03-20,2024-03-20 19:00:00,78,Superliga,Poland,2023,24,Unia Tarnow,Zabrze,2070,696,21.0,37.0,7.0,15.0,FT,True,away
146044,2024-03-21,2024-03-21 16:30:00,78,Superliga,Poland,2023,24,Wisla Plock,Kielce,694,4252,29.0,34.0,14.0,15.0,FT,True,away
146049,2024-03-23,2024-03-23 17:00:00,78,Superliga,Poland,2023,25,Unia Tarnow,Wisla Plock,2070,694,26.0,35.0,12.0,16.0,FT,True,away
146050,2024-03-23,2024-03-23 17:00:00,78,Superliga,Poland,2023,25,Legionowo,Kielce,732,4252,23.0,31.0,11.0,15.0,FT,True,away
146051,2024-03-24,2024-03-24 14:00:00,78,Superliga,Poland,2023,25,Chrobry Glogow,Gwardia Opole,685,686,26.0,25.0,15.0,14.0,FT,True,home
146045,2024-03-24,2024-03-24 15:00:00,78,Superliga,Poland,2023,25,Wybrzeze Gdansk,Ostrow Wielkopolski,695,739,36.0,28.0,21.0,15.0,FT,True,home
146047,2024-03-24,2024-03-24 17:00:00,78,Superliga,Poland,2023,25,Zabrze,Piotrkowianin Piotrkow,696,689,26.0,25.0,18.0,16.0,FT,True,home
146046,2024-03-25,2024-03-25 17:00:00,78,Superliga,Poland,2023,25,Zaglebie,MMTS Kwidzyn,697,688,29.0,25.0,18.0,13.0,FT,True,home
146048,2024-03-25,2024-03-25 17:00:00,78,Superliga,Poland,2023,25,Kalisz,Azoty-Pulawy,687,684,33.0,31.0,13.0,18.0,AP,True,home
146052,2024-03-30,2024-03-30 14:00:00,78,Superliga,Poland,2023,26,Azoty-Pulawy,Zabrze,684,696,31.0,40.0,11.0,17.0,FT,True,away
146054,2024-03-30,2024-03-30 15:00:00,78,Superliga,Poland,2023,26,Kielce,Zaglebie,4252,697,47.0,26.0,24.0,16.0,FT,True,home
146055,2024-03-30,2024-03-30 15:00:00,78,Superliga,Poland,2023,26,MMTS Kwidzyn,Chrobry Glogow,688,685,30.0,25.0,13.0,14.0,FT,True,home
146053,2024-03-30,2024-03-30 17:00:00,78,Superliga,Poland,2023,26,Gwardia Opole,Wybrzeze Gdansk,686,695,29.0,33.0,14.0,20.0,FT,True,away
146057,2024-03-30,2024-03-30 17:00:00,78,Superliga,Poland,2023,26,Piotrkowianin Piotrkow,Unia Tarnow,689,2070,26.0,27.0,11.0,14.0,FT,True,away
146058,2024-03-30,2024-03-30 17:00:00,78,Superliga,Poland,2023,26,Wisla Plock,Legionowo,694,732,26.0,16.0,11.0,7.0,FT,True,home
146056,2024-04-01,2024-04-01 13:00:00,78,Superliga,Poland,2023,26,Ostrow Wielkopolski,Kalisz,739,687,27.0,24.0,14.0,9.0,FT,True,home
159299,2024-04-06,2024-04-06 13:00:00,78,Superliga,Poland,2023,Quarter-finals,MMTS Kwidzyn,Kielce,688,4252,28.0,43.0,12.0,23.0,FT,True,away
159300,2024-04-06,2024-04-06 16:00:00,78,Superliga,Poland,2023,1,Legionowo,Gwardia Opole,732,686,18.0,30.0,9.0,17.0,FT,True,away
159301,2024-04-06,2024-04-06 16:00:00,78,Superliga,Poland,2023,1,Piotrkowianin Piotrkow,Wybrzeze Gdansk,689,695,29.0,33.0,12.0,16.0,FT,True,away
159302,2024-04-07,2024-04-07 13:00:00,78,Superliga,Poland,2023,Quarter-finals,Ostrow Wielkopolski,Wisla Plock,739,694,28.0,37.0,14.0,17.0,FT,True,away
159211,2024-04-07,2024-04-07 16:00:00,78,Superliga,Poland,2023,Quarter-finals,Azoty-Pulawy,Chrobry Glogow,684,685,36.0,35.0,15.0,18.0,AP,True,home
159245,2024-04-08,2024-04-08 16:00:00,78,Superliga,Poland,2023,Quarter-finals,Kalisz,Zabrze,687,696,19.0,26.0,7.0,12.0,FT,True,away
159303,2024-04-08,2024-04-08 16:00:00,78,Superliga,Poland,2023,1,Unia Tarnow,Zaglebie,2070,697,29.0,20.0,13.0,10.0,FT,True,home
159304,2024-04-13,2024-04-13 14:00:00,78,Superliga,Poland,2023,Quarter-finals,Kielce,MMTS Kwidzyn,4252,688,40.0,25.0,22.0,8.0,FT,True,home
159305,2024-04-13,2024-04-13 14:00:00,78,Superliga,Poland,2023,2,Wybrzeze Gdansk,Gwardia Opole,695,686,31.0,29.0,18.0,13.0,FT,True,home
159306,2024-04-13,2024-04-13 16:00:00,78,Superliga,Poland,2023,2,Unia Tarnow,Piotrkowianin Piotrkow,2070,689,29.0,21.0,16.0,9.0,FT,True,home
159212,2024-04-14,2024-04-14 13:00:00,78,Superliga,Poland,2023,Quarter-finals,Chrobry Glogow,Azoty-Pulawy,685,684,34.0,33.0,19.0,19.0,FT,True,home
159307,2024-04-14,2024-04-14 14:00:00,78,Superliga,Poland,2023,Quarter-finals,Wisla Plock,Ostrow Wielkopolski,694,739,21.0,20.0,8.0,11.0,FT,True,home
159308,2024-04-14,2024-04-14 14:00:00,78,Superliga,Poland,2023,2,Zaglebie,Legionowo,697,732,37.0,36.0,14.0,13.0,AP,True,home
159246,2024-04-15,2024-04-15 16:00:00,78,Superliga,Poland,2023,Quarter-finals,Zabrze,Kalisz,696,687,35.0,25.0,13.0,11.0,FT,True,home
159620,2024-04-17,2024-04-17 16:00:00,78,Superliga,Poland,2023,Quarter-finals,Chrobry Glogow,Azoty-Pulawy,685,684,26.0,24.0,13.0,11.0,FT,True,home
159309,2024-04-19,2024-04-19 16:00:00,78,Superliga,Poland,2023,3,Unia Tarnow,Wybrzeze Gdansk,2070,695,25.0,33.0,14.0,15.0,FT,True,away
159690,2024-04-20,2024-04-20 13:00:00,78,Superliga,Poland,2023,Semi-finals,Chrobry Glogow,Kielce,685,4252,22.0,30.0,10.0,11.0,FT,True,away
159310,2024-04-20,2024-04-20 16:00:00,78,Superliga,Poland,2023,3,Piotrkowianin Piotrkow,Legionowo,689,732,28.0,27.0,18.0,13.0,FT,True,home
159311,2024-04-21,2024-04-21 14:00:00,78,Superliga,Poland,2023,3,Gwardia Opole,Zaglebie,686,697,27.0,28.0,10.0,12.0,FT,True,away
159691,2024-04-21,2024-04-21 14:00:00,78,Superliga,Poland,2023,Semi-finals,Azoty-Pulawy,MMTS Kwidzyn,684,688,37.0,36.0,17.0,18.0,AP,True,home
159692,2024-04-21,2024-04-21 16:00:00,78,Superliga,Poland,2023,Semi-finals,Kalisz,Ostrow Wielkopolski,687,739,27.0,22.0,14.0,11.0,FT,True,home
159664,2024-04-22,2024-04-22 16:00:00,78,Superliga,Poland,2023,Semi-finals,Zabrze,Wisla Plock,696,694,30.0,31.0,17.0,16.0,FT,True,away
159693,2024-04-27,2024-04-27 13:10:00,78,Superliga,Poland,2023,Semi-finals,Kielce,Chrobry Glogow,4252,685,34.0,22.0,17.0,8.0,FT,True,home
159312,2024-04-27,2024-04-27 16:00:00,78,Superliga,Poland,2023,4,Legionowo,Unia Tarnow,732,2070,27.0,28.0,16.0,17.0,FT,True,away
159665,2024-04-28,2024-04-28 13:00:00,78,Superliga,Poland,2023,Semi-finals,Wisla Plock,Zabrze,694,696,34.0,19.0,17.0,12.0,FT,True,home
159313,2024-04-28,2024-04-28 14:00:00,78,Superliga,Poland,2023,4,Gwardia Opole,Piotrkowianin Piotrkow,686,689,27.0,26.0,13.0,16.0,FT,True,home
159314,2024-04-28,2024-04-28 16:00:00,78,Superliga,Poland,2023,4,Zaglebie,Wybrzeze Gdansk,697,695,36.0,37.0,13.0,19.0,FT,True,away
159735,2024-04-28,2024-04-28 16:00:00,78,Superliga,Poland,2023,7th place,Ostrow Wielkopolski,MMTS Kwidzyn,739,688,33.0,28.0,16.0,10.0,FT,True,home
159734,2024-04-29,2024-04-29 16:00:00,78,Superliga,Poland,2023,5th place,Azoty-Pulawy,Kalisz,684,687,30.0,25.0,11.0,11.0,FT,True,home
159315,2024-05-11,2024-05-11 16:00:00,78,Superliga,Poland,2023,5,Gwardia Opole,Unia Tarnow,686,2070,34.0,30.0,16.0,11.0,FT,True,home
159316,2024-05-15,2024-05-15 16:00:00,78,Superliga,Poland,2023,5,Piotrkowianin Piotrkow,Zaglebie,689,697,27.0,26.0,15.0,13.0,FT,True,home
159842,2024-05-18,2024-05-18 13:00:00,78,Superliga,Poland,2023,3rd place,Chrobry Glogow,Zabrze,685,696,21.0,28.0,11.0,17.0,FT,True,away
159317,2024-05-18,2024-05-18 16:00:00,78,Superliga,Poland,2023,5,Wybrzeze Gdansk,Legionowo,695,732,38.0,30.0,16.0,15.0,FT,True,home
159843,2024-05-19,2024-05-19 13:00:00,78,Superliga,Poland,2023,Final,Wisla Plock,Kielce,694,4252,24.0,23.0,12.0,11.0,AP,True,home
160225,2024-05-24,2024-05-24 17:00:00,78,Superliga,Poland,2023,Final,Zamosc,Zaglebie,753,697,29.0,29.0,13.0,12.0,FT,True,draw
159845,2024-05-25,2024-05-25 18:00:00,78,Superliga,Poland,2023,3rd place,Zabrze,Chrobry Glogow,696,685,33.0,27.0,17.0,8.0,FT,True,home
159844,2024-05-26,2024-05-26 18:00:00,78,Superliga,Poland,2023,Final,Kielce,Wisla Plock,4252,694,27.0,28.0,10.0,9.0,AP,True,away
160226,2024-05-28,2024-05-28 16:00:00,78,Superliga,Poland,2023,Final,Zaglebie,Zamosc,697,753,38.0,28.0,20.0,11.0,FT,True,home
148181,2023-09-06,2023-09-06 18:30:00,103,Liga ASOBAL,Spain,2023,9,Barcelona,Anaitasuna,962,958,45.0,26.0,26.0,14.0,FT,True,home
148119,2023-09-08,2023-09-08 18:00:00,103,Liga ASOBAL,Spain,2023,1,Granollers,Nava,966,970,37.0,29.0,20.0,13.0,FT,True,home
148117,2023-09-09,2023-09-09 14:45:00,103,Liga ASOBAL,Spain,2023,1,CD Bidasoa Irun,Barcelona,964,962,26.0,26.0,16.0,13.0,FT,True,draw
148122,2023-09-09,2023-09-09 16:00:00,103,Liga ASOBAL,Spain,2023,1,Puerto Sagunto,Torrelavega,986,972,20.0,26.0,11.0,11.0,FT,True,away
148123,2023-09-09,2023-09-09 17:30:00,103,Liga ASOBAL,Spain,2023,1,BM Sinfin,Benidorm,961,963,22.0,30.0,12.0,15.0,FT,True,away
148118,2023-09-09,2023-09-09 19:00:00,103,Liga ASOBAL,Spain,2023,1,Cuenca,Anaitasuna,965,958,24.0,21.0,13.0,10.0,FT,True,home
148116,2023-09-10,2023-09-10 16:00:00,103,Liga ASOBAL,Spain,2023,1,Ademar,Puente Genil,957,971,23.0,23.0,15.0,12.0,FT,True,draw
148120,2023-09-10,2023-09-10 17:30:00,103,Liga ASOBAL,Spain,2023,1,Huesca,Atl. Valladolid,967,960,25.0,30.0,9.0,14.0,FT,True,away
148121,2023-09-10,2023-09-10 19:00:00,103,Liga ASOBAL,Spain,2023,1,Morrazo Cangas,La Rioja,969,968,29.0,32.0,14.0,15.0,FT,True,away
148124,2023-09-15,2023-09-15 18:00:00,103,Liga ASOBAL,Spain,2023,2,La Rioja,Huesca,968,967,30.0,30.0,14.0,14.0,FT,True,draw
148131,2023-09-15,2023-09-15 19:30:00,103,Liga ASOBAL,Spain,2023,2,Anaitasuna,Granollers,958,966,30.0,26.0,15.0,12.0,FT,True,home
148129,2023-09-16,2023-09-16 14:00:00,103,Liga ASOBAL,Spain,2023,2,Barcelona,Cuenca,962,965,46.0,18.0,28.0,11.0,FT,True,home
148126,2023-09-16,2023-09-16 15:30:00,103,Liga ASOBAL,Spain,2023,2,Puente Genil,Morrazo Cangas,971,969,24.0,22.0,11.0,12.0,FT,True,home
148125,2023-09-16,2023-09-16 17:00:00,103,Liga ASOBAL,Spain,2023,2,Torrelavega,CD Bidasoa Irun,972,964,29.0,34.0,13.0,18.0,FT,True,away
148128,2023-09-16,2023-09-16 18:30:00,103,Liga ASOBAL,Spain,2023,2,Benidorm,Ademar,963,957,26.0,26.0,13.0,10.0,FT,True,draw
148130,2023-09-17,2023-09-17 10:30:00,103,Liga ASOBAL,Spain,2023,2,Atl. Valladolid,Puerto Sagunto,960,986,33.0,26.0,20.0,12.0,FT,True,home
148127,2023-09-17,2023-09-17 17:00:00,103,Liga ASOBAL,Spain,2023,2,Nava,BM Sinfin,970,961,32.0,25.0,17.0,13.0,FT,True,home
148135,2023-09-22,2023-09-22 18:00:00,103,Liga ASOBAL,Spain,2023,3,CD Bidasoa Irun,Atl. Valladolid,964,960,31.0,27.0,13.0,14.0,FT,True,home
148137,2023-09-22,2023-09-22 19:30:00,103,Liga ASOBAL,Spain,2023,3,Huesca,Puente Genil,967,971,32.0,31.0,15.0,11.0,FT,True,home
148133,2023-09-23,2023-09-23 10:00:00,103,Liga ASOBAL,Spain,2023,3,Barcelona,Torrelavega,962,972,41.0,24.0,22.0,15.0,FT,True,home
148132,2023-09-23,2023-09-23 16:30:00,103,Liga ASOBAL,Spain,2023,3,Ademar,Nava,957,970,34.0,34.0,18.0,17.0,FT,True,draw
148139,2023-09-23,2023-09-23 18:00:00,103,Liga ASOBAL,Spain,2023,3,Puerto Sagunto,La Rioja,986,968,24.0,22.0,12.0,11.0,FT,True,home
148134,2023-09-24,2023-09-24 11:00:00,103,Liga ASOBAL,Spain,2023,3,BM Sinfin,Anaitasuna,961,958,30.0,35.0,18.0,17.0,FT,True,away
148138,2023-09-24,2023-09-24 15:30:00,103,Liga ASOBAL,Spain,2023,3,Morrazo Cangas,Benidorm,969,963,34.0,34.0,16.0,14.0,FT,True,draw
148136,2023-09-24,2023-09-24 17:00:00,103,Liga ASOBAL,Spain,2023,3,Cuenca,Granollers,965,966,28.0,30.0,15.0,15.0,FT,True,away
148144,2023-09-29,2023-09-29 18:00:00,103,Liga ASOBAL,Spain,2023,4,Granollers,BM Sinfin,966,961,32.0,24.0,13.0,10.0,FT,True,home
148142,2023-09-29,2023-09-29 19:30:00,103,Liga ASOBAL,Spain,2023,4,Puente Genil,Puerto Sagunto,971,986,37.0,27.0,19.0,16.0,FT,True,home
148145,2023-09-30,2023-09-30 15:30:00,103,Liga ASOBAL,Spain,2023,4,Benidorm,Huesca,963,967,26.0,26.0,13.0,12.0,FT,True,draw
148140,2023-09-30,2023-09-30 17:00:00,103,Liga ASOBAL,Spain,2023,4,La Rioja,CD Bidasoa Irun,968,964,27.0,28.0,13.0,11.0,FT,True,away
148143,2023-09-30,2023-09-30 18:30:00,103,Liga ASOBAL,Spain,2023,4,Nava,Morrazo Cangas,970,969,29.0,29.0,14.0,16.0,FT,True,draw
148146,2023-10-01,2023-10-01 10:30:00,103,Liga ASOBAL,Spain,2023,4,Atl. Valladolid,Barcelona,960,962,31.0,42.0,15.0,22.0,FT,True,away
148141,2023-10-01,2023-10-01 16:30:00,103,Liga ASOBAL,Spain,2023,4,Torrelavega,Cuenca,972,965,34.0,28.0,14.0,14.0,FT,True,home
148147,2023-10-01,2023-10-01 18:15:00,103,Liga ASOBAL,Spain,2023,4,Anaitasuna,Ademar,958,957,28.0,25.0,11.0,9.0,FT,True,home
148192,2023-10-03,2023-10-03 18:30:00,103,Liga ASOBAL,Spain,2023,10,Granollers,Barcelona,966,962,23.0,40.0,9.0,19.0,FT,True,away
148149,2023-10-06,2023-10-06 18:00:00,103,Liga ASOBAL,Spain,2023,5,Barcelona,La Rioja,962,968,38.0,29.0,22.0,19.0,FT,True,home
148151,2023-10-06,2023-10-06 19:30:00,103,Liga ASOBAL,Spain,2023,5,Cuenca,BM Sinfin,965,961,33.0,24.0,19.0,14.0,FT,True,home
148150,2023-10-07,2023-10-07 15:00:00,103,Liga ASOBAL,Spain,2023,5,CD Bidasoa Irun,Puente Genil,964,971,37.0,19.0,19.0,9.0,FT,True,home
148155,2023-10-07,2023-10-07 16:30:00,103,Liga ASOBAL,Spain,2023,5,Torrelavega,Atl. Valladolid,972,960,26.0,28.0,14.0,14.0,FT,True,away
148153,2023-10-07,2023-10-07 18:00:00,103,Liga ASOBAL,Spain,2023,5,Morrazo Cangas,Anaitasuna,969,958,32.0,31.0,14.0,15.0,FT,True,home
148148,2023-10-08,2023-10-08 10:00:00,103,Liga ASOBAL,Spain,2023,5,Ademar,Granollers,957,966,29.0,29.0,14.0,16.0,FT,True,draw
148152,2023-10-08,2023-10-08 16:30:00,103,Liga ASOBAL,Spain,2023,5,Huesca,Nava,967,970,35.0,28.0,17.0,15.0,FT,True,home
148154,2023-10-08,2023-10-08 18:00:00,103,Liga ASOBAL,Spain,2023,5,Puerto Sagunto,Benidorm,986,963,24.0,27.0,11.0,14.0,FT,True,away
148156,2023-10-13,2023-10-13 18:45:00,103,Liga ASOBAL,Spain,2023,6,La Rioja,Torrelavega,968,972,33.0,26.0,14.0,12.0,FT,True,home
148162,2023-10-14,2023-10-14 15:00:00,103,Liga ASOBAL,Spain,2023,6,Atl. Valladolid,Cuenca,960,965,29.0,26.0,15.0,12.0,FT,True,home
148158,2023-10-14,2023-10-14 16:30:00,103,Liga ASOBAL,Spain,2023,6,Nava,Puerto Sagunto,970,986,30.0,28.0,11.0,16.0,FT,True,home
148160,2023-10-14,2023-10-14 18:00:00,103,Liga ASOBAL,Spain,2023,6,Granollers,Morrazo Cangas,966,969,40.0,31.0,18.0,16.0,FT,True,home
148163,2023-10-15,2023-10-15 10:30:00,103,Liga ASOBAL,Spain,2023,6,Anaitasuna,Huesca,958,967,32.0,31.0,13.0,14.0,FT,True,home
148161,2023-10-15,2023-10-15 14:45:00,103,Liga ASOBAL,Spain,2023,6,Benidorm,CD Bidasoa Irun,963,964,24.0,31.0,8.0,15.0,FT,True,away
148157,2023-10-15,2023-10-15 16:15:00,103,Liga ASOBAL,Spain,2023,6,Puente Genil,Barcelona,971,962,28.0,36.0,14.0,17.0,FT,True,away
148159,2023-10-15,2023-10-15 17:45:00,103,Liga ASOBAL,Spain,2023,6,BM Sinfin,Ademar,961,957,34.0,43.0,16.0,19.0,FT,True,away
148167,2023-10-20,2023-10-20 18:30:00,103,Liga ASOBAL,Spain,2023,7,Cuenca,Ademar,965,957,39.0,32.0,21.0,15.0,FT,True,home
148165,2023-10-21,2023-10-21 10:00:00,103,Liga ASOBAL,Spain,2023,7,Barcelona,Benidorm,962,963,33.0,30.0,17.0,10.0,FT,True,home
148171,2023-10-21,2023-10-21 14:00:00,103,Liga ASOBAL,Spain,2023,7,Torrelavega,Puente Genil,972,971,31.0,28.0,17.0,13.0,FT,True,home
148166,2023-10-21,2023-10-21 15:30:00,103,Liga ASOBAL,Spain,2023,7,CD Bidasoa Irun,Nava,964,970,37.0,26.0,17.0,12.0,FT,True,home
148168,2023-10-21,2023-10-21 17:00:00,103,Liga ASOBAL,Spain,2023,7,Huesca,Granollers,967,966,27.0,35.0,14.0,14.0,FT,True,away
148164,2023-10-21,2023-10-21 18:30:00,103,Liga ASOBAL,Spain,2023,7,Atl. Valladolid,La Rioja,960,968,29.0,25.0,11.0,10.0,FT,True,home
148170,2023-10-22,2023-10-22 15:30:00,103,Liga ASOBAL,Spain,2023,7,Puerto Sagunto,Anaitasuna,986,958,25.0,26.0,15.0,9.0,FT,True,away
148169,2023-10-22,2023-10-22 17:00:00,103,Liga ASOBAL,Spain,2023,7,Morrazo Cangas,BM Sinfin,969,961,31.0,32.0,16.0,16.0,FT,True,away
148173,2023-10-27,2023-10-27 18:00:00,103,Liga ASOBAL,Spain,2023,8,Puente Genil,Atl. Valladolid,971,960,29.0,27.0,12.0,14.0,FT,True,home
148178,2023-10-27,2023-10-27 18:30:00,103,Liga ASOBAL,Spain,2023,8,Anaitasuna,CD Bidasoa Irun,958,964,20.0,24.0,12.0,10.0,FT,True,away
148179,2023-10-27,2023-10-27 18:30:00,103,Liga ASOBAL,Spain,2023,8,Ademar,Morrazo Cangas,957,969,39.0,27.0,20.0,16.0,FT,True,home
148176,2023-10-27,2023-10-27 19:00:00,103,Liga ASOBAL,Spain,2023,8,BM Sinfin,Huesca,961,967,29.0,29.0,14.0,17.0,FT,True,draw
148177,2023-10-27,2023-10-27 19:30:00,103,Liga ASOBAL,Spain,2023,8,Benidorm,Torrelavega,963,972,35.0,33.0,17.0,15.0,FT,True,home
148175,2023-10-28,2023-10-28 15:00:00,103,Liga ASOBAL,Spain,2023,8,La Rioja,Cuenca,968,965,30.0,34.0,13.0,15.0,FT,True,away
148174,2023-10-28,2023-10-28 16:30:00,103,Liga ASOBAL,Spain,2023,8,Nava,Barcelona,970,962,31.0,37.0,15.0,13.0,FT,True,away
148172,2023-10-29,2023-10-29 11:30:00,103,Liga ASOBAL,Spain,2023,8,Granollers,Puerto Sagunto,966,986,35.0,28.0,17.0,12.0,FT,True,home
148186,2023-11-07,2023-11-07 19:00:00,103,Liga ASOBAL,Spain,2023,9,Puerto Sagunto,BM Sinfin,986,961,38.0,38.0,21.0,22.0,FT,True,draw
148180,2023-11-08,2023-11-08 19:00:00,103,Liga ASOBAL,Spain,2023,9,Atl. Valladolid,Benidorm,960,963,31.0,30.0,12.0,12.0,FT,True,home
148185,2023-11-08,2023-11-08 19:00:00,103,Liga ASOBAL,Spain,2023,9,La Rioja,Puente Genil,968,971,24.0,21.0,10.0,10.0,FT,True,home
148183,2023-11-08,2023-11-08 19:30:00,103,Liga ASOBAL,Spain,2023,9,Cuenca,Morrazo Cangas,965,969,33.0,28.0,16.0,10.0,FT,True,home
148187,2023-11-08,2023-11-08 19:30:00,103,Liga ASOBAL,Spain,2023,9,Torrelavega,Nava,972,970,33.0,26.0,14.0,13.0,FT,True,home
148184,2023-11-08,2023-11-08 20:00:00,103,Liga ASOBAL,Spain,2023,9,Huesca,Ademar,967,957,26.0,29.0,13.0,16.0,FT,True,away
148182,2023-11-09,2023-11-09 19:00:00,103,Liga ASOBAL,Spain,2023,9,CD Bidasoa Irun,Granollers,964,966,30.0,33.0,12.0,14.0,FT,True,away
148193,2023-11-11,2023-11-11 15:30:00,103,Liga ASOBAL,Spain,2023,10,Benidorm,La Rioja,963,968,28.0,34.0,11.0,17.0,FT,True,away
148189,2023-11-11,2023-11-11 17:00:00,103,Liga ASOBAL,Spain,2023,10,Puente Genil,Cuenca,971,965,30.0,25.0,14.0,13.0,FT,True,home
148194,2023-11-11,2023-11-11 18:30:00,103,Liga ASOBAL,Spain,2023,10,Anaitasuna,Torrelavega,958,972,32.0,29.0,12.0,13.0,FT,True,home
148190,2023-11-11,2023-11-11 20:00:00,103,Liga ASOBAL,Spain,2023,10,Nava,Atl. Valladolid,970,960,23.0,22.0,10.0,14.0,FT,True,home
148195,2023-11-12,2023-11-12 11:30:00,103,Liga ASOBAL,Spain,2023,10,Ademar,Puerto Sagunto,957,986,35.0,23.0,17.0,7.0,FT,True,home
148188,2023-11-12,2023-11-12 17:30:00,103,Liga ASOBAL,Spain,2023,10,Morrazo Cangas,Huesca,969,967,30.0,30.0,17.0,12.0,FT,True,draw
148191,2023-11-12,2023-11-12 19:00:00,103,Liga ASOBAL,Spain,2023,10,BM Sinfin,CD Bidasoa Irun,961,964,21.0,29.0,13.0,14.0,FT,True,away
148198,2023-11-17,2023-11-17 19:00:00,103,Liga ASOBAL,Spain,2023,11,CD Bidasoa Irun,Ademar,964,957,31.0,27.0,16.0,15.0,FT,True,home
148197,2023-11-18,2023-11-18 16:00:00,103,Liga ASOBAL,Spain,2023,11,Barcelona,BM Sinfin,962,961,44.0,25.0,23.0,11.0,FT,True,home
148199,2023-11-18,2023-11-18 16:00:00,103,Liga ASOBAL,Spain,2023,11,Cuenca,Huesca,965,967,25.0,27.0,10.0,10.0,FT,True,away
148202,2023-11-18,2023-11-18 17:30:00,103,Liga ASOBAL,Spain,2023,11,Puerto Sagunto,Morrazo Cangas,986,969,34.0,26.0,17.0,12.0,FT,True,home
148201,2023-11-18,2023-11-18 19:00:00,103,Liga ASOBAL,Spain,2023,11,Puente Genil,Benidorm,971,963,29.0,39.0,13.0,17.0,FT,True,away
148203,2023-11-19,2023-11-19 11:30:00,103,Liga ASOBAL,Spain,2023,11,Torrelavega,Granollers,972,966,31.0,35.0,16.0,16.0,FT,True,away
148200,2023-11-19,2023-11-19 15:30:00,103,Liga ASOBAL,Spain,2023,11,La Rioja,Nava,968,970,39.0,35.0,20.0,18.0,FT,True,home
148196,2023-11-19,2023-11-19 17:00:00,103,Liga ASOBAL,Spain,2023,11,Atl. Valladolid,Anaitasuna,960,958,34.0,33.0,17.0,19.0,FT,True,home
148204,2023-11-24,2023-11-24 19:00:00,103,Liga ASOBAL,Spain,2023,12,Huesca,Puerto Sagunto,967,986,33.0,22.0,16.0,10.0,FT,True,home
148208,2023-11-24,2023-11-24 20:30:00,103,Liga ASOBAL,Spain,2023,12,Granollers,Atl. Valladolid,966,960,35.0,27.0,14.0,13.0,FT,True,home
148210,2023-11-25,2023-11-25 16:00:00,103,Liga ASOBAL,Spain,2023,12,Anaitasuna,La Rioja,958,968,33.0,36.0,18.0,20.0,FT,True,away
148209,2023-11-25,2023-11-25 17:30:00,103,Liga ASOBAL,Spain,2023,12,Benidorm,Cuenca,963,965,30.0,27.0,14.0,15.0,FT,True,home
148207,2023-11-25,2023-11-25 19:00:00,103,Liga ASOBAL,Spain,2023,12,BM Sinfin,Torrelavega,961,972,30.0,37.0,12.0,18.0,FT,True,away
148205,2023-11-26,2023-11-26 11:30:00,103,Liga ASOBAL,Spain,2023,12,Nava,Puente Genil,970,971,27.0,26.0,13.0,16.0,FT,True,home
148206,2023-11-26,2023-11-26 16:30:00,103,Liga ASOBAL,Spain,2023,12,Morrazo Cangas,CD Bidasoa Irun,969,964,25.0,27.0,13.0,16.0,FT,True,away
148211,2023-11-26,2023-11-26 18:00:00,103,Liga ASOBAL,Spain,2023,12,Ademar,Barcelona,957,962,25.0,39.0,11.0,23.0,FT,True,away
148218,2023-12-01,2023-12-01 19:00:00,103,Liga ASOBAL,Spain,2023,13,Puente Genil,Anaitasuna,971,958,33.0,33.0,11.0,12.0,FT,True,draw
148217,2023-12-02,2023-12-02 15:00:00,103,Liga ASOBAL,Spain,2023,13,La Rioja,Granollers,968,966,34.0,31.0,16.0,20.0,FT,True,home
148213,2023-12-02,2023-12-02 17:00:00,103,Liga ASOBAL,Spain,2023,13,Barcelona,Morrazo Cangas,962,969,38.0,32.0,19.0,14.0,FT,True,home
148216,2023-12-02,2023-12-02 18:30:00,103,Liga ASOBAL,Spain,2023,13,Cuenca,Puerto Sagunto,965,986,33.0,24.0,14.0,10.0,FT,True,home
148215,2023-12-02,2023-12-02 20:00:00,103,Liga ASOBAL,Spain,2023,13,CD Bidasoa Irun,Huesca,964,967,31.0,24.0,19.0,12.0,FT,True,home
148219,2023-12-03,2023-12-03 11:30:00,103,Liga ASOBAL,Spain,2023,13,Torrelavega,Ademar,972,957,31.0,30.0,13.0,14.0,FT,True,home
148214,2023-12-03,2023-12-03 16:00:00,103,Liga ASOBAL,Spain,2023,13,Benidorm,Nava,963,970,29.0,32.0,15.0,14.0,FT,True,away
148212,2023-12-03,2023-12-03 17:30:00,103,Liga ASOBAL,Spain,2023,13,Atl. Valladolid,BM Sinfin,960,961,29.0,26.0,17.0,19.0,FT,True,home
148224,2023-12-08,2023-12-08 17:30:00,103,Liga ASOBAL,Spain,2023,14,Granollers,Puente Genil,966,971,22.0,26.0,8.0,11.0,FT,True,away
148226,2023-12-08,2023-12-08 19:00:00,103,Liga ASOBAL,Spain,2023,14,Anaitasuna,Benidorm,958,963,29.0,26.0,14.0,9.0,FT,True,home
148227,2023-12-09,2023-12-09 15:30:00,103,Liga ASOBAL,Spain,2023,14,Ademar,Atl. Valladolid,957,960,27.0,22.0,16.0,9.0,FT,True,home
148221,2023-12-09,2023-12-09 17:00:00,103,Liga ASOBAL,Spain,2023,14,Puerto Sagunto,CD Bidasoa Irun,986,964,26.0,32.0,13.0,17.0,FT,True,away
148223,2023-12-09,2023-12-09 18:30:00,103,Liga ASOBAL,Spain,2023,14,Cuenca,Nava,965,970,27.0,27.0,12.0,15.0,FT,True,draw
148222,2023-12-09,2023-12-09 20:00:00,103,Liga ASOBAL,Spain,2023,14,Morrazo Cangas,Torrelavega,969,972,27.0,27.0,15.0,14.0,FT,True,draw
148225,2023-12-10,2023-12-10 11:30:00,103,Liga ASOBAL,Spain,2023,14,BM Sinfin,La Rioja,961,968,27.0,32.0,15.0,16.0,FT,True,away
148220,2023-12-10,2023-12-10 19:15:00,103,Liga ASOBAL,Spain,2023,14,Huesca,Barcelona,967,962,28.0,46.0,10.0,27.0,FT,True,away
148231,2023-12-12,2023-12-12 19:00:00,103,Liga ASOBAL,Spain,2023,15,CD Bidasoa Irun,Cuenca,964,965,35.0,31.0,18.0,16.0,FT,True,home
148229,2023-12-12,2023-12-12 19:30:00,103,Liga ASOBAL,Spain,2023,15,Barcelona,Puerto Sagunto,962,986,41.0,24.0,22.0,10.0,FT,True,home
148230,2023-12-12,2023-12-12 20:00:00,103,Liga ASOBAL,Spain,2023,15,Benidorm,Granollers,963,966,29.0,29.0,15.0,16.0,FT,True,draw
148235,2023-12-13,2023-12-13 19:00:00,103,Liga ASOBAL,Spain,2023,15,Torrelavega,Huesca,972,967,39.0,28.0,22.0,15.0,FT,True,home
148228,2023-12-13,2023-12-13 19:30:00,103,Liga ASOBAL,Spain,2023,15,Atl. Valladolid,Morrazo Cangas,960,969,38.0,38.0,16.0,20.0,FT,True,draw
148232,2023-12-13,2023-12-13 20:00:00,103,Liga ASOBAL,Spain,2023,15,La Rioja,Ademar,968,957,37.0,34.0,19.0,19.0,FT,True,home
148233,2023-12-13,2023-12-13 20:30:00,103,Liga ASOBAL,Spain,2023,15,Nava,Anaitasuna,970,958,33.0,31.0,15.0,20.0,FT,True,home
148234,2023-12-14,2023-12-14 19:30:00,103,Liga ASOBAL,Spain,2023,15,Puente Genil,BM Sinfin,971,961,31.0,25.0,17.0,13.0,FT,True,home
148238,2024-02-02,2024-02-02 19:00:00,103,Liga ASOBAL,Spain,2023,16,Puente Genil,Ademar,971,957,26.0,28.0,12.0,14.0,FT,True,away
148237,2024-02-02,2024-02-02 20:30:00,103,Liga ASOBAL,Spain,2023,16,Torrelavega,Puerto Sagunto,972,986,32.0,27.0,14.0,14.0,FT,True,home
148241,2024-02-03,2024-02-03 16:00:00,103,Liga ASOBAL,Spain,2023,16,Barcelona,CD Bidasoa Irun,962,964,30.0,23.0,14.0,14.0,FT,True,home
148240,2024-02-03,2024-02-03 17:30:00,103,Liga ASOBAL,Spain,2023,16,La Rioja,Morrazo Cangas,968,969,32.0,27.0,18.0,8.0,FT,True,home
148236,2024-02-03,2024-02-03 19:00:00,103,Liga ASOBAL,Spain,2023,16,Nava,Granollers,970,966,33.0,35.0,15.0,22.0,FT,True,away
148242,2024-02-04,2024-02-04 11:30:00,103,Liga ASOBAL,Spain,2023,16,Atl. Valladolid,Huesca,960,967,26.0,27.0,13.0,11.0,FT,True,away
148243,2024-02-04,2024-02-04 16:00:00,103,Liga ASOBAL,Spain,2023,16,Benidorm,BM Sinfin,963,961,26.0,25.0,13.0,8.0,FT,True,home
148239,2024-02-04,2024-02-04 17:30:00,103,Liga ASOBAL,Spain,2023,16,Anaitasuna,Cuenca,958,965,26.0,24.0,13.0,16.0,FT,True,home
148246,2024-02-09,2024-02-09 19:00:00,103,Liga ASOBAL,Spain,2023,17,Huesca,La Rioja,967,968,36.0,32.0,17.0,16.0,FT,True,home
148249,2024-02-09,2024-02-09 20:30:00,103,Liga ASOBAL,Spain,2023,17,CD Bidasoa Irun,Torrelavega,964,972,34.0,31.0,18.0,15.0,FT,True,home
148248,2024-02-10,2024-02-10 16:00:00,103,Liga ASOBAL,Spain,2023,17,Cuenca,Barcelona,965,962,21.0,36.0,9.0,18.0,FT,True,away
148247,2024-02-10,2024-02-10 17:30:00,103,Liga ASOBAL,Spain,2023,17,Puerto Sagunto,Atl. Valladolid,986,960,29.0,34.0,16.0,19.0,FT,True,away
148251,2024-02-10,2024-02-10 19:00:00,103,Liga ASOBAL,Spain,2023,17,Ademar,Benidorm,957,963,37.0,32.0,21.0,13.0,FT,True,home
148250,2024-02-11,2024-02-11 11:30:00,103,Liga ASOBAL,Spain,2023,17,BM Sinfin,Nava,961,970,40.0,33.0,21.0,17.0,FT,True,home
148245,2024-02-11,2024-02-11 17:30:00,103,Liga ASOBAL,Spain,2023,17,Morrazo Cangas,Puente Genil,969,971,27.0,27.0,12.0,12.0,FT,True,draw
148244,2024-02-11,2024-02-11 19:00:00,103,Liga ASOBAL,Spain,2023,17,Granollers,Anaitasuna,966,958,32.0,31.0,15.0,15.0,FT,True,home
148255,2024-02-16,2024-02-16 19:00:00,103,Liga ASOBAL,Spain,2023,18,Granollers,Cuenca,966,965,29.0,29.0,17.0,14.0,FT,True,draw
148252,2024-02-16,2024-02-16 20:30:00,103,Liga ASOBAL,Spain,2023,18,Anaitasuna,BM Sinfin,958,961,27.0,27.0,14.0,11.0,FT,True,draw
148256,2024-02-17,2024-02-17 15:00:00,103,Liga ASOBAL,Spain,2023,18,La Rioja,Puerto Sagunto,968,986,38.0,27.0,17.0,8.0,FT,True,home
148254,2024-02-17,2024-02-17 16:30:00,103,Liga ASOBAL,Spain,2023,18,Benidorm,Morrazo Cangas,963,969,32.0,23.0,14.0,10.0,FT,True,home
148259,2024-02-17,2024-02-17 18:00:00,103,Liga ASOBAL,Spain,2023,18,Torrelavega,Barcelona,972,962,27.0,36.0,18.0,19.0,FT,True,away
148258,2024-02-17,2024-02-17 19:30:00,103,Liga ASOBAL,Spain,2023,18,Puente Genil,Huesca,971,967,43.0,32.0,23.0,15.0,FT,True,home
148253,2024-02-18,2024-02-18 11:30:00,103,Liga ASOBAL,Spain,2023,18,Atl. Valladolid,CD Bidasoa Irun,960,964,33.0,35.0,16.0,15.0,FT,True,away
148257,2024-02-18,2024-02-18 19:00:00,103,Liga ASOBAL,Spain,2023,18,Nava,Ademar,970,957,31.0,30.0,15.0,13.0,FT,True,home
148267,2024-02-23,2024-02-23 19:30:00,103,Liga ASOBAL,Spain,2023,19,Ademar,Anaitasuna,957,958,38.0,23.0,17.0,12.0,FT,True,home
148266,2024-02-24,2024-02-24 12:00:00,103,Liga ASOBAL,Spain,2023,19,Barcelona,Atl. Valladolid,962,960,42.0,27.0,21.0,12.0,FT,True,home
148265,2024-02-24,2024-02-24 16:30:00,103,Liga ASOBAL,Spain,2023,19,BM Sinfin,Granollers,961,966,25.0,38.0,9.0,15.0,FT,True,away
148261,2024-02-24,2024-02-24 18:00:00,103,Liga ASOBAL,Spain,2023,19,Morrazo Cangas,Nava,969,970,29.0,29.0,14.0,12.0,FT,True,draw
148260,2024-02-24,2024-02-24 19:30:00,103,Liga ASOBAL,Spain,2023,19,Cuenca,Torrelavega,965,972,25.0,29.0,12.0,13.0,FT,True,away
148263,2024-02-25,2024-02-25 16:00:00,103,Liga ASOBAL,Spain,2023,19,Puerto Sagunto,Puente Genil,986,971,30.0,31.0,14.0,17.0,FT,True,away
148262,2024-02-25,2024-02-25 17:30:00,103,Liga ASOBAL,Spain,2023,19,Huesca,Benidorm,967,963,37.0,30.0,17.0,18.0,FT,True,home
148264,2024-02-25,2024-02-25 19:00:00,103,Liga ASOBAL,Spain,2023,19,CD Bidasoa Irun,La Rioja,964,968,36.0,25.0,16.0,11.0,FT,True,home
148272,2024-02-29,2024-02-29 19:00:00,103,Liga ASOBAL,Spain,2023,20,Granollers,Ademar,966,957,34.0,34.0,16.0,19.0,FT,True,draw
148275,2024-03-01,2024-03-01 19:00:00,103,Liga ASOBAL,Spain,2023,20,Puente Genil,CD Bidasoa Irun,971,964,28.0,27.0,15.0,11.0,FT,True,home
148271,2024-03-02,2024-03-02 16:30:00,103,Liga ASOBAL,Spain,2023,20,BM Sinfin,Cuenca,961,965,29.0,36.0,13.0,19.0,FT,True,away
148269,2024-03-02,2024-03-02 18:00:00,103,Liga ASOBAL,Spain,2023,20,Atl. Valladolid,Torrelavega,960,972,32.0,33.0,16.0,18.0,FT,True,away
148274,2024-03-02,2024-03-02 19:30:00,103,Liga ASOBAL,Spain,2023,20,Nava,Huesca,970,967,36.0,34.0,18.0,18.0,FT,True,home
148268,2024-03-03,2024-03-03 11:30:00,103,Liga ASOBAL,Spain,2023,20,Anaitasuna,Morrazo Cangas,958,969,32.0,29.0,15.0,14.0,FT,True,home
148270,2024-03-03,2024-03-03 17:30:00,103,Liga ASOBAL,Spain,2023,20,Benidorm,Puerto Sagunto,963,986,31.0,24.0,15.0,13.0,FT,True,home
148273,2024-03-03,2024-03-03 19:00:00,103,Liga ASOBAL,Spain,2023,20,La Rioja,Barcelona,968,962,24.0,30.0,10.0,16.0,FT,True,away
148280,2024-03-08,2024-03-08 19:00:00,103,Liga ASOBAL,Spain,2023,21,Huesca,Anaitasuna,967,958,28.0,23.0,15.0,10.0,FT,True,home
148278,2024-03-08,2024-03-08 19:30:00,103,Liga ASOBAL,Spain,2023,21,Morrazo Cangas,Granollers,969,966,32.0,32.0,15.0,17.0,FT,True,draw
148283,2024-03-08,2024-03-08 20:00:00,103,Liga ASOBAL,Spain,2023,21,Ademar,BM Sinfin,957,961,37.0,24.0,19.0,9.0,FT,True,home
148282,2024-03-09,2024-03-09 11:00:00,103,Liga ASOBAL,Spain,2023,21,Barcelona,Puente Genil,962,971,32.0,18.0,14.0,7.0,FT,True,home
148279,2024-03-09,2024-03-09 16:00:00,103,Liga ASOBAL,Spain,2023,21,Cuenca,Atl. Valladolid,965,960,33.0,27.0,19.0,17.0,FT,True,home
148277,2024-03-09,2024-03-09 17:00:00,103,Liga ASOBAL,Spain,2023,21,Puerto Sagunto,Nava,986,970,25.0,31.0,11.0,17.0,FT,True,away
148281,2024-03-09,2024-03-09 18:00:00,103,Liga ASOBAL,Spain,2023,21,CD Bidasoa Irun,Benidorm,964,963,26.0,26.0,13.0,20.0,FT,True,draw
148276,2024-03-09,2024-03-09 19:00:00,103,Liga ASOBAL,Spain,2023,21,Torrelavega,La Rioja,972,968,27.0,31.0,13.0,15.0,FT,True,away
148289,2024-03-23,2024-03-23 16:30:00,103,Liga ASOBAL,Spain,2023,22,La Rioja,Atl. Valladolid,968,960,28.0,25.0,15.0,13.0,FT,True,home
148286,2024-03-23,2024-03-23 18:00:00,103,Liga ASOBAL,Spain,2023,22,Benidorm,Barcelona,963,962,28.0,34.0,17.0,16.0,FT,True,away
148287,2024-03-23,2024-03-23 18:30:00,103,Liga ASOBAL,Spain,2023,22,BM Sinfin,Morrazo Cangas,961,969,22.0,26.0,12.0,14.0,FT,True,away
148290,2024-03-23,2024-03-23 20:00:00,103,Liga ASOBAL,Spain,2023,22,Nava,CD Bidasoa Irun,970,964,29.0,28.0,14.0,16.0,FT,True,home
148285,2024-03-24,2024-03-24 11:30:00,103,Liga ASOBAL,Spain,2023,22,Anaitasuna,Puerto Sagunto,958,986,24.0,22.0,12.0,12.0,FT,True,home
148284,2024-03-24,2024-03-24 17:00:00,103,Liga ASOBAL,Spain,2023,22,Ademar,Cuenca,957,965,37.0,27.0,19.0,9.0,FT,True,home
148288,2024-03-24,2024-03-24 18:30:00,103,Liga ASOBAL,Spain,2023,22,Granollers,Huesca,966,967,36.0,27.0,18.0,14.0,FT,True,home
148291,2024-03-24,2024-03-24 20:00:00,103,Liga ASOBAL,Spain,2023,22,Puente Genil,Torrelavega,971,972,32.0,28.0,15.0,12.0,FT,True,home
148299,2024-03-28,2024-03-28 16:00:00,103,Liga ASOBAL,Spain,2023,23,Barcelona,Nava,962,970,36.0,25.0,18.0,12.0,FT,True,home
148298,2024-03-29,2024-03-29 18:00:00,103,Liga ASOBAL,Spain,2023,23,CD Bidasoa Irun,Anaitasuna,964,958,42.0,33.0,23.0,12.0,FT,True,home
148297,2024-03-30,2024-03-30 16:00:00,103,Liga ASOBAL,Spain,2023,23,Atl. Valladolid,Puente Genil,960,971,26.0,21.0,13.0,10.0,FT,True,home
148293,2024-03-30,2024-03-30 17:30:00,103,Liga ASOBAL,Spain,2023,23,Huesca,BM Sinfin,967,961,37.0,29.0,19.0,15.0,FT,True,home
148294,2024-03-30,2024-03-30 19:00:00,103,Liga ASOBAL,Spain,2023,23,Morrazo Cangas,Ademar,969,957,34.0,31.0,20.0,16.0,FT,True,home
148296,2024-03-31,2024-03-31 10:30:00,103,Liga ASOBAL,Spain,2023,23,Cuenca,La Rioja,965,968,32.0,35.0,13.0,19.0,FT,True,away
148295,2024-03-31,2024-03-31 16:00:00,103,Liga ASOBAL,Spain,2023,23,Puerto Sagunto,Granollers,986,966,21.0,33.0,12.0,13.0,FT,True,away
148292,2024-03-31,2024-03-31 17:30:00,103,Liga ASOBAL,Spain,2023,23,Torrelavega,Benidorm,972,963,31.0,30.0,17.0,18.0,FT,True,home
148306,2024-04-05,2024-04-05 18:00:00,103,Liga ASOBAL,Spain,2023,24,Puente Genil,La Rioja,971,968,24.0,31.0,10.0,12.0,FT,True,away
148301,2024-04-06,2024-04-06 14:00:00,103,Liga ASOBAL,Spain,2023,24,Benidorm,Atl. Valladolid,963,960,28.0,29.0,16.0,15.0,FT,True,away
148305,2024-04-06,2024-04-06 15:30:00,103,Liga ASOBAL,Spain,2023,24,Nava,Torrelavega,970,972,34.0,33.0,18.0,19.0,FT,True,home
148300,2024-04-06,2024-04-06 17:00:00,103,Liga ASOBAL,Spain,2023,24,Anaitasuna,Barcelona,958,962,24.0,40.0,10.0,17.0,FT,True,away
148307,2024-04-06,2024-04-06 18:30:00,103,Liga ASOBAL,Spain,2023,24,Ademar,Huesca,957,967,35.0,29.0,19.0,15.0,FT,True,home
148303,2024-04-07,2024-04-07 11:00:00,103,Liga ASOBAL,Spain,2023,24,Granollers,CD Bidasoa Irun,966,964,30.0,30.0,15.0,14.0,FT,True,draw
148302,2024-04-07,2024-04-07 15:30:00,103,Liga ASOBAL,Spain,2023,24,BM Sinfin,Puerto Sagunto,961,986,27.0,27.0,16.0,13.0,FT,True,draw
148304,2024-04-07,2024-04-07 17:00:00,103,Liga ASOBAL,Spain,2023,24,Morrazo Cangas,Cuenca,969,965,34.0,31.0,14.0,15.0,FT,True,home
148312,2024-04-13,2024-04-13 14:00:00,103,Liga ASOBAL,Spain,2023,25,CD Bidasoa Irun,BM Sinfin,964,961,36.0,24.0,19.0,12.0,FT,True,home
148310,2024-04-13,2024-04-13 15:30:00,103,Liga ASOBAL,Spain,2023,25,Puerto Sagunto,Ademar,986,957,27.0,31.0,14.0,16.0,FT,True,away
148313,2024-04-13,2024-04-13 16:00:00,103,Liga ASOBAL,Spain,2023,25,Barcelona,Granollers,962,966,40.0,37.0,21.0,19.0,FT,True,home
148311,2024-04-13,2024-04-13 17:30:00,103,Liga ASOBAL,Spain,2023,25,La Rioja,Benidorm,968,963,33.0,23.0,16.0,8.0,FT,True,home
148314,2024-04-14,2024-04-14 10:45:00,103,Liga ASOBAL,Spain,2023,25,Atl. Valladolid,Nava,960,970,32.0,29.0,16.0,12.0,FT,True,home
148315,2024-04-14,2024-04-14 15:00:00,103,Liga ASOBAL,Spain,2023,25,Cuenca,Puente Genil,965,971,28.0,27.0,16.0,16.0,FT,True,home
148308,2024-04-14,2024-04-14 16:30:00,103,Liga ASOBAL,Spain,2023,25,Huesca,Morrazo Cangas,967,969,29.0,38.0,15.0,23.0,FT,True,away
148309,2024-04-14,2024-04-14 18:00:00,103,Liga ASOBAL,Spain,2023,25,Torrelavega,Anaitasuna,972,958,26.0,37.0,15.0,15.0,FT,True,away
148329,2024-04-17,2024-04-17 18:00:00,103,Liga ASOBAL,Spain,2023,27,Barcelona,Ademar,962,957,39.0,29.0,20.0,16.0,FT,True,home
148321,2024-04-19,2024-04-19 18:00:00,103,Liga ASOBAL,Spain,2023,26,Huesca,Cuenca,967,965,33.0,26.0,14.0,12.0,FT,True,home
148320,2024-04-19,2024-04-19 19:30:00,103,Liga ASOBAL,Spain,2023,26,Granollers,Torrelavega,966,972,29.0,26.0,14.0,9.0,FT,True,home
148318,2024-04-20,2024-04-20 16:00:00,103,Liga ASOBAL,Spain,2023,26,Benidorm,Puente Genil,963,971,31.0,27.0,16.0,13.0,FT,True,home
148322,2024-04-20,2024-04-20 17:30:00,103,Liga ASOBAL,Spain,2023,26,Morrazo Cangas,Puerto Sagunto,969,986,35.0,29.0,15.0,13.0,FT,True,home
148319,2024-04-20,2024-04-20 19:00:00,103,Liga ASOBAL,Spain,2023,26,BM Sinfin,Barcelona,961,962,16.0,37.0,6.0,19.0,FT,True,away
148323,2024-04-21,2024-04-21 10:30:00,103,Liga ASOBAL,Spain,2023,26,Nava,La Rioja,970,968,26.0,27.0,15.0,13.0,FT,True,away
148316,2024-04-21,2024-04-21 15:00:00,103,Liga ASOBAL,Spain,2023,26,Ademar,CD Bidasoa Irun,957,964,33.0,32.0,18.0,15.0,FT,True,home
148317,2024-04-21,2024-04-21 16:30:00,103,Liga ASOBAL,Spain,2023,26,Anaitasuna,Atl. Valladolid,958,960,39.0,35.0,18.0,11.0,FT,True,home
148327,2024-04-26,2024-04-26 18:00:00,103,Liga ASOBAL,Spain,2023,27,CD Bidasoa Irun,Morrazo Cangas,964,969,34.0,23.0,17.0,11.0,FT,True,home
148326,2024-04-27,2024-04-27 15:30:00,103,Liga ASOBAL,Spain,2023,27,Puerto Sagunto,Huesca,986,967,31.0,34.0,13.0,16.0,FT,True,away
148325,2024-04-27,2024-04-27 17:00:00,103,Liga ASOBAL,Spain,2023,27,Torrelavega,BM Sinfin,972,961,26.0,24.0,11.0,10.0,FT,True,home
148328,2024-04-27,2024-04-27 18:30:00,103,Liga ASOBAL,Spain,2023,27,La Rioja,Anaitasuna,968,958,32.0,25.0,17.0,13.0,FT,True,home
148324,2024-04-28,2024-04-28 10:00:00,103,Liga ASOBAL,Spain,2023,27,Puente Genil,Nava,971,970,28.0,32.0,14.0,16.0,FT,True,away
148331,2024-04-28,2024-04-28 15:00:00,103,Liga ASOBAL,Spain,2023,27,Cuenca,Benidorm,965,963,24.0,24.0,11.0,11.0,FT,True,draw
148330,2024-04-28,2024-04-28 16:30:00,103,Liga ASOBAL,Spain,2023,27,Atl. Valladolid,Granollers,960,966,36.0,30.0,18.0,14.0,FT,True,home
148336,2024-05-03,2024-05-03 18:30:00,103,Liga ASOBAL,Spain,2023,28,Huesca,CD Bidasoa Irun,967,964,32.0,29.0,17.0,15.0,FT,True,home
148334,2024-05-04,2024-05-04 15:00:00,103,Liga ASOBAL,Spain,2023,28,BM Sinfin,Atl. Valladolid,961,960,31.0,36.0,16.0,19.0,FT,True,away
148339,2024-05-04,2024-05-04 16:30:00,103,Liga ASOBAL,Spain,2023,28,Puerto Sagunto,Cuenca,986,965,28.0,33.0,14.0,18.0,FT,True,away
148338,2024-05-04,2024-05-04 18:00:00,103,Liga ASOBAL,Spain,2023,28,Nava,Benidorm,970,963,29.0,29.0,15.0,17.0,FT,True,draw
148332,2024-05-05,2024-05-05 10:30:00,103,Liga ASOBAL,Spain,2023,28,Ademar,Torrelavega,957,972,40.0,30.0,22.0,15.0,FT,True,home
148333,2024-05-05,2024-05-05 15:00:00,103,Liga ASOBAL,Spain,2023,28,Anaitasuna,Puente Genil,958,971,34.0,27.0,18.0,16.0,FT,True,home
148337,2024-05-05,2024-05-05 16:30:00,103,Liga ASOBAL,Spain,2023,28,Morrazo Cangas,Barcelona,969,962,24.0,45.0,12.0,23.0,FT,True,away
148335,2024-05-05,2024-05-05 18:00:00,103,Liga ASOBAL,Spain,2023,28,Granollers,La Rioja,966,968,30.0,28.0,16.0,16.0,FT,True,home
148346,2024-05-17,2024-05-17 18:30:00,103,Liga ASOBAL,Spain,2023,29,Barcelona,Huesca,962,967,41.0,29.0,17.0,14.0,FT,True,home
148340,2024-05-18,2024-05-18 16:00:00,103,Liga ASOBAL,Spain,2023,29,Nava,Cuenca,970,965,35.0,32.0,18.0,16.0,FT,True,home
148341,2024-05-18,2024-05-18 16:00:00,103,Liga ASOBAL,Spain,2023,29,Torrelavega,Morrazo Cangas,972,969,32.0,33.0,17.0,14.0,FT,True,away
148342,2024-05-18,2024-05-18 16:00:00,103,Liga ASOBAL,Spain,2023,29,Puente Genil,Granollers,971,966,25.0,28.0,12.0,12.0,FT,True,away
148344,2024-05-18,2024-05-18 16:00:00,103,Liga ASOBAL,Spain,2023,29,La Rioja,BM Sinfin,968,961,32.0,28.0,14.0,11.0,FT,True,home
148345,2024-05-18,2024-05-18 16:00:00,103,Liga ASOBAL,Spain,2023,29,CD Bidasoa Irun,Puerto Sagunto,964,986,34.0,24.0,16.0,15.0,FT,True,home
148347,2024-05-18,2024-05-18 16:00:00,103,Liga ASOBAL,Spain,2023,29,Atl. Valladolid,Ademar,960,957,36.0,33.0,20.0,16.0,FT,True,home
148343,2024-05-18,2024-05-18 17:30:00,103,Liga ASOBAL,Spain,2023,29,Benidorm,Anaitasuna,963,958,37.0,40.0,19.0,20.0,FT,True,away
148348,2024-05-25,2024-05-25 15:00:00,103,Liga ASOBAL,Spain,2023,30,Ademar,La Rioja,957,968,33.0,33.0,17.0,19.0,FT,True,draw
148350,2024-05-25,2024-05-25 15:00:00,103,Liga ASOBAL,Spain,2023,30,BM Sinfin,Puente Genil,961,971,27.0,35.0,13.0,18.0,FT,True,away
148351,2024-05-25,2024-05-25 15:00:00,103,Liga ASOBAL,Spain,2023,30,Cuenca,CD Bidasoa Irun,965,964,29.0,26.0,14.0,15.0,FT,True,home
148352,2024-05-25,2024-05-25 15:00:00,103,Liga ASOBAL,Spain,2023,30,Granollers,Benidorm,966,963,35.0,27.0,18.0,12.0,FT,True,home
148354,2024-05-25,2024-05-25 15:00:00,103,Liga ASOBAL,Spain,2023,30,Morrazo Cangas,Atl. Valladolid,969,960,30.0,29.0,13.0,13.0,FT,True,home
148355,2024-05-25,2024-05-25 15:00:00,103,Liga ASOBAL,Spain,2023,30,Puerto Sagunto,Barcelona,986,962,20.0,51.0,6.0,24.0,FT,True,away
148353,2024-05-25,2024-05-25 17:00:00,103,Liga ASOBAL,Spain,2023,30,Huesca,Torrelavega,967,972,34.0,30.0,18.0,12.0,FT,True,home
148349,2024-05-25,2024-05-25 18:00:00,103,Liga ASOBAL,Spain,2023,30,Anaitasuna,Nava,958,970,27.0,28.0,11.0,18.0,FT,True,away
160322,2024-06-05,2024-06-05 18:30:00,103,Liga ASOBAL,Spain,2023,Final,Burgos,Morrazo Cangas,977,969,30.0,42.0,14.0,19.0,FT,True,away
160323,2024-06-08,2024-06-08 16:00:00,103,Liga ASOBAL,Spain,2023,Final,Morrazo Cangas,Burgos,969,977,37.0,38.0,19.0,18.0,FT,True,away
144284,2023-09-15,2023-09-15 17:00:00,113,Handbollsligan,Sweden,2023,,Karlskrona,Amo HK,1012,1009,27.0,31.0,12.0,14.0,FT,True,away
144282,2023-09-16,2023-09-16 15:00:00,113,Handbollsligan,Sweden,2023,,Hallby,Kristianstad,1038,1041,30.0,26.0,13.0,14.0,FT,True,home
144281,2023-09-17,2023-09-17 15:00:00,113,Handbollsligan,Sweden,2023,,Aranas,Guif,1036,1037,22.0,23.0,9.0,14.0,FT,True,away
144285,2023-09-18,2023-09-18 18:15:00,113,Handbollsligan,Sweden,2023,,Onnereds,Skovde,1044,1047,34.0,27.0,14.0,12.0,FT,True,home
144286,2023-09-19,2023-09-19 17:00:00,113,Handbollsligan,Sweden,2023,,Ystads IF,Savehof,1048,1046,24.0,27.0,10.0,15.0,FT,True,away
144280,2023-09-20,2023-09-20 17:00:00,113,Handbollsligan,Sweden,2023,,Alingsas,Lugi,1035,1042,29.0,24.0,14.0,11.0,FT,True,home
144283,2023-09-20,2023-09-20 17:00:00,113,Handbollsligan,Sweden,2023,,Hammarby,Malmo,1039,1043,30.0,26.0,16.0,11.0,FT,True,home
154316,2023-09-23,2023-09-23 13:00:00,113,Handbollsligan,Sweden,2023,,Amo HK,Onnereds,1009,1044,37.0,25.0,16.0,14.0,FT,True,home
154317,2023-09-23,2023-09-23 14:30:00,113,Handbollsligan,Sweden,2023,,Savehof,Karlskrona,1046,1012,35.0,26.0,17.0,12.0,FT,True,home
154318,2023-09-23,2023-09-23 16:00:00,113,Handbollsligan,Sweden,2023,,Skovde,Alingsas,1047,1035,28.0,20.0,15.0,8.0,FT,True,home
154319,2023-09-24,2023-09-24 14:00:00,113,Handbollsligan,Sweden,2023,,Lugi,Hammarby,1042,1039,33.0,36.0,16.0,20.0,FT,True,away
154320,2023-09-24,2023-09-24 14:00:00,113,Handbollsligan,Sweden,2023,,Guif,Hallby,1037,1038,27.0,30.0,8.0,19.0,FT,True,away
154321,2023-09-24,2023-09-24 14:30:00,113,Handbollsligan,Sweden,2023,,Kristianstad,Aranas,1041,1036,35.0,23.0,14.0,8.0,FT,True,home
154322,2023-09-24,2023-09-24 14:30:00,113,Handbollsligan,Sweden,2023,,Malmo,Ystads IF,1043,1048,30.0,29.0,15.0,15.0,FT,True,home
154323,2023-09-27,2023-09-27 17:00:00,113,Handbollsligan,Sweden,2023,,Alingsas,Kristianstad,1035,1041,31.0,24.0,12.0,11.0,FT,True,home
154324,2023-09-27,2023-09-27 17:00:00,113,Handbollsligan,Sweden,2023,,Hammarby,Ystads IF,1039,1048,29.0,27.0,17.0,8.0,FT,True,home
154325,2023-09-28,2023-09-28 17:00:00,113,Handbollsligan,Sweden,2023,,Amo HK,Aranas,1009,1036,33.0,27.0,19.0,11.0,FT,True,home
154326,2023-09-28,2023-09-28 17:00:00,113,Handbollsligan,Sweden,2023,,Karlskrona,Hallby,1012,1038,30.0,25.0,17.0,10.0,FT,True,home
154327,2023-09-28,2023-09-28 17:00:00,113,Handbollsligan,Sweden,2023,,Lugi,Guif,1042,1037,30.0,25.0,13.0,9.0,FT,True,home
154329,2023-09-28,2023-09-28 17:00:00,113,Handbollsligan,Sweden,2023,,Skovde,Malmo,1047,1043,29.0,29.0,15.0,16.0,FT,True,draw
154328,2023-09-28,2023-09-28 18:00:00,113,Handbollsligan,Sweden,2023,,Onnereds,Savehof,1044,1046,23.0,35.0,12.0,17.0,FT,True,away
154330,2023-10-01,2023-10-01 15:00:00,113,Handbollsligan,Sweden,2023,,Savehof,Hammarby,1046,1039,33.0,34.0,18.0,19.0,FT,True,away
154331,2023-10-02,2023-10-02 17:00:00,113,Handbollsligan,Sweden,2023,,Hallby,Amo HK,1038,1009,30.0,32.0,20.0,17.0,FT,True,away
154332,2023-10-02,2023-10-02 17:00:00,113,Handbollsligan,Sweden,2023,,Kristianstad,Onnereds,1041,1044,27.0,27.0,15.0,15.0,FT,True,draw
154333,2023-10-03,2023-10-03 17:00:00,113,Handbollsligan,Sweden,2023,,Aranas,Karlskrona,1036,1012,33.0,30.0,18.0,14.0,FT,True,home
154334,2023-10-03,2023-10-03 17:00:00,113,Handbollsligan,Sweden,2023,,Guif,Skovde,1037,1047,27.0,24.0,13.0,14.0,FT,True,home
154335,2023-10-03,2023-10-03 17:00:00,113,Handbollsligan,Sweden,2023,,Malmo,Alingsas,1043,1035,28.0,25.0,15.0,10.0,FT,True,home
154336,2023-10-03,2023-10-03 17:00:00,113,Handbollsligan,Sweden,2023,,Ystads IF,Lugi,1048,1042,33.0,24.0,17.0,7.0,FT,True,home
154337,2023-10-06,2023-10-06 17:00:00,113,Handbollsligan,Sweden,2023,,Alingsas,Aranas,1035,1036,37.0,27.0,16.0,10.0,FT,True,home
154338,2023-10-06,2023-10-06 17:00:00,113,Handbollsligan,Sweden,2023,,Karlskrona,Hammarby,1012,1039,28.0,26.0,10.0,15.0,FT,True,home
154339,2023-10-06,2023-10-06 17:00:00,113,Handbollsligan,Sweden,2023,,Lugi,Hallby,1042,1038,31.0,30.0,16.0,15.0,FT,True,home
154340,2023-10-06,2023-10-06 17:00:00,113,Handbollsligan,Sweden,2023,,Onnereds,Ystads IF,1044,1048,30.0,25.0,12.0,12.0,FT,True,home
154341,2023-10-06,2023-10-06 17:00:00,113,Handbollsligan,Sweden,2023,,Skovde,Savehof,1047,1046,33.0,30.0,16.0,14.0,FT,True,home
154342,2023-10-07,2023-10-07 13:00:00,113,Handbollsligan,Sweden,2023,,Amo HK,Kristianstad,1009,1041,26.0,32.0,11.0,16.0,FT,True,away
154343,2023-10-08,2023-10-08 14:30:00,113,Handbollsligan,Sweden,2023,,Malmo,Guif,1043,1037,30.0,23.0,16.0,6.0,FT,True,home
154344,2023-10-09,2023-10-09 17:00:00,113,Handbollsligan,Sweden,2023,,Alingsas,Savehof,1035,1046,28.0,29.0,12.0,17.0,FT,True,away
154345,2023-10-12,2023-10-12 17:00:00,113,Handbollsligan,Sweden,2023,,Guif,Onnereds,1037,1044,24.0,23.0,13.0,10.0,FT,True,home
154346,2023-10-12,2023-10-12 17:00:00,113,Handbollsligan,Sweden,2023,,Savehof,Amo HK,1046,1009,35.0,29.0,17.0,18.0,FT,True,home
154347,2023-10-12,2023-10-12 17:00:00,113,Handbollsligan,Sweden,2023,,Ystads IF,Skovde,1048,1047,28.0,31.0,14.0,15.0,FT,True,away
154348,2023-10-13,2023-10-13 17:00:00,113,Handbollsligan,Sweden,2023,,Aranas,Lugi,1036,1042,21.0,30.0,8.0,14.0,FT,True,away
154349,2023-10-14,2023-10-14 14:30:00,113,Handbollsligan,Sweden,2023,,Kristianstad,Karlskrona,1041,1012,31.0,26.0,14.0,11.0,FT,True,home
154350,2023-10-14,2023-10-14 15:00:00,113,Handbollsligan,Sweden,2023,,Hallby,Malmo,1038,1043,30.0,29.0,14.0,13.0,FT,True,home
154351,2023-10-14,2023-10-14 15:00:00,113,Handbollsligan,Sweden,2023,,Hammarby,Alingsas,1039,1035,29.0,26.0,13.0,11.0,FT,True,home
154352,2023-10-19,2023-10-19 17:00:00,113,Handbollsligan,Sweden,2023,,Skovde,Hammarby,1047,1039,26.0,24.0,15.0,15.0,FT,True,home
154353,2023-10-20,2023-10-20 17:00:00,113,Handbollsligan,Sweden,2023,,Onnereds,Hallby,1044,1038,37.0,32.0,18.0,15.0,FT,True,home
154354,2023-10-20,2023-10-20 17:00:00,113,Handbollsligan,Sweden,2023,,Malmo,Aranas,1043,1036,23.0,20.0,7.0,13.0,FT,True,home
154355,2023-10-20,2023-10-20 17:00:00,113,Handbollsligan,Sweden,2023,,Amo HK,Guif,1009,1037,31.0,32.0,16.0,11.0,FT,True,away
154356,2023-10-20,2023-10-20 18:00:00,113,Handbollsligan,Sweden,2023,,Lugi,Kristianstad,1042,1041,28.0,33.0,12.0,16.0,FT,True,away
154357,2023-10-21,2023-10-21 14:00:00,113,Handbollsligan,Sweden,2023,,Karlskrona,Ystads IF,1012,1048,23.0,31.0,16.0,16.0,FT,True,away
154358,2023-10-28,2023-10-28 14:00:00,113,Handbollsligan,Sweden,2023,,Guif,Hammarby,1037,1039,26.0,27.0,15.0,13.0,FT,True,away
154359,2023-10-28,2023-10-28 14:00:00,113,Handbollsligan,Sweden,2023,,Karlskrona,Malmo,1012,1043,22.0,30.0,11.0,13.0,FT,True,away
154360,2023-10-28,2023-10-28 14:30:00,113,Handbollsligan,Sweden,2023,,Kristianstad,Skovde,1041,1047,26.0,29.0,10.0,14.0,FT,True,away
154361,2023-10-29,2023-10-29 15:00:00,113,Handbollsligan,Sweden,2023,,Hallby,Ystads IF,1038,1048,31.0,42.0,15.0,22.0,FT,True,away
154362,2023-10-29,2023-10-29 15:15:00,113,Handbollsligan,Sweden,2023,,Amo HK,Alingsas,1009,1035,35.0,35.0,15.0,16.0,FT,True,draw
154363,2023-10-29,2023-10-29 16:00:00,113,Handbollsligan,Sweden,2023,,Aranas,Onnereds,1036,1044,19.0,21.0,12.0,11.0,FT,True,away
154364,2023-10-29,2023-10-29 16:00:00,113,Handbollsligan,Sweden,2023,,Savehof,Lugi,1046,1042,39.0,32.0,21.0,17.0,FT,True,home
154365,2023-11-11,2023-11-11 14:00:00,113,Handbollsligan,Sweden,2023,,Ystads IF,Amo HK,1048,1009,32.0,25.0,13.0,12.0,FT,True,home
154367,2023-11-11,2023-11-11 16:00:00,113,Handbollsligan,Sweden,2023,,Hammarby,Hallby,1039,1038,34.0,28.0,13.0,14.0,FT,True,home
154366,2023-11-11,2023-11-11 18:00:00,113,Handbollsligan,Sweden,2023,,Savehof,Guif,1046,1037,35.0,27.0,20.0,15.0,FT,True,home
154368,2023-11-13,2023-11-13 18:00:00,113,Handbollsligan,Sweden,2023,,Lugi,Karlskrona,1042,1012,19.0,29.0,11.0,11.0,FT,True,away
154369,2023-11-14,2023-11-14 18:00:00,113,Handbollsligan,Sweden,2023,,Alingsas,Onnereds,1035,1044,37.0,27.0,17.0,16.0,FT,True,home
154371,2023-11-15,2023-11-15 18:00:00,113,Handbollsligan,Sweden,2023,,Skovde,Aranas,1047,1036,34.0,32.0,17.0,13.0,FT,True,home
154372,2023-11-22,2023-11-22 18:00:00,113,Handbollsligan,Sweden,2023,,Aranas,Hammarby,1036,1039,22.0,29.0,10.0,10.0,FT,True,away
154373,2023-11-23,2023-11-23 18:00:00,113,Handbollsligan,Sweden,2023,,Guif,Alingsas,1037,1035,31.0,24.0,21.0,15.0,FT,True,home
154374,2023-11-23,2023-11-23 18:00:00,113,Handbollsligan,Sweden,2023,,Karlskrona,Skovde,1012,1047,26.0,29.0,11.0,15.0,FT,True,away
154375,2023-11-24,2023-11-24 18:00:00,113,Handbollsligan,Sweden,2023,,Onnereds,Lugi,1044,1042,32.0,29.0,15.0,12.0,FT,True,home
154376,2023-11-24,2023-11-24 18:00:00,113,Handbollsligan,Sweden,2023,,Kristianstad,Ystads IF,1041,1048,31.0,22.0,15.0,10.0,FT,True,home
154377,2023-11-24,2023-11-24 18:00:00,113,Handbollsligan,Sweden,2023,,Hallby,Savehof,1038,1046,30.0,34.0,17.0,16.0,FT,True,away
154378,2023-11-25,2023-11-25 16:00:00,113,Handbollsligan,Sweden,2023,,Amo HK,Malmo,1009,1043,29.0,31.0,13.0,14.0,FT,True,away
154379,2023-11-29,2023-11-29 18:00:00,113,Handbollsligan,Sweden,2023,,Alingsas,Karlskrona,1035,1012,34.0,31.0,19.0,14.0,FT,True,home
154380,2023-11-29,2023-11-29 18:00:00,113,Handbollsligan,Sweden,2023,,Malmo,Onnereds,1043,1044,29.0,28.0,13.0,14.0,FT,True,home
154381,2023-11-30,2023-11-30 18:00:00,113,Handbollsligan,Sweden,2023,,Lugi,Amo HK,1042,1009,40.0,34.0,20.0,16.0,FT,True,home
154383,2023-11-30,2023-11-30 18:00:00,113,Handbollsligan,Sweden,2023,,Skovde,Hallby,1047,1038,34.0,28.0,18.0,17.0,FT,True,home
154384,2023-11-30,2023-11-30 18:00:00,113,Handbollsligan,Sweden,2023,,Ystads IF,Guif,1048,1037,30.0,34.0,14.0,20.0,FT,True,away
154385,2023-12-02,2023-12-02 16:00:00,113,Handbollsligan,Sweden,2023,,Hammarby,Kristianstad,1039,1041,31.0,26.0,16.0,15.0,FT,True,home
154386,2023-12-08,2023-12-08 18:00:00,113,Handbollsligan,Sweden,2023,,Onnereds,Hammarby,1044,1039,41.0,40.0,20.0,19.0,FT,True,home
154387,2023-12-08,2023-12-08 18:00:00,113,Handbollsligan,Sweden,2023,,Hallby,Alingsas,1038,1035,29.0,29.0,14.0,14.0,FT,True,draw
154388,2023-12-08,2023-12-08 18:00:00,113,Handbollsligan,Sweden,2023,,Guif,Karlskrona,1037,1012,24.0,26.0,11.0,10.0,FT,True,away
154389,2023-12-08,2023-12-08 18:00:00,113,Handbollsligan,Sweden,2023,,Aranas,Ystads IF,1036,1048,21.0,33.0,11.0,14.0,FT,True,away
154390,2023-12-08,2023-12-08 18:00:00,113,Handbollsligan,Sweden,2023,,Amo HK,Skovde,1009,1047,27.0,30.0,12.0,14.0,FT,True,away
154392,2023-12-08,2023-12-08 18:00:00,113,Handbollsligan,Sweden,2023,,Malmo,Lugi,1043,1042,27.0,21.0,12.0,7.0,FT,True,home
154391,2023-12-09,2023-12-09 15:30:00,113,Handbollsligan,Sweden,2023,,Kristianstad,Savehof,1041,1046,24.0,29.0,15.0,13.0,FT,True,away
154393,2023-12-13,2023-12-13 18:00:00,113,Handbollsligan,Sweden,2023,,Hallby,Aranas,1038,1036,31.0,31.0,16.0,14.0,FT,True,draw
154394,2023-12-13,2023-12-13 18:00:00,113,Handbollsligan,Sweden,2023,,Hammarby,Amo HK,1039,1009,31.0,31.0,16.0,15.0,FT,True,draw
154395,2023-12-13,2023-12-13 18:00:00,113,Handbollsligan,Sweden,2023,,Karlskrona,Onnereds,1012,1044,28.0,27.0,14.0,11.0,FT,True,home
154396,2023-12-13,2023-12-13 18:00:00,113,Handbollsligan,Sweden,2023,,Lugi,Skovde,1042,1047,24.0,25.0,13.0,13.0,FT,True,away
154397,2023-12-14,2023-12-14 18:00:00,113,Handbollsligan,Sweden,2023,,Guif,Kristianstad,1037,1041,28.0,27.0,13.0,16.0,FT,True,home
154398,2023-12-14,2023-12-14 18:00:00,113,Handbollsligan,Sweden,2023,,Savehof,Malmo,1046,1043,32.0,28.0,10.0,12.0,FT,True,home
154399,2023-12-14,2023-12-14 18:00:00,113,Handbollsligan,Sweden,2023,,Ystads IF,Alingsas,1048,1035,33.0,23.0,14.0,11.0,FT,True,home
154400,2023-12-18,2023-12-18 18:00:00,113,Handbollsligan,Sweden,2023,,Lugi,Ystads IF,1042,1048,27.0,34.0,12.0,21.0,FT,True,away
154403,2023-12-18,2023-12-18 18:00:00,113,Handbollsligan,Sweden,2023,,Aranas,Kristianstad,1036,1041,27.0,35.0,14.0,17.0,FT,True,away
154404,2023-12-18,2023-12-18 18:00:00,113,Handbollsligan,Sweden,2023,,Malmo,Savehof,1043,1046,24.0,32.0,13.0,18.0,FT,True,away
154401,2023-12-19,2023-12-19 18:00:00,113,Handbollsligan,Sweden,2023,,Alingsas,Hammarby,1035,1039,25.0,18.0,14.0,10.0,FT,True,home
154402,2023-12-19,2023-12-19 18:00:00,113,Handbollsligan,Sweden,2023,,Amo HK,Hallby,1009,1038,30.0,31.0,13.0,18.0,FT,True,away
154405,2023-12-19,2023-12-19 18:00:00,113,Handbollsligan,Sweden,2023,,Onnereds,Guif,1044,1037,29.0,30.0,16.0,16.0,FT,True,away
154406,2023-12-19,2023-12-19 18:00:00,113,Handbollsligan,Sweden,2023,,Skovde,Karlskrona,1047,1012,22.0,31.0,10.0,14.0,FT,True,away
154382,2023-12-21,2023-12-21 18:00:00,113,Handbollsligan,Sweden,2023,,Savehof,Aranas,1046,1036,27.0,24.0,11.0,13.0,FT,True,home
154409,2023-12-22,2023-12-22 18:00:00,113,Handbollsligan,Sweden,2023,,Kristianstad,Lugi,1041,1042,31.0,28.0,15.0,11.0,FT,True,home
154407,2023-12-26,2023-12-26 12:30:00,113,Handbollsligan,Sweden,2023,,Savehof,Onnereds,1046,1044,37.0,31.0,18.0,17.0,FT,True,home
154408,2023-12-26,2023-12-26 15:00:00,113,Handbollsligan,Sweden,2023,,Guif,Amo HK,1037,1009,29.0,32.0,13.0,17.0,FT,True,away
154410,2023-12-26,2023-12-26 16:00:00,113,Handbollsligan,Sweden,2023,,Hammarby,Karlskrona,1039,1012,33.0,24.0,15.0,13.0,FT,True,home
154411,2023-12-27,2023-12-27 18:00:00,113,Handbollsligan,Sweden,2023,,Ystads IF,Malmo,1048,1043,30.0,25.0,12.0,11.0,FT,True,home
154412,2023-12-27,2023-12-27 18:00:00,113,Handbollsligan,Sweden,2023,,Hallby,Skovde,1038,1047,30.0,37.0,16.0,17.0,FT,True,away
154413,2023-12-27,2023-12-27 18:00:00,113,Handbollsligan,Sweden,2023,,Aranas,Alingsas,1036,1035,20.0,20.0,11.0,9.0,FT,True,draw
154414,2023-12-29,2023-12-29 17:00:00,113,Handbollsligan,Sweden,2023,,Amo HK,Hammarby,1009,1039,24.0,31.0,9.0,18.0,FT,True,away
154415,2023-12-29,2023-12-29 18:00:00,113,Handbollsligan,Sweden,2023,,Alingsas,Ystads IF,1035,1048,31.0,28.0,14.0,14.0,FT,True,home
154416,2023-12-29,2023-12-29 18:00:00,113,Handbollsligan,Sweden,2023,,Karlskrona,Aranas,1012,1036,27.0,27.0,13.0,17.0,FT,True,draw
154417,2023-12-29,2023-12-29 18:00:00,113,Handbollsligan,Sweden,2023,,Malmo,Hallby,1043,1038,34.0,27.0,17.0,19.0,FT,True,home
154418,2023-12-29,2023-12-29 18:00:00,113,Handbollsligan,Sweden,2023,,Onnereds,Kristianstad,1044,1041,35.0,32.0,14.0,16.0,FT,True,home
154419,2023-12-29,2023-12-29 18:00:00,113,Handbollsligan,Sweden,2023,,Skovde,Guif,1047,1037,36.0,26.0,19.0,14.0,FT,True,home
154420,2023-12-29,2023-12-29 19:00:00,113,Handbollsligan,Sweden,2023,,Lugi,Savehof,1042,1046,27.0,27.0,13.0,13.0,FT,True,draw
154421,2024-01-31,2024-01-31 18:00:00,113,Handbollsligan,Sweden,2023,,Ystads IF,Karlskrona,1048,1012,40.0,30.0,19.0,14.0,FT,True,home
154422,2024-01-31,2024-01-31 18:00:00,113,Handbollsligan,Sweden,2023,,Kristianstad,Amo HK,1041,1009,32.0,24.0,20.0,11.0,FT,True,home
154423,2024-01-31,2024-01-31 18:00:00,113,Handbollsligan,Sweden,2023,,Hallby,Onnereds,1038,1044,33.0,34.0,17.0,19.0,FT,True,away
154424,2024-01-31,2024-01-31 18:00:00,113,Handbollsligan,Sweden,2023,,Hammarby,Lugi,1039,1042,33.0,23.0,19.0,14.0,FT,True,home
154425,2024-01-31,2024-01-31 18:00:00,113,Handbollsligan,Sweden,2023,,Guif,Malmo,1037,1043,29.0,28.0,14.0,13.0,FT,True,home
154426,2024-01-31,2024-01-31 18:00:00,113,Handbollsligan,Sweden,2023,,Aranas,Skovde,1036,1047,22.0,22.0,12.0,15.0,FT,True,draw
154427,2024-01-31,2024-01-31 18:30:00,113,Handbollsligan,Sweden,2023,,Savehof,Alingsas,1046,1035,33.0,27.0,16.0,15.0,FT,True,home
154429,2024-02-03,2024-02-03 15:00:00,113,Handbollsligan,Sweden,2023,,Karlskrona,Kristianstad,1012,1041,30.0,37.0,17.0,17.0,FT,True,away
154430,2024-02-03,2024-02-03 15:00:00,113,Handbollsligan,Sweden,2023,,Onnereds,Amo HK,1044,1009,24.0,31.0,12.0,14.0,FT,True,away
154432,2024-02-04,2024-02-04 14:00:00,113,Handbollsligan,Sweden,2023,,Skovde,Ystads IF,1047,1048,29.0,31.0,16.0,15.0,FT,True,away
154433,2024-02-04,2024-02-04 15:30:00,113,Handbollsligan,Sweden,2023,,Malmo,Hammarby,1043,1039,28.0,23.0,14.0,11.0,FT,True,home
154434,2024-02-04,2024-02-04 16:00:00,113,Handbollsligan,Sweden,2023,,Alingsas,Guif,1035,1037,28.0,28.0,12.0,12.0,FT,True,draw
154435,2024-02-07,2024-02-07 18:00:00,113,Handbollsligan,Sweden,2023,,Amo HK,Savehof,1009,1046,24.0,37.0,12.0,18.0,FT,True,away
154436,2024-02-07,2024-02-07 18:00:00,113,Handbollsligan,Sweden,2023,,Hallby,Karlskrona,1038,1012,30.0,30.0,16.0,16.0,FT,True,draw
154437,2024-02-07,2024-02-07 18:00:00,113,Handbollsligan,Sweden,2023,,Kristianstad,Alingsas,1041,1035,31.0,22.0,13.0,9.0,FT,True,home
154438,2024-02-07,2024-02-07 18:00:00,113,Handbollsligan,Sweden,2023,,Onnereds,Malmo,1044,1043,25.0,21.0,14.0,11.0,FT,True,home
154439,2024-02-07,2024-02-07 18:00:00,113,Handbollsligan,Sweden,2023,,Ystads IF,Aranas,1048,1036,39.0,36.0,22.0,17.0,FT,True,home
154440,2024-02-08,2024-02-08 18:00:00,113,Handbollsligan,Sweden,2023,,Hammarby,Skovde,1039,1047,34.0,27.0,15.0,15.0,FT,True,home
154441,2024-02-10,2024-02-10 14:00:00,113,Handbollsligan,Sweden,2023,,Ystads IF,Hammarby,1048,1039,35.0,29.0,16.0,14.0,FT,True,home
154428,2024-02-10,2024-02-10 15:00:00,113,Handbollsligan,Sweden,2023,,Savehof,Hallby,1046,1038,30.0,30.0,13.0,13.0,FT,True,draw
154442,2024-02-11,2024-02-11 15:00:00,113,Handbollsligan,Sweden,2023,,Karlskrona,Guif,1012,1037,31.0,34.0,19.0,15.0,FT,True,away
154443,2024-02-11,2024-02-11 15:00:00,113,Handbollsligan,Sweden,2023,,Lugi,Onnereds,1042,1044,25.0,31.0,9.0,18.0,FT,True,away
154444,2024-02-13,2024-02-13 18:00:00,113,Handbollsligan,Sweden,2023,,Malmo,Amo HK,1043,1009,30.0,27.0,13.0,11.0,FT,True,home
154447,2024-02-13,2024-02-13 18:00:00,113,Handbollsligan,Sweden,2023,,Skovde,Kristianstad,1047,1041,30.0,24.0,14.0,13.0,FT,True,home
154446,2024-02-14,2024-02-14 18:00:00,113,Handbollsligan,Sweden,2023,,Alingsas,Hallby,1035,1038,36.0,30.0,20.0,13.0,FT,True,home
154448,2024-02-16,2024-02-16 18:00:00,113,Handbollsligan,Sweden,2023,,Savehof,Skovde,1046,1047,30.0,29.0,14.0,14.0,FT,True,home
154370,2024-02-17,2024-02-17 15:30:00,113,Handbollsligan,Sweden,2023,,Malmo,Kristianstad,1043,1041,22.0,24.0,11.0,13.0,FT,True,away
154449,2024-02-17,2024-02-17 16:00:00,113,Handbollsligan,Sweden,2023,,Amo HK,Karlskrona,1009,1012,30.0,27.0,14.0,11.0,FT,True,home
154451,2024-02-17,2024-02-17 17:00:00,113,Handbollsligan,Sweden,2023,,Hammarby,Aranas,1039,1036,34.0,29.0,17.0,14.0,FT,True,home
154452,2024-02-18,2024-02-18 15:00:00,113,Handbollsligan,Sweden,2023,,Guif,Ystads IF,1037,1048,26.0,30.0,12.0,13.0,FT,True,away
154453,2024-02-20,2024-02-20 18:00:00,113,Handbollsligan,Sweden,2023,,Onnereds,Alingsas,1044,1035,24.0,23.0,11.0,8.0,FT,True,home
154454,2024-02-21,2024-02-21 18:00:00,113,Handbollsligan,Sweden,2023,,Hallby,Lugi,1038,1042,31.0,30.0,17.0,15.0,FT,True,home
154462,2024-02-24,2024-02-24 15:00:00,113,Handbollsligan,Sweden,2023,,Savehof,Ystads IF,1046,1048,37.0,26.0,19.0,12.0,FT,True,home
154450,2024-02-24,2024-02-24 15:30:00,113,Handbollsligan,Sweden,2023,,Kristianstad,Malmo,1041,1043,29.0,23.0,15.0,13.0,FT,True,home
154455,2024-02-24,2024-02-24 16:00:00,113,Handbollsligan,Sweden,2023,,Hammarby,Onnereds,1039,1044,29.0,26.0,16.0,13.0,FT,True,home
154431,2024-02-25,2024-02-25 15:00:00,113,Handbollsligan,Sweden,2023,,Lugi,Aranas,1042,1036,25.0,26.0,13.0,13.0,FT,True,away
154456,2024-02-27,2024-02-27 18:00:00,113,Handbollsligan,Sweden,2023,,Karlskrona,Alingsas,1012,1035,23.0,26.0,10.0,9.0,FT,True,away
154457,2024-02-28,2024-02-28 18:00:00,113,Handbollsligan,Sweden,2023,,Aranas,Hallby,1036,1038,26.0,26.0,15.0,10.0,FT,True,draw
154459,2024-02-28,2024-02-28 18:00:00,113,Handbollsligan,Sweden,2023,,Lugi,Malmo,1042,1043,27.0,29.0,14.0,13.0,FT,True,away
154460,2024-02-29,2024-02-29 18:00:00,113,Handbollsligan,Sweden,2023,,Skovde,Amo HK,1047,1009,34.0,29.0,23.0,13.0,FT,True,home
154461,2024-02-29,2024-02-29 18:00:00,113,Handbollsligan,Sweden,2023,,Ystads IF,Kristianstad,1048,1041,36.0,29.0,18.0,13.0,FT,True,home
154458,2024-03-01,2024-03-01 18:00:00,113,Handbollsligan,Sweden,2023,,Guif,Savehof,1037,1046,26.0,38.0,9.0,21.0,FT,True,away
154464,2024-03-03,2024-03-03 15:15:00,113,Handbollsligan,Sweden,2023,,Amo HK,Lugi,1009,1042,28.0,25.0,17.0,11.0,FT,True,home
154463,2024-03-03,2024-03-03 15:30:00,113,Handbollsligan,Sweden,2023,,Kristianstad,Hammarby,1041,1039,30.0,27.0,13.0,10.0,FT,True,home
154465,2024-03-03,2024-03-03 15:30:00,113,Handbollsligan,Sweden,2023,,Malmo,Karlskrona,1043,1012,28.0,22.0,11.0,11.0,FT,True,home
154466,2024-03-03,2024-03-03 16:00:00,113,Handbollsligan,Sweden,2023,,Alingsas,Skovde,1035,1047,27.0,21.0,13.0,11.0,FT,True,home
154467,2024-03-04,2024-03-04 18:00:00,113,Handbollsligan,Sweden,2023,,Onnereds,Aranas,1044,1036,36.0,25.0,16.0,11.0,FT,True,home
154468,2024-03-04,2024-03-04 18:00:00,113,Handbollsligan,Sweden,2023,,Hallby,Guif,1038,1037,38.0,29.0,19.0,17.0,FT,True,home
154445,2024-03-08,2024-03-08 18:00:00,113,Handbollsligan,Sweden,2023,,Aranas,Savehof,1036,1046,37.0,37.0,17.0,16.0,FT,True,draw
154469,2024-03-08,2024-03-08 18:00:00,113,Handbollsligan,Sweden,2023,,Guif,Lugi,1037,1042,25.0,32.0,15.0,15.0,FT,True,away
154470,2024-03-20,2024-03-20 18:00:00,113,Handbollsligan,Sweden,2023,,Alingsas,Malmo,1035,1043,31.0,25.0,15.0,11.0,FT,True,home
154471,2024-03-20,2024-03-20 18:00:00,113,Handbollsligan,Sweden,2023,,Aranas,Amo HK,1036,1009,27.0,28.0,12.0,15.0,FT,True,away
154472,2024-03-20,2024-03-20 18:00:00,113,Handbollsligan,Sweden,2023,,Hammarby,Savehof,1039,1046,33.0,26.0,16.0,12.0,FT,True,home
154473,2024-03-20,2024-03-20 18:00:00,113,Handbollsligan,Sweden,2023,,Karlskrona,Lugi,1012,1042,34.0,23.0,14.0,14.0,FT,True,home
154474,2024-03-20,2024-03-20 18:00:00,113,Handbollsligan,Sweden,2023,,Kristianstad,Guif,1041,1037,35.0,23.0,17.0,8.0,FT,True,home
154475,2024-03-20,2024-03-20 18:00:00,113,Handbollsligan,Sweden,2023,,Ystads IF,Hallby,1048,1038,38.0,36.0,19.0,17.0,FT,True,home
154476,2024-03-21,2024-03-21 18:00:00,113,Handbollsligan,Sweden,2023,,Skovde,Onnereds,1047,1044,34.0,37.0,19.0,18.0,FT,True,away
154478,2024-03-23,2024-03-23 15:00:00,113,Handbollsligan,Sweden,2023,,Savehof,Kristianstad,1046,1041,28.0,34.0,15.0,16.0,FT,True,away
154477,2024-03-23,2024-03-23 16:00:00,113,Handbollsligan,Sweden,2023,,Amo HK,Ystads IF,1009,1048,30.0,32.0,13.0,15.0,FT,True,away
154479,2024-03-25,2024-03-25 18:00:00,113,Handbollsligan,Sweden,2023,,Malmo,Skovde,1043,1047,21.0,23.0,16.0,16.0,FT,True,away
154480,2024-03-25,2024-03-25 18:00:00,113,Handbollsligan,Sweden,2023,,Onnereds,Karlskrona,1044,1012,34.0,32.0,16.0,17.0,FT,True,home
154481,2024-03-25,2024-03-25 18:00:00,113,Handbollsligan,Sweden,2023,,Guif,Aranas,1037,1036,28.0,32.0,14.0,14.0,FT,True,away
154482,2024-03-25,2024-03-25 18:00:00,113,Handbollsligan,Sweden,2023,,Lugi,Alingsas,1042,1035,35.0,35.0,20.0,15.0,FT,True,draw
154483,2024-03-25,2024-03-25 18:00:00,113,Handbollsligan,Sweden,2023,,Hallby,Hammarby,1038,1039,30.0,26.0,16.0,14.0,FT,True,home
154484,2024-03-28,2024-03-28 18:00:00,113,Handbollsligan,Sweden,2023,,Alingsas,Amo HK,1035,1009,29.0,31.0,17.0,15.0,FT,True,away
154485,2024-03-28,2024-03-28 18:00:00,113,Handbollsligan,Sweden,2023,,Aranas,Malmo,1036,1043,31.0,24.0,12.0,13.0,FT,True,home
154486,2024-03-28,2024-03-28 18:00:00,113,Handbollsligan,Sweden,2023,,Hammarby,Guif,1039,1037,30.0,35.0,14.0,13.0,FT,True,away
154487,2024-03-28,2024-03-28 18:00:00,113,Handbollsligan,Sweden,2023,,Karlskrona,Savehof,1012,1046,31.0,32.0,17.0,18.0,FT,True,away
154488,2024-03-28,2024-03-28 18:00:00,113,Handbollsligan,Sweden,2023,,Kristianstad,Hallby,1041,1038,34.0,30.0,18.0,15.0,FT,True,home
154489,2024-03-28,2024-03-28 18:00:00,113,Handbollsligan,Sweden,2023,,Skovde,Lugi,1047,1042,33.0,32.0,16.0,19.0,FT,True,home
154490,2024-03-28,2024-03-28 18:00:00,113,Handbollsligan,Sweden,2023,,Ystads IF,Onnereds,1048,1044,38.0,35.0,16.0,20.0,FT,True,home
159274,2024-04-01,2024-04-01 14:00:00,113,Handbollsligan,Sweden,2023,Final,Skanela,Aranas,1017,1036,32.0,23.0,11.0,11.0,FT,True,home
159275,2024-04-02,2024-04-02 17:00:00,113,Handbollsligan,Sweden,2023,Final,Vasteras Irsta HF,Karlskrona,1021,1012,23.0,28.0,8.0,9.0,FT,True,away
159276,2024-04-02,2024-04-02 17:30:00,113,Handbollsligan,Sweden,2023,Final,Vinslovs,Hallby,1022,1038,31.0,33.0,14.0,16.0,AET,False,
159277,2024-04-04,2024-04-04 17:00:00,113,Handbollsligan,Sweden,2023,Quarter-finals,Kristianstad,Hammarby,1041,1039,34.0,31.0,14.0,13.0,FT,True,home
159278,2024-04-04,2024-04-04 17:00:00,113,Handbollsligan,Sweden,2023,Quarter-finals,Skovde,Onnereds,1047,1044,28.0,27.0,13.0,16.0,FT,True,home
159279,2024-04-04,2024-04-04 17:00:00,113,Handbollsligan,Sweden,2023,Quarter-finals,Ystads IF,Alingsas,1048,1035,34.0,29.0,17.0,14.0,FT,True,home
159280,2024-04-05,2024-04-05 17:00:00,113,Handbollsligan,Sweden,2023,Final,Aranas,Skanela,1036,1017,29.0,31.0,16.0,16.0,FT,True,away
159282,2024-04-05,2024-04-05 17:00:00,113,Handbollsligan,Sweden,2023,Final,Karlskrona,Vasteras Irsta HF,1012,1021,25.0,24.0,10.0,13.0,FT,True,home
159283,2024-04-05,2024-04-05 17:00:00,113,Handbollsligan,Sweden,2023,Quarter-finals,Savehof,Malmo,1046,1043,36.0,27.0,17.0,11.0,FT,True,home
159284,2024-04-07,2024-04-07 14:00:00,113,Handbollsligan,Sweden,2023,Quarter-finals,Alingsas,Ystads IF,1035,1048,34.0,35.0,15.0,19.0,AET,False,
159285,2024-04-07,2024-04-07 14:00:00,113,Handbollsligan,Sweden,2023,Quarter-finals,Onnereds,Skovde,1044,1047,24.0,25.0,12.0,14.0,FT,True,away
159281,2024-04-08,2024-04-08 17:00:00,113,Handbollsligan,Sweden,2023,Final,Hallby,Vinslovs,1038,1022,33.0,26.0,18.0,14.0,FT,True,home
159286,2024-04-08,2024-04-08 17:00:00,113,Handbollsligan,Sweden,2023,Quarter-finals,Hammarby,Kristianstad,1039,1041,31.0,21.0,15.0,12.0,FT,True,home
159287,2024-04-08,2024-04-08 17:00:00,113,Handbollsligan,Sweden,2023,Quarter-finals,Malmo,Savehof,1043,1046,26.0,33.0,14.0,15.0,FT,True,away
159288,2024-04-10,2024-04-10 17:00:00,113,Handbollsligan,Sweden,2023,Final,Aranas,Skanela,1036,1017,31.0,33.0,17.0,17.0,FT,True,away
159289,2024-04-10,2024-04-10 17:00:00,113,Handbollsligan,Sweden,2023,Final,Hallby,Vinslovs,1038,1022,34.0,25.0,17.0,12.0,FT,True,home
159290,2024-04-10,2024-04-10 17:00:00,113,Handbollsligan,Sweden,2023,Final,Karlskrona,Vasteras Irsta HF,1012,1021,29.0,26.0,16.0,14.0,FT,True,home
159291,2024-04-10,2024-04-10 17:00:00,113,Handbollsligan,Sweden,2023,Quarter-finals,Skovde,Onnereds,1047,1044,24.0,26.0,12.0,14.0,FT,True,away
159292,2024-04-10,2024-04-10 17:00:00,113,Handbollsligan,Sweden,2023,Quarter-finals,Ystads IF,Alingsas,1048,1035,30.0,29.0,16.0,17.0,FT,True,home
159293,2024-04-11,2024-04-11 17:00:00,113,Handbollsligan,Sweden,2023,Quarter-finals,Kristianstad,Hammarby,1041,1039,32.0,31.0,15.0,18.0,FT,True,home
159294,2024-04-11,2024-04-11 17:00:00,113,Handbollsligan,Sweden,2023,Quarter-finals,Savehof,Malmo,1046,1043,34.0,24.0,17.0,12.0,FT,True,home
159545,2024-04-13,2024-04-13 14:00:00,113,Handbollsligan,Sweden,2023,Quarter-finals,Onnereds,Skovde,1044,1047,23.0,22.0,13.0,9.0,FT,True,home
159479,2024-04-14,2024-04-14 14:00:00,113,Handbollsligan,Sweden,2023,Quarter-finals,Hammarby,Kristianstad,1039,1041,35.0,30.0,15.0,16.0,FT,True,home
159605,2024-04-16,2024-04-16 17:00:00,113,Handbollsligan,Sweden,2023,Quarter-finals,Skovde,Onnereds,1047,1044,33.0,39.0,13.0,16.0,FT,True,away
159623,2024-04-16,2024-04-16 17:00:00,113,Handbollsligan,Sweden,2023,Quarter-finals,Kristianstad,Hammarby,1041,1039,31.0,30.0,16.0,16.0,FT,True,home
159652,2024-04-19,2024-04-19 17:00:00,113,Handbollsligan,Sweden,2023,Semi-finals,Savehof,Kristianstad,1046,1041,33.0,23.0,14.0,7.0,FT,True,home
159653,2024-04-23,2024-04-23 17:00:00,113,Handbollsligan,Sweden,2023,Semi-finals,Ystads IF,Onnereds,1048,1044,24.0,33.0,11.0,17.0,FT,True,away
159655,2024-04-25,2024-04-25 17:00:00,113,Handbollsligan,Sweden,2023,Semi-finals,Onnereds,Ystads IF,1044,1048,25.0,29.0,12.0,12.0,FT,True,away
159654,2024-04-26,2024-04-26 17:00:00,113,Handbollsligan,Sweden,2023,Semi-finals,Kristianstad,Savehof,1041,1046,26.0,31.0,12.0,14.0,FT,True,away
159657,2024-05-03,2024-05-03 17:00:00,113,Handbollsligan,Sweden,2023,Semi-finals,Ystads IF,Onnereds,1048,1044,39.0,30.0,22.0,11.0,FT,True,home
159656,2024-05-03,2024-05-03 17:45:00,113,Handbollsligan,Sweden,2023,Semi-finals,Savehof,Kristianstad,1046,1041,31.0,27.0,16.0,16.0,FT,True,home
159800,2024-05-06,2024-05-06 17:00:00,113,Handbollsligan,Sweden,2023,Semi-finals,Onnereds,Ystads IF,1044,1048,29.0,33.0,19.0,19.0,FT,True,away
160063,2024-05-20,2024-05-20 16:00:00,113,Handbollsligan,Sweden,2023,Final,Savehof,Ystads IF,1046,1048,28.0,27.0,12.0,12.0,FT,True,home
160064,2024-05-22,2024-05-22 16:00:00,113,Handbollsligan,Sweden,2023,Final,Ystads IF,Savehof,1048,1046,30.0,26.0,16.0,15.0,FT,True,home
160065,2024-05-24,2024-05-24 16:00:00,113,Handbollsligan,Sweden,2023,Final,Savehof,Ystads IF,1046,1048,39.0,37.0,15.0,16.0,AET,False,
160271,2024-05-28,2024-05-28 16:00:00,113,Handbollsligan,Sweden,2023,Final,Ystads IF,Savehof,1048,1046,27.0,32.0,13.0,11.0,FT,True,away
145413,2023-09-13,2023-09-13 16:45:00,131,Champions League,Europe,2023,1,Eurofarm Pelister,Kolstad,1157,639,22.0,31.0,10.0,16.0,FT,True,away
145414,2023-09-13,2023-09-13 16:45:00,131,Champions League,Europe,2023,1,Kielce,Aalborg,4252,172,31.0,34.0,15.0,18.0,FT,True,away
145415,2023-09-13,2023-09-13 18:45:00,131,Champions League,Europe,2023,1,Montpellier,Barcelona,248,962,25.0,30.0,11.0,16.0,FT,True,away
145420,2023-09-13,2023-09-13 18:45:00,131,Champions League,Europe,2023,1,GOG,Celje,178,929,38.0,36.0,18.0,19.0,FT,True,home
145417,2023-09-14,2023-09-14 16:45:00,131,Champions League,Europe,2023,1,RK Zagreb,Kiel,4445,321,23.0,30.0,9.0,16.0,FT,True,away
145419,2023-09-14,2023-09-14 16:45:00,131,Champions League,Europe,2023,1,Szeged,PSG,417,4484,29.0,31.0,13.0,16.0,FT,True,away
145416,2023-09-14,2023-09-14 18:45:00,131,Champions League,Europe,2023,1,Porto,Wisla Plock,778,694,24.0,23.0,11.0,13.0,FT,True,home
145418,2023-09-14,2023-09-14 18:45:00,131,Champions League,Europe,2023,1,SC Magdeburg,Telekom Veszprem,328,419,28.0,33.0,18.0,21.0,FT,True,away
145422,2023-09-20,2023-09-20 16:45:00,131,Champions League,Europe,2023,2,Wisla Plock,GOG,694,178,26.0,30.0,13.0,13.0,FT,True,away
145426,2023-09-20,2023-09-20 16:45:00,131,Champions League,Europe,2023,2,Celje,Porto,929,778,29.0,30.0,16.0,9.0,FT,True,away
145428,2023-09-20,2023-09-20 18:45:00,131,Champions League,Europe,2023,2,Aalborg,Eurofarm Pelister,172,1157,38.0,23.0,18.0,10.0,FT,True,home
145421,2023-09-21,2023-09-21 16:45:00,131,Champions League,Europe,2023,2,Kolstad,Kielce,639,4252,30.0,32.0,11.0,17.0,FT,True,away
145424,2023-09-21,2023-09-21 16:45:00,131,Champions League,Europe,2023,2,PSG,RK Zagreb,4484,4445,35.0,31.0,18.0,16.0,FT,True,home
145425,2023-09-21,2023-09-21 16:45:00,131,Champions League,Europe,2023,2,Kiel,Szeged,321,417,35.0,32.0,16.0,15.0,FT,True,home
145423,2023-09-21,2023-09-21 18:45:00,131,Champions League,Europe,2023,2,Telekom Veszprem,Montpellier,419,248,33.0,31.0,13.0,15.0,FT,True,home
145427,2023-09-21,2023-09-21 18:45:00,131,Champions League,Europe,2023,2,Barcelona,SC Magdeburg,962,328,32.0,20.0,14.0,8.0,FT,True,home
145429,2023-09-27,2023-09-27 16:45:00,131,Champions League,Europe,2023,3,Eurofarm Pelister,Kiel,1157,321,20.0,23.0,9.0,11.0,FT,True,away
145431,2023-09-27,2023-09-27 16:45:00,131,Champions League,Europe,2023,3,Kielce,PSG,4252,4484,30.0,29.0,16.0,15.0,FT,True,home
145436,2023-09-27,2023-09-27 16:45:00,131,Champions League,Europe,2023,3,Szeged,Aalborg,417,172,34.0,27.0,20.0,16.0,FT,True,home
145435,2023-09-27,2023-09-27 18:45:00,131,Champions League,Europe,2023,3,SC Magdeburg,Celje,328,929,39.0,23.0,20.0,13.0,FT,True,home
145430,2023-09-28,2023-09-28 16:45:00,131,Champions League,Europe,2023,3,GOG,Telekom Veszprem,178,419,36.0,30.0,18.0,14.0,FT,True,home
145433,2023-09-28,2023-09-28 16:45:00,131,Champions League,Europe,2023,3,Porto,Barcelona,778,962,30.0,38.0,15.0,19.0,FT,True,away
145434,2023-09-28,2023-09-28 16:45:00,131,Champions League,Europe,2023,3,RK Zagreb,Kolstad,4445,639,31.0,20.0,17.0,10.0,FT,True,home
145432,2023-09-28,2023-09-28 18:45:00,131,Champions League,Europe,2023,3,Montpellier,Wisla Plock,248,694,30.0,28.0,14.0,15.0,FT,True,home
145439,2023-10-11,2023-10-11 16:45:00,131,Champions League,Europe,2023,4,Telekom Veszprem,Porto,419,778,44.0,34.0,22.0,16.0,FT,True,home
145443,2023-10-11,2023-10-11 16:45:00,131,Champions League,Europe,2023,4,Celje,Montpellier,929,248,29.0,31.0,17.0,17.0,FT,True,away
145442,2023-10-11,2023-10-11 18:45:00,131,Champions League,Europe,2023,4,Kiel,Kielce,321,4252,35.0,31.0,15.0,16.0,FT,True,home
145440,2023-10-12,2023-10-12 16:45:00,131,Champions League,Europe,2023,4,RK Zagreb,Aalborg,4445,172,30.0,30.0,15.0,15.0,FT,True,draw
145441,2023-10-12,2023-10-12 16:45:00,131,Champions League,Europe,2023,4,Kolstad,Szeged,639,417,37.0,24.0,24.0,11.0,FT,True,home
145437,2023-10-12,2023-10-12 18:45:00,131,Champions League,Europe,2023,4,PSG,Eurofarm Pelister,4484,1157,31.0,26.0,15.0,12.0,FT,True,home
145438,2023-10-12,2023-10-12 18:45:00,131,Champions League,Europe,2023,4,Wisla Plock,SC Magdeburg,694,328,26.0,28.0,12.0,14.0,FT,True,away
145444,2023-10-12,2023-10-12 18:45:00,131,Champions League,Europe,2023,4,Barcelona,GOG,962,178,38.0,30.0,20.0,11.0,FT,True,home
145445,2023-10-18,2023-10-18 16:45:00,131,Champions League,Europe,2023,5,Celje,Barcelona,929,962,31.0,37.0,17.0,22.0,FT,True,away
145446,2023-10-18,2023-10-18 16:45:00,131,Champions League,Europe,2023,5,GOG,Montpellier,178,248,32.0,27.0,16.0,18.0,FT,True,home
145449,2023-10-18,2023-10-18 18:45:00,131,Champions League,Europe,2023,5,PSG,Aalborg,4484,172,33.0,30.0,15.0,14.0,FT,True,home
145448,2023-10-19,2023-10-19 16:45:00,131,Champions League,Europe,2023,5,Kolstad,Kiel,639,321,34.0,30.0,19.0,16.0,FT,True,home
145450,2023-10-19,2023-10-19 16:45:00,131,Champions League,Europe,2023,5,RK Zagreb,Eurofarm Pelister,4445,1157,27.0,18.0,10.0,10.0,FT,True,home
145452,2023-10-19,2023-10-19 16:45:00,131,Champions League,Europe,2023,5,Telekom Veszprem,Wisla Plock,419,694,28.0,21.0,14.0,9.0,FT,True,home
145447,2023-10-19,2023-10-19 18:45:00,131,Champions League,Europe,2023,5,Kielce,Szeged,4252,417,27.0,27.0,14.0,15.0,FT,True,draw
145451,2023-10-19,2023-10-19 18:45:00,131,Champions League,Europe,2023,5,SC Magdeburg,Porto,328,778,37.0,33.0,18.0,17.0,FT,True,home
145460,2023-10-25,2023-10-25 16:45:00,131,Champions League,Europe,2023,6,Aalborg,Kolstad,172,639,27.0,25.0,17.0,12.0,FT,True,home
145456,2023-10-25,2023-10-25 18:45:00,131,Champions League,Europe,2023,6,Montpellier,SC Magdeburg,248,328,25.0,28.0,14.0,12.0,FT,True,away
145458,2023-10-25,2023-10-25 18:45:00,131,Champions League,Europe,2023,6,Eurofarm Pelister,Kielce,1157,4252,21.0,24.0,8.0,14.0,FT,True,away
145455,2023-10-26,2023-10-26 16:45:00,131,Champions League,Europe,2023,6,Szeged,RK Zagreb,417,4445,27.0,26.0,13.0,15.0,FT,True,home
145453,2023-10-26,2023-10-26 18:45:00,131,Champions League,Europe,2023,6,Porto,GOG,778,178,32.0,31.0,15.0,21.0,FT,True,home
145454,2023-10-26,2023-10-26 18:45:00,131,Champions League,Europe,2023,6,Wisla Plock,Celje,694,929,30.0,25.0,17.0,11.0,FT,True,home
145457,2023-10-26,2023-10-26 18:45:00,131,Champions League,Europe,2023,6,PSG,Kiel,4484,321,28.0,34.0,14.0,13.0,FT,True,away
145459,2023-10-26,2023-10-26 18:45:00,131,Champions League,Europe,2023,6,Barcelona,Telekom Veszprem,962,419,36.0,41.0,17.0,19.0,FT,True,away
145461,2023-11-15,2023-11-15 17:45:00,131,Champions League,Europe,2023,7,Celje,Telekom Veszprem,929,419,33.0,40.0,17.0,22.0,FT,True,away
145463,2023-11-15,2023-11-15 17:45:00,131,Champions League,Europe,2023,7,Kolstad,PSG,639,4484,36.0,31.0,14.0,16.0,FT,True,home
145464,2023-11-15,2023-11-15 19:45:00,131,Champions League,Europe,2023,7,Montpellier,Porto,248,778,35.0,24.0,18.0,13.0,FT,True,home
145462,2023-11-16,2023-11-16 17:45:00,131,Champions League,Europe,2023,7,Kiel,Aalborg,321,172,18.0,27.0,6.0,11.0,FT,True,away
145465,2023-11-16,2023-11-16 17:45:00,131,Champions League,Europe,2023,7,RK Zagreb,Kielce,4445,4252,22.0,22.0,11.0,10.0,FT,True,draw
145467,2023-11-16,2023-11-16 17:45:00,131,Champions League,Europe,2023,7,Szeged,Eurofarm Pelister,417,1157,34.0,26.0,18.0,19.0,FT,True,home
145466,2023-11-16,2023-11-16 19:45:00,131,Champions League,Europe,2023,7,SC Magdeburg,GOG,328,178,35.0,27.0,16.0,16.0,FT,True,home
145468,2023-11-16,2023-11-16 19:45:00,131,Champions League,Europe,2023,7,Wisla Plock,Barcelona,694,962,25.0,28.0,11.0,15.0,FT,True,away
145472,2023-11-22,2023-11-22 17:45:00,131,Champions League,Europe,2023,8,Aalborg,Kiel,172,321,27.0,27.0,13.0,17.0,FT,True,draw
145474,2023-11-22,2023-11-22 17:45:00,131,Champions League,Europe,2023,8,Eurofarm Pelister,Szeged,1157,417,27.0,28.0,12.0,15.0,FT,True,away
145469,2023-11-22,2023-11-22 19:45:00,131,Champions League,Europe,2023,8,PSG,Kolstad,4484,639,28.0,28.0,13.0,15.0,FT,True,draw
145470,2023-11-23,2023-11-23 17:45:00,131,Champions League,Europe,2023,8,Telekom Veszprem,Celje,419,929,41.0,31.0,22.0,15.0,FT,True,home
145473,2023-11-23,2023-11-23 17:45:00,131,Champions League,Europe,2023,8,Kielce,RK Zagreb,4252,4445,28.0,24.0,12.0,12.0,FT,True,home
145476,2023-11-23,2023-11-23 17:45:00,131,Champions League,Europe,2023,8,GOG,SC Magdeburg,178,328,25.0,32.0,13.0,17.0,FT,True,away
145471,2023-11-23,2023-11-23 19:45:00,131,Champions League,Europe,2023,8,Porto,Montpellier,778,248,25.0,29.0,13.0,13.0,FT,True,away
145475,2023-11-23,2023-11-23 19:45:00,131,Champions League,Europe,2023,8,Barcelona,Wisla Plock,962,694,32.0,25.0,16.0,13.0,FT,True,home
145477,2023-11-29,2023-11-29 17:45:00,131,Champions League,Europe,2023,9,Kolstad,Aalborg,639,172,18.0,29.0,9.0,14.0,FT,True,away
145479,2023-11-29,2023-11-29 17:45:00,131,Champions League,Europe,2023,9,RK Zagreb,Szeged,4445,417,30.0,25.0,17.0,12.0,FT,True,home
145484,2023-11-29,2023-11-29 17:45:00,131,Champions League,Europe,2023,9,Celje,Wisla Plock,929,694,25.0,30.0,13.0,15.0,FT,True,away
145483,2023-11-29,2023-11-29 19:45:00,131,Champions League,Europe,2023,9,GOG,Porto,178,778,35.0,27.0,20.0,12.0,FT,True,home
145480,2023-11-30,2023-11-30 17:45:00,131,Champions League,Europe,2023,9,Telekom Veszprem,Barcelona,419,962,30.0,31.0,15.0,17.0,FT,True,away
145482,2023-11-30,2023-11-30 17:45:00,131,Champions League,Europe,2023,9,Kiel,PSG,321,4484,26.0,24.0,15.0,10.0,FT,True,home
145478,2023-11-30,2023-11-30 19:45:00,131,Champions League,Europe,2023,9,SC Magdeburg,Montpellier,328,248,28.0,24.0,14.0,11.0,FT,True,home
145481,2023-11-30,2023-11-30 19:45:00,131,Champions League,Europe,2023,9,Kielce,Eurofarm Pelister,4252,1157,35.0,25.0,18.0,13.0,FT,True,home
145488,2023-12-06,2023-12-06 17:45:00,131,Champions League,Europe,2023,10,Kiel,Kolstad,321,639,26.0,25.0,15.0,12.0,FT,True,home
145491,2023-12-06,2023-12-06 17:45:00,131,Champions League,Europe,2023,10,Szeged,Kielce,417,4252,26.0,25.0,15.0,11.0,FT,True,home
145489,2023-12-06,2023-12-06 19:45:00,131,Champions League,Europe,2023,10,Montpellier,GOG,248,178,36.0,25.0,16.0,13.0,FT,True,home
145485,2023-12-07,2023-12-07 17:45:00,131,Champions League,Europe,2023,10,Aalborg,PSG,172,4484,30.0,32.0,15.0,15.0,FT,True,away
145487,2023-12-07,2023-12-07 17:45:00,131,Champions League,Europe,2023,10,Eurofarm Pelister,RK Zagreb,1157,4445,22.0,23.0,10.0,13.0,FT,True,away
145486,2023-12-07,2023-12-07 19:45:00,131,Champions League,Europe,2023,10,Barcelona,Celje,962,929,39.0,30.0,21.0,13.0,FT,True,home
145490,2023-12-07,2023-12-07 19:45:00,131,Champions League,Europe,2023,10,Porto,SC Magdeburg,778,328,31.0,40.0,16.0,19.0,FT,True,away
145492,2023-12-07,2023-12-07 19:45:00,131,Champions League,Europe,2023,10,Wisla Plock,Telekom Veszprem,694,419,37.0,30.0,18.0,11.0,FT,True,home
145498,2024-02-14,2024-02-14 17:45:00,131,Champions League,Europe,2023,11,Eurofarm Pelister,PSG,1157,4484,25.0,31.0,9.0,15.0,FT,True,away
145500,2024-02-14,2024-02-14 17:45:00,131,Champions League,Europe,2023,11,GOG,Barcelona,178,962,23.0,30.0,14.0,17.0,FT,True,away
145493,2024-02-14,2024-02-14 19:45:00,131,Champions League,Europe,2023,11,Montpellier,Celje,248,929,32.0,21.0,17.0,12.0,FT,True,home
145497,2024-02-14,2024-02-14 19:45:00,131,Champions League,Europe,2023,11,Kielce,Kiel,4252,321,36.0,36.0,15.0,17.0,FT,True,draw
145494,2024-02-15,2024-02-15 17:45:00,131,Champions League,Europe,2023,11,Szeged,Kolstad,417,639,29.0,27.0,15.0,13.0,FT,True,home
145499,2024-02-15,2024-02-15 17:45:00,131,Champions League,Europe,2023,11,Aalborg,RK Zagreb,172,4445,32.0,22.0,18.0,12.0,FT,True,home
145495,2024-02-15,2024-02-15 19:45:00,131,Champions League,Europe,2023,11,Porto,Telekom Veszprem,778,419,26.0,40.0,11.0,21.0,FT,True,away
145496,2024-02-15,2024-02-15 19:45:00,131,Champions League,Europe,2023,11,SC Magdeburg,Wisla Plock,328,694,28.0,22.0,13.0,14.0,FT,True,home
145501,2024-02-21,2024-02-21 17:45:00,131,Champions League,Europe,2023,12,Aalborg,Szeged,172,417,31.0,26.0,14.0,16.0,FT,True,home
145503,2024-02-21,2024-02-21 17:45:00,131,Champions League,Europe,2023,12,Celje,SC Magdeburg,929,328,27.0,37.0,12.0,18.0,FT,True,away
145505,2024-02-21,2024-02-21 17:45:00,131,Champions League,Europe,2023,12,Kolstad,RK Zagreb,639,4445,25.0,34.0,10.0,18.0,FT,True,away
145508,2024-02-21,2024-02-21 19:45:00,131,Champions League,Europe,2023,12,Wisla Plock,Montpellier,694,248,22.0,18.0,10.0,10.0,FT,True,home
145504,2024-02-22,2024-02-22 17:45:00,131,Champions League,Europe,2023,12,Kiel,Eurofarm Pelister,321,1157,29.0,23.0,19.0,10.0,FT,True,home
145507,2024-02-22,2024-02-22 17:45:00,131,Champions League,Europe,2023,12,Telekom Veszprem,GOG,419,178,34.0,31.0,19.0,13.0,FT,True,home
145502,2024-02-22,2024-02-22 19:45:00,131,Champions League,Europe,2023,12,Barcelona,Porto,962,778,40.0,33.0,20.0,15.0,FT,True,home
145506,2024-02-22,2024-02-22 19:45:00,131,Champions League,Europe,2023,12,PSG,Kielce,4484,4252,35.0,26.0,15.0,14.0,FT,True,home
145510,2024-02-28,2024-02-28 17:45:00,131,Champions League,Europe,2023,13,Szeged,Kiel,417,321,27.0,28.0,14.0,16.0,FT,True,away
145515,2024-02-28,2024-02-28 17:45:00,131,Champions League,Europe,2023,13,GOG,Wisla Plock,178,694,32.0,32.0,17.0,14.0,FT,True,draw
145513,2024-02-28,2024-02-28 19:45:00,131,Champions League,Europe,2023,13,Porto,Celje,778,929,32.0,30.0,14.0,11.0,FT,True,home
145516,2024-02-28,2024-02-28 19:45:00,131,Champions League,Europe,2023,13,Eurofarm Pelister,Aalborg,1157,172,28.0,33.0,14.0,17.0,FT,True,away
145509,2024-02-29,2024-02-29 17:45:00,131,Champions League,Europe,2023,13,RK Zagreb,PSG,4445,4484,28.0,26.0,13.0,13.0,FT,True,home
145512,2024-02-29,2024-02-29 17:45:00,131,Champions League,Europe,2023,13,Kielce,Kolstad,4252,639,31.0,23.0,13.0,10.0,FT,True,home
145511,2024-02-29,2024-02-29 19:45:00,131,Champions League,Europe,2023,13,SC Magdeburg,Barcelona,328,962,29.0,28.0,13.0,14.0,FT,True,home
145514,2024-02-29,2024-02-29 19:45:00,131,Champions League,Europe,2023,13,Montpellier,Telekom Veszprem,248,419,31.0,37.0,18.0,17.0,FT,True,away
145520,2024-03-06,2024-03-06 17:45:00,131,Champions League,Europe,2023,14,Kiel,RK Zagreb,321,4445,33.0,22.0,17.0,15.0,FT,True,home
145521,2024-03-06,2024-03-06 17:45:00,131,Champions League,Europe,2023,14,Kolstad,Eurofarm Pelister,639,1157,34.0,27.0,17.0,13.0,FT,True,home
145517,2024-03-06,2024-03-06 19:45:00,131,Champions League,Europe,2023,14,Aalborg,Kielce,172,4252,35.0,35.0,15.0,18.0,FT,True,draw
145522,2024-03-06,2024-03-06 19:45:00,131,Champions League,Europe,2023,14,PSG,Szeged,4484,417,37.0,33.0,15.0,14.0,FT,True,home
145519,2024-03-07,2024-03-07 17:45:00,131,Champions League,Europe,2023,14,Celje,GOG,929,178,30.0,34.0,15.0,15.0,FT,True,away
145523,2024-03-07,2024-03-07 17:45:00,131,Champions League,Europe,2023,14,Telekom Veszprem,SC Magdeburg,419,328,28.0,30.0,14.0,14.0,FT,True,away
145518,2024-03-07,2024-03-07 19:45:00,131,Champions League,Europe,2023,14,Barcelona,Montpellier,962,248,34.0,37.0,19.0,18.0,FT,True,away
145524,2024-03-07,2024-03-07 19:45:00,131,Champions League,Europe,2023,14,Wisla Plock,Porto,694,778,29.0,28.0,14.0,15.0,FT,True,home
157839,2024-03-27,2024-03-27 17:45:00,131,Champions League,Europe,2023,,GOG,Kielce,178,4252,25.0,33.0,10.0,18.0,FT,True,away
157840,2024-03-27,2024-03-27 19:45:00,131,Champions League,Europe,2023,,RK Zagreb,Montpellier,4445,248,27.0,27.0,11.0,13.0,FT,True,draw
157841,2024-03-28,2024-03-28 17:45:00,131,Champions League,Europe,2023,,Szeged,Telekom Veszprem,417,419,30.0,37.0,17.0,20.0,FT,True,away
157842,2024-03-28,2024-03-28 19:45:00,131,Champions League,Europe,2023,,Wisla Plock,PSG,694,4484,26.0,30.0,12.0,13.0,FT,True,away
157843,2024-04-03,2024-04-03 16:45:00,131,Champions League,Europe,2023,,Kielce,GOG,4252,178,33.0,28.0,16.0,12.0,FT,True,home
157844,2024-04-03,2024-04-03 18:45:00,131,Champions League,Europe,2023,,Montpellier,RK Zagreb,248,4445,30.0,24.0,14.0,14.0,FT,True,home
157846,2024-04-04,2024-04-04 16:45:00,131,Champions League,Europe,2023,,Telekom Veszprem,Szeged,419,417,39.0,32.0,19.0,15.0,FT,True,home
157845,2024-04-04,2024-04-04 18:45:00,131,Champions League,Europe,2023,,PSG,Wisla Plock,4484,694,34.0,33.0,18.0,15.0,FT,True,home
159406,2024-04-24,2024-04-24 16:45:00,131,Champions League,Europe,2023,Quarter-finals,Kielce,SC Magdeburg,4252,328,27.0,26.0,14.0,13.0,FT,True,home
159407,2024-04-24,2024-04-24 18:45:00,131,Champions League,Europe,2023,Quarter-finals,Montpellier,Kiel,248,321,39.0,30.0,20.0,16.0,FT,True,home
159427,2024-04-25,2024-04-25 16:45:00,131,Champions League,Europe,2023,Quarter-finals,Telekom Veszprem,Aalborg,419,172,32.0,31.0,12.0,17.0,FT,True,home
159426,2024-04-25,2024-04-25 18:45:00,131,Champions League,Europe,2023,Quarter-finals,PSG,Barcelona,4484,962,22.0,30.0,14.0,11.0,FT,True,away
159428,2024-05-01,2024-05-01 16:45:00,131,Champions League,Europe,2023,Quarter-finals,Aalborg,Telekom Veszprem,172,419,33.0,28.0,18.0,14.0,FT,True,home
159409,2024-05-01,2024-05-01 18:45:00,131,Champions League,Europe,2023,Quarter-finals,SC Magdeburg,Kielce,328,4252,27.0,25.0,11.0,13.0,AP,True,home
159408,2024-05-02,2024-05-02 16:45:00,131,Champions League,Europe,2023,Quarter-finals,Kiel,Montpellier,321,248,31.0,21.0,17.0,12.0,FT,True,home
159429,2024-05-02,2024-05-02 18:45:00,131,Champions League,Europe,2023,Quarter-finals,Barcelona,PSG,962,4484,32.0,31.0,17.0,12.0,FT,True,home
160097,2024-06-08,2024-06-08 13:00:00,131,Champions League,Europe,2023,Semi-finals,SC Magdeburg,Aalborg,328,172,26.0,28.0,11.0,11.0,FT,True,away
160096,2024-06-08,2024-06-08 16:00:00,131,Champions League,Europe,2023,Semi-finals,Barcelona,Kiel,962,321,30.0,18.0,15.0,9.0,FT,True,home
160746,2024-06-09,2024-06-09 13:00:00,131,Champions League,Europe,2023,3rd place,SC Magdeburg,Kiel,328,321,28.0,32.0,14.0,23.0,FT,True,away
160747,2024-06-09,2024-06-09 16:00:00,131,Champions League,Europe,2023,Final,Aalborg,Barcelona,172,962,30.0,31.0,15.0,15.0,FT,True,away
148802,2023-08-26,2023-08-26 14:00:00,145,EHF European League,Europe,2023,European League - Final,Ystads IF,Hannover-Burgdorf,1048,320,28.0,33.0,12.0,15.0,FT,True,away
148805,2023-08-26,2023-08-26 16:00:00,145,EHF European League,Europe,2023,European League - Final,Trimo Trebnje,ABC Braga,942,779,31.0,29.0,14.0,14.0,FT,True,home
148803,2023-08-26,2023-08-26 17:00:00,145,EHF European League,Europe,2023,European League - Final,Aguas Santas,Pfadi Winterthur,777,1065,24.0,22.0,12.0,15.0,FT,True,home
148806,2023-08-26,2023-08-26 17:00:00,145,EHF European League,Europe,2023,European League - Final,Vardar 1961,Rhein-Neckar,1162,327,25.0,34.0,14.0,14.0,FT,True,away
148804,2023-08-27,2023-08-27 15:00:00,145,EHF European League,Europe,2023,European League - Final,CSM Constanta,Granollers,4118,966,27.0,29.0,14.0,16.0,FT,True,away
148808,2023-09-02,2023-09-02 10:10:00,145,EHF European League,Europe,2023,European League - Final,Granollers,CSM Constanta,966,4118,22.0,25.0,10.0,14.0,AP,True,away
148807,2023-09-02,2023-09-02 16:30:00,145,EHF European League,Europe,2023,European League - Final,ABC Braga,Trimo Trebnje,779,942,29.0,26.0,14.0,13.0,FT,True,home
148809,2023-09-02,2023-09-02 16:30:00,145,EHF European League,Europe,2023,European League - Final,Hannover-Burgdorf,Ystads IF,320,1048,30.0,21.0,11.0,10.0,FT,True,home
148811,2023-09-03,2023-09-03 14:00:00,145,EHF European League,Europe,2023,European League - Final,Rhein-Neckar,Vardar 1961,327,1162,37.0,33.0,17.0,17.0,FT,True,home
148810,2023-09-03,2023-09-03 15:00:00,145,EHF European League,Europe,2023,European League - Final,Pfadi Winterthur,Aguas Santas,1065,777,22.0,19.0,16.0,11.0,FT,True,home
152670,2023-10-17,2023-10-17 16:45:00,145,EHF European League,Europe,2023,1,Zabrze,AEK Athens,696,394,30.0,21.0,16.0,12.0,FT,True,home
152671,2023-10-17,2023-10-17 16:45:00,145,EHF European League,Europe,2023,1,Bjerringbro/Silkeborg,La Rioja,176,968,34.0,25.0,16.0,13.0,FT,True,home
152673,2023-10-17,2023-10-17 16:45:00,145,EHF European League,Europe,2023,1,Elverum,Lovcen,636,569,37.0,25.0,17.0,13.0,FT,True,home
152674,2023-10-17,2023-10-17 16:45:00,145,EHF European League,Europe,2023,1,Fuchse Berlin,Chambery Savoie,315,251,24.0,22.0,13.0,10.0,FT,True,home
154121,2023-10-17,2023-10-17 16:45:00,145,EHF European League,Europe,2023,1,Povazska Bystrica,ABC Braga,907,779,26.0,34.0,15.0,17.0,FT,True,away
154122,2023-10-17,2023-10-17 16:45:00,145,EHF European League,Europe,2023,1,Tatabanya,CSM Constanta,418,4118,24.0,29.0,9.0,16.0,FT,True,away
154123,2023-10-17,2023-10-17 16:45:00,145,EHF European League,Europe,2023,1,HC Kriens,Hannover-Burgdorf,1063,320,23.0,31.0,13.0,13.0,FT,True,away
154143,2023-10-17,2023-10-17 16:45:00,145,EHF European League,Europe,2023,1,Kristianstad,Rhein-Neckar,1041,327,20.0,26.0,10.0,13.0,FT,True,away
154144,2023-10-17,2023-10-17 16:45:00,145,EHF European League,Europe,2023,1,Gorenje,Pfadi Winterthur,931,1065,34.0,26.0,19.0,14.0,FT,True,home
152672,2023-10-17,2023-10-17 18:45:00,145,EHF European League,Europe,2023,1,Din. Bucuresti,Izvidac,829,54,52.0,24.0,27.0,7.0,FT,True,home
152675,2023-10-17,2023-10-17 18:45:00,145,EHF European League,Europe,2023,1,Nexe,Skjern,81,185,39.0,25.0,20.0,10.0,FT,True,home
152676,2023-10-17,2023-10-17 18:45:00,145,EHF European League,Europe,2023,1,Sporting,Chrobry Glogow,791,685,37.0,20.0,20.0,7.0,FT,True,home
152677,2023-10-17,2023-10-17 18:45:00,145,EHF European League,Europe,2023,1,Flensburg-H.,Kadetten Schaffhausen,314,4178,46.0,32.0,25.0,11.0,FT,True,home
152678,2023-10-17,2023-10-17 18:45:00,145,EHF European League,Europe,2023,1,Nantes,Benfica,257,782,37.0,28.0,19.0,15.0,FT,True,home
152679,2023-10-17,2023-10-17 18:45:00,145,EHF European League,Europe,2023,1,Cuenca,Savehof,965,1046,22.0,30.0,8.0,14.0,FT,True,away
152680,2023-10-17,2023-10-17 18:45:00,145,EHF European League,Europe,2023,1,Alkaloid,Vojvodina,3377,899,26.0,31.0,13.0,15.0,FT,True,away
152681,2023-10-24,2023-10-24 16:45:00,145,EHF European League,Europe,2023,2,AEK Athens,HC Kriens,394,1063,30.0,29.0,15.0,12.0,FT,True,home
152682,2023-10-24,2023-10-24 16:45:00,145,EHF European League,Europe,2023,2,Chrobry Glogow,Tatabanya,685,418,25.0,30.0,11.0,16.0,FT,True,away
152684,2023-10-24,2023-10-24 16:45:00,145,EHF European League,Europe,2023,2,Savehof,Gorenje,1046,931,36.0,34.0,18.0,17.0,FT,True,home
152685,2023-10-24,2023-10-24 16:45:00,145,EHF European League,Europe,2023,2,Skjern,Povazska Bystrica,185,907,42.0,22.0,21.0,10.0,FT,True,home
152689,2023-10-24,2023-10-24 16:45:00,145,EHF European League,Europe,2023,2,Kadetten Schaffhausen,Elverum,4178,636,32.0,30.0,18.0,12.0,FT,True,home
152690,2023-10-24,2023-10-24 16:45:00,145,EHF European League,Europe,2023,2,Izvidac,Fuchse Berlin,54,315,22.0,34.0,13.0,13.0,FT,True,away
152691,2023-10-24,2023-10-24 16:45:00,145,EHF European League,Europe,2023,2,Benfica,Kristianstad,782,1041,36.0,33.0,20.0,17.0,FT,True,home
154125,2023-10-24,2023-10-24 16:45:00,145,EHF European League,Europe,2023,2,CSM Constanta,Sporting,4118,791,29.0,28.0,15.0,16.0,FT,True,home
154145,2023-10-24,2023-10-24 16:45:00,145,EHF European League,Europe,2023,2,Rhein-Neckar,Nantes,327,257,36.0,32.0,19.0,17.0,FT,True,home
152683,2023-10-24,2023-10-24 18:45:00,145,EHF European League,Europe,2023,2,Lovcen,Flensburg-H.,569,314,19.0,35.0,12.0,15.0,FT,True,away
152686,2023-10-24,2023-10-24 18:45:00,145,EHF European League,Europe,2023,2,La Rioja,Alkaloid,968,3377,29.0,29.0,18.0,15.0,FT,True,draw
152687,2023-10-24,2023-10-24 18:45:00,145,EHF European League,Europe,2023,2,Vojvodina,Bjerringbro/Silkeborg,899,176,29.0,28.0,15.0,16.0,FT,True,home
152688,2023-10-24,2023-10-24 18:45:00,145,EHF European League,Europe,2023,2,Chambery Savoie,Din. Bucuresti,251,829,21.0,28.0,9.0,14.0,FT,True,away
154124,2023-10-24,2023-10-24 18:45:00,145,EHF European League,Europe,2023,2,Nexe,ABC Braga,81,779,38.0,28.0,21.0,12.0,FT,True,home
154126,2023-10-24,2023-10-24 18:45:00,145,EHF European League,Europe,2023,2,Hannover-Burgdorf,Zabrze,320,696,34.0,28.0,19.0,12.0,FT,True,home
154146,2023-10-24,2023-10-24 18:45:00,145,EHF European League,Europe,2023,2,Pfadi Winterthur,Cuenca,1065,965,32.0,28.0,16.0,13.0,FT,True,home
152693,2023-11-14,2023-11-14 17:45:00,145,EHF European League,Europe,2023,3,Kristianstad,Nantes,1041,257,27.0,31.0,17.0,19.0,FT,True,away
152694,2023-11-14,2023-11-14 17:45:00,145,EHF European League,Europe,2023,3,Tatabanya,Sporting,418,791,31.0,29.0,13.0,12.0,FT,True,home
152695,2023-11-14,2023-11-14 17:45:00,145,EHF European League,Europe,2023,3,Vojvodina,La Rioja,899,968,24.0,25.0,12.0,12.0,FT,True,away
152696,2023-11-14,2023-11-14 17:45:00,145,EHF European League,Europe,2023,3,Gorenje,Cuenca,931,965,28.0,20.0,11.0,10.0,FT,True,home
152697,2023-11-14,2023-11-14 17:45:00,145,EHF European League,Europe,2023,3,Elverum,Flensburg-H.,636,314,32.0,33.0,13.0,13.0,FT,True,away
152698,2023-11-14,2023-11-14 17:45:00,145,EHF European League,Europe,2023,3,Alkaloid,Bjerringbro/Silkeborg,3377,176,23.0,31.0,12.0,16.0,FT,True,away
154128,2023-11-14,2023-11-14 17:45:00,145,EHF European League,Europe,2023,3,CSM Constanta,Chrobry Glogow,4118,685,29.0,18.0,15.0,8.0,FT,True,home
154129,2023-11-14,2023-11-14 17:45:00,145,EHF European League,Europe,2023,3,Hannover-Burgdorf,AEK Athens,320,394,31.0,25.0,12.0,14.0,FT,True,home
152699,2023-11-14,2023-11-14 19:45:00,145,EHF European League,Europe,2023,3,Fuchse Berlin,Din. Bucuresti,315,829,33.0,30.0,16.0,11.0,FT,True,home
152700,2023-11-14,2023-11-14 19:45:00,145,EHF European League,Europe,2023,3,Izvidac,Chambery Savoie,54,251,27.0,40.0,16.0,22.0,FT,True,away
152701,2023-11-14,2023-11-14 19:45:00,145,EHF European League,Europe,2023,3,Lovcen,Kadetten Schaffhausen,569,4178,26.0,29.0,10.0,11.0,FT,True,away
152702,2023-11-14,2023-11-14 19:45:00,145,EHF European League,Europe,2023,3,Povazska Bystrica,Nexe,907,81,28.0,39.0,15.0,19.0,FT,True,away
152703,2023-11-14,2023-11-14 19:45:00,145,EHF European League,Europe,2023,4,Zabrze,HC Kriens,696,1063,32.0,28.0,18.0,12.0,FT,True,home
154127,2023-11-14,2023-11-14 19:45:00,145,EHF European League,Europe,2023,3,ABC Braga,Skjern,779,185,25.0,32.0,13.0,16.0,FT,True,away
154147,2023-11-14,2023-11-14 19:45:00,145,EHF European League,Europe,2023,3,Savehof,Pfadi Winterthur,1046,1065,41.0,20.0,21.0,11.0,FT,True,home
154148,2023-11-14,2023-11-14 19:45:00,145,EHF European League,Europe,2023,3,Benfica,Rhein-Neckar,782,327,35.0,36.0,15.0,19.0,FT,True,away
152704,2023-11-21,2023-11-21 17:45:00,145,EHF European League,Europe,2023,4,Nexe,Povazska Bystrica,81,907,35.0,28.0,19.0,15.0,FT,True,home
152705,2023-11-21,2023-11-21 17:45:00,145,EHF European League,Europe,2023,4,Kadetten Schaffhausen,Lovcen,4178,569,36.0,26.0,17.0,12.0,FT,True,home
152706,2023-11-21,2023-11-21 17:45:00,145,EHF European League,Europe,2023,4,Din. Bucuresti,Fuchse Berlin,829,315,32.0,33.0,17.0,16.0,FT,True,away
152707,2023-11-21,2023-11-21 17:45:00,145,EHF European League,Europe,2023,4,Chambery Savoie,Izvidac,251,54,34.0,30.0,16.0,13.0,FT,True,home
154130,2023-11-21,2023-11-21 17:45:00,145,EHF European League,Europe,2023,4,Skjern,ABC Braga,185,779,32.0,25.0,15.0,10.0,FT,True,home
154131,2023-11-21,2023-11-21 17:45:00,145,EHF European League,Europe,2023,4,Chrobry Glogow,CSM Constanta,685,4118,29.0,29.0,14.0,19.0,FT,True,draw
154132,2023-11-21,2023-11-21 17:45:00,145,EHF European League,Europe,2023,4,AEK Athens,Hannover-Burgdorf,394,320,29.0,34.0,16.0,16.0,FT,True,away
154149,2023-11-21,2023-11-21 17:45:00,145,EHF European League,Europe,2023,4,Rhein-Neckar,Benfica,327,782,39.0,30.0,20.0,17.0,FT,True,home
154150,2023-11-21,2023-11-21 17:45:00,145,EHF European League,Europe,2023,4,Pfadi Winterthur,Savehof,1065,1046,29.0,32.0,14.0,17.0,FT,True,away
152692,2023-11-21,2023-11-21 19:45:00,145,EHF European League,Europe,2023,3,HC Kriens,Zabrze,1063,696,30.0,30.0,15.0,14.0,FT,True,draw
152708,2023-11-21,2023-11-21 19:45:00,145,EHF European League,Europe,2023,4,Bjerringbro/Silkeborg,Alkaloid,176,3377,35.0,31.0,17.0,16.0,FT,True,home
152709,2023-11-21,2023-11-21 19:45:00,145,EHF European League,Europe,2023,4,Cuenca,Gorenje,965,931,28.0,27.0,13.0,15.0,FT,True,home
152710,2023-11-21,2023-11-21 19:45:00,145,EHF European League,Europe,2023,4,Flensburg-H.,Elverum,314,636,38.0,35.0,19.0,15.0,FT,True,home
152711,2023-11-21,2023-11-21 19:45:00,145,EHF European League,Europe,2023,4,La Rioja,Vojvodina,968,899,29.0,32.0,15.0,17.0,FT,True,away
152712,2023-11-21,2023-11-21 19:45:00,145,EHF European League,Europe,2023,4,Nantes,Kristianstad,257,1041,31.0,27.0,16.0,16.0,FT,True,home
152713,2023-11-21,2023-11-21 19:45:00,145,EHF European League,Europe,2023,4,Sporting,Tatabanya,791,418,36.0,28.0,17.0,14.0,FT,True,home
152714,2023-11-28,2023-11-28 17:45:00,145,EHF European League,Europe,2023,5,AEK Athens,Zabrze,394,696,26.0,30.0,12.0,15.0,FT,True,away
152715,2023-11-28,2023-11-28 17:45:00,145,EHF European League,Europe,2023,5,Vojvodina,Alkaloid,899,3377,34.0,29.0,16.0,11.0,FT,True,home
152716,2023-11-28,2023-11-28 17:45:00,145,EHF European League,Europe,2023,5,Savehof,Cuenca,1046,965,40.0,27.0,21.0,9.0,FT,True,home
152717,2023-11-28,2023-11-28 17:45:00,145,EHF European League,Europe,2023,5,Skjern,Nexe,185,81,33.0,30.0,18.0,15.0,FT,True,home
152718,2023-11-28,2023-11-28 17:45:00,145,EHF European League,Europe,2023,5,Chambery Savoie,Fuchse Berlin,251,315,31.0,36.0,14.0,17.0,FT,True,away
152720,2023-11-28,2023-11-28 17:45:00,145,EHF European League,Europe,2023,5,Izvidac,Din. Bucuresti,54,829,24.0,40.0,11.0,17.0,FT,True,away
154133,2023-11-28,2023-11-28 17:45:00,145,EHF European League,Europe,2023,5,CSM Constanta,Tatabanya,4118,418,28.0,25.0,14.0,12.0,FT,True,home
154134,2023-11-28,2023-11-28 17:45:00,145,EHF European League,Europe,2023,5,Hannover-Burgdorf,HC Kriens,320,1063,30.0,30.0,14.0,14.0,FT,True,draw
154151,2023-11-28,2023-11-28 17:45:00,145,EHF European League,Europe,2023,5,Pfadi Winterthur,Gorenje,1065,931,32.0,31.0,17.0,18.0,FT,True,home
152719,2023-11-28,2023-11-28 19:45:00,145,EHF European League,Europe,2023,5,Chrobry Glogow,Sporting,685,791,22.0,35.0,9.0,17.0,FT,True,away
152721,2023-11-28,2023-11-28 19:45:00,145,EHF European League,Europe,2023,5,Kadetten Schaffhausen,Flensburg-H.,4178,314,25.0,24.0,15.0,16.0,FT,True,home
152722,2023-11-28,2023-11-28 19:45:00,145,EHF European League,Europe,2023,5,La Rioja,Bjerringbro/Silkeborg,968,176,28.0,29.0,10.0,13.0,FT,True,away
152723,2023-11-28,2023-11-28 19:45:00,145,EHF European League,Europe,2023,5,Lovcen,Elverum,569,636,26.0,27.0,12.0,15.0,FT,True,away
152724,2023-11-28,2023-11-28 19:45:00,145,EHF European League,Europe,2023,5,Benfica,Nantes,782,257,34.0,38.0,16.0,18.0,FT,True,away
154135,2023-11-28,2023-11-28 19:45:00,145,EHF European League,Europe,2023,5,ABC Braga,Povazska Bystrica,779,907,31.0,26.0,15.0,13.0,FT,True,home
154152,2023-11-28,2023-11-28 19:45:00,145,EHF European League,Europe,2023,5,Rhein-Neckar,Kristianstad,327,1041,36.0,28.0,17.0,14.0,FT,True,home
152725,2023-12-05,2023-12-05 17:45:00,145,EHF European League,Europe,2023,6,HC Kriens,AEK Athens,1063,394,39.0,27.0,18.0,14.0,FT,True,home
152726,2023-12-05,2023-12-05 17:45:00,145,EHF European League,Europe,2023,6,Gorenje,Savehof,931,1046,28.0,28.0,12.0,15.0,FT,True,draw
152727,2023-12-05,2023-12-05 17:45:00,145,EHF European League,Europe,2023,6,Tatabanya,Chrobry Glogow,418,685,37.0,24.0,20.0,8.0,FT,True,home
152728,2023-12-05,2023-12-05 17:45:00,145,EHF European League,Europe,2023,6,Kristianstad,Benfica,1041,782,27.0,31.0,14.0,15.0,FT,True,away
152729,2023-12-05,2023-12-05 17:45:00,145,EHF European League,Europe,2023,6,Alkaloid,La Rioja,3377,968,28.0,27.0,15.0,13.0,FT,True,home
152730,2023-12-05,2023-12-05 17:45:00,145,EHF European League,Europe,2023,6,Flensburg-H.,Lovcen,314,569,42.0,19.0,24.0,8.0,FT,True,home
152731,2023-12-05,2023-12-05 17:45:00,145,EHF European League,Europe,2023,6,Din. Bucuresti,Chambery Savoie,829,251,36.0,33.0,23.0,14.0,FT,True,home
152732,2023-12-05,2023-12-05 17:45:00,145,EHF European League,Europe,2023,6,Bjerringbro/Silkeborg,Vojvodina,176,899,26.0,22.0,13.0,14.0,FT,True,home
152733,2023-12-05,2023-12-05 19:45:00,145,EHF European League,Europe,2023,6,Elverum,Kadetten Schaffhausen,636,4178,31.0,27.0,15.0,14.0,FT,True,home
152734,2023-12-05,2023-12-05 19:45:00,145,EHF European League,Europe,2023,6,Fuchse Berlin,Izvidac,315,54,34.0,23.0,16.0,15.0,FT,True,home
152735,2023-12-05,2023-12-05 19:45:00,145,EHF European League,Europe,2023,6,Povazska Bystrica,Skjern,907,185,31.0,27.0,18.0,16.0,FT,True,home
154136,2023-12-05,2023-12-05 19:45:00,145,EHF European League,Europe,2023,6,ABC Braga,Nexe,779,81,30.0,34.0,12.0,17.0,FT,True,away
154137,2023-12-05,2023-12-05 19:45:00,145,EHF European League,Europe,2023,6,Sporting,CSM Constanta,791,4118,34.0,28.0,21.0,16.0,FT,True,home
154138,2023-12-05,2023-12-05 19:45:00,145,EHF European League,Europe,2023,6,Zabrze,Hannover-Burgdorf,696,320,29.0,32.0,19.0,14.0,FT,True,away
154153,2023-12-05,2023-12-05 19:45:00,145,EHF European League,Europe,2023,6,Cuenca,Pfadi Winterthur,965,1065,28.0,24.0,15.0,12.0,FT,True,home
154154,2023-12-05,2023-12-05 19:45:00,145,EHF European League,Europe,2023,6,Nantes,Rhein-Neckar,257,327,32.0,25.0,14.0,11.0,FT,True,home
156358,2024-02-13,2024-02-13 17:45:00,145,EHF European League,Europe,2023,1,CSM Constanta,Fuchse Berlin,4118,315,29.0,32.0,15.0,14.0,FT,True,away
156360,2024-02-13,2024-02-13 17:45:00,145,EHF European League,Europe,2023,1,Hannover-Burgdorf,Nantes,320,257,32.0,38.0,17.0,18.0,FT,True,away
156361,2024-02-13,2024-02-13 17:45:00,145,EHF European League,Europe,2023,1,Kadetten Schaffhausen,Vojvodina,4178,899,27.0,24.0,15.0,13.0,FT,True,home
156363,2024-02-13,2024-02-13 17:45:00,145,EHF European League,Europe,2023,1,Skjern,Gorenje,185,931,45.0,31.0,22.0,16.0,FT,True,home
156359,2024-02-13,2024-02-13 19:45:00,145,EHF European League,Europe,2023,1,Flensburg-H.,Bjerringbro/Silkeborg,314,176,38.0,28.0,21.0,11.0,FT,True,home
156362,2024-02-13,2024-02-13 19:45:00,145,EHF European League,Europe,2023,1,Nexe,Savehof,81,1046,29.0,28.0,16.0,13.0,FT,True,home
156364,2024-02-13,2024-02-13 19:45:00,145,EHF European League,Europe,2023,1,Sporting,Din. Bucuresti,791,829,35.0,33.0,17.0,18.0,FT,True,home
156365,2024-02-13,2024-02-13 19:45:00,145,EHF European League,Europe,2023,1,Zabrze,Rhein-Neckar,696,327,29.0,26.0,12.0,14.0,FT,True,home
156351,2024-02-20,2024-02-20 17:45:00,145,EHF European League,Europe,2023,2,Vojvodina,Flensburg-H.,899,314,26.0,36.0,13.0,14.0,FT,True,away
156353,2024-02-20,2024-02-20 17:45:00,145,EHF European League,Europe,2023,2,Savehof,Skjern,1046,185,27.0,29.0,12.0,13.0,FT,True,away
156354,2024-02-20,2024-02-20 17:45:00,145,EHF European League,Europe,2023,2,Gorenje,Nexe,931,81,27.0,27.0,15.0,13.0,FT,True,draw
156355,2024-02-20,2024-02-20 17:45:00,145,EHF European League,Europe,2023,2,Fuchse Berlin,Sporting,315,791,31.0,32.0,19.0,13.0,FT,True,away
156356,2024-02-20,2024-02-20 17:45:00,145,EHF European League,Europe,2023,2,Din. Bucuresti,CSM Constanta,829,4118,33.0,23.0,16.0,10.0,FT,True,home
156357,2024-02-20,2024-02-20 17:45:00,145,EHF European League,Europe,2023,2,Bjerringbro/Silkeborg,Kadetten Schaffhausen,176,4178,36.0,30.0,17.0,15.0,FT,True,home
156350,2024-02-20,2024-02-20 19:45:00,145,EHF European League,Europe,2023,2,Nantes,Zabrze,257,696,31.0,23.0,17.0,11.0,FT,True,home
156352,2024-02-20,2024-02-20 19:45:00,145,EHF European League,Europe,2023,2,Rhein-Neckar,Hannover-Burgdorf,327,320,27.0,26.0,11.0,13.0,FT,True,home
156344,2024-02-27,2024-02-27 17:45:00,145,EHF European League,Europe,2023,3,Skjern,Savehof,185,1046,33.0,34.0,16.0,18.0,FT,True,away
156346,2024-02-27,2024-02-27 17:45:00,145,EHF European League,Europe,2023,3,Kadetten Schaffhausen,Bjerringbro/Silkeborg,4178,176,33.0,34.0,17.0,19.0,FT,True,away
156347,2024-02-27,2024-02-27 17:45:00,145,EHF European League,Europe,2023,3,Flensburg-H.,Vojvodina,314,899,42.0,30.0,20.0,16.0,FT,True,home
156348,2024-02-27,2024-02-27 17:45:00,145,EHF European League,Europe,2023,3,CSM Constanta,Din. Bucuresti,4118,829,25.0,33.0,11.0,16.0,FT,True,away
156342,2024-02-27,2024-02-27 19:45:00,145,EHF European League,Europe,2023,3,Nexe,Gorenje,81,931,34.0,27.0,17.0,15.0,FT,True,home
156343,2024-02-27,2024-02-27 19:45:00,145,EHF European League,Europe,2023,3,Zabrze,Nantes,696,257,22.0,31.0,12.0,16.0,FT,True,away
156345,2024-02-27,2024-02-27 19:45:00,145,EHF European League,Europe,2023,3,Sporting,Fuchse Berlin,791,315,32.0,28.0,17.0,17.0,FT,True,home
156349,2024-02-27,2024-02-27 19:45:00,145,EHF European League,Europe,2023,3,Hannover-Burgdorf,Rhein-Neckar,320,327,24.0,32.0,13.0,15.0,FT,True,away
156334,2024-03-05,2024-03-05 17:45:00,145,EHF European League,Europe,2023,4,Bjerringbro/Silkeborg,Flensburg-H.,176,314,26.0,45.0,17.0,19.0,FT,True,away
156335,2024-03-05,2024-03-05 17:45:00,145,EHF European League,Europe,2023,4,Din. Bucuresti,Sporting,829,791,27.0,31.0,11.0,15.0,FT,True,away
156337,2024-03-05,2024-03-05 17:45:00,145,EHF European League,Europe,2023,4,Gorenje,Skjern,931,185,24.0,29.0,14.0,13.0,FT,True,away
156339,2024-03-05,2024-03-05 17:45:00,145,EHF European League,Europe,2023,4,Rhein-Neckar,Zabrze,327,696,27.0,23.0,10.0,8.0,FT,True,home
156340,2024-03-05,2024-03-05 17:45:00,145,EHF European League,Europe,2023,4,Savehof,Nexe,1046,81,34.0,28.0,17.0,15.0,FT,True,home
156336,2024-03-05,2024-03-05 19:45:00,145,EHF European League,Europe,2023,4,Fuchse Berlin,CSM Constanta,315,4118,35.0,31.0,16.0,19.0,FT,True,home
156338,2024-03-05,2024-03-05 19:45:00,145,EHF European League,Europe,2023,4,Nantes,Hannover-Burgdorf,257,320,33.0,26.0,13.0,15.0,FT,True,home
156341,2024-03-05,2024-03-05 19:45:00,145,EHF European League,Europe,2023,4,Vojvodina,Kadetten Schaffhausen,899,4178,24.0,21.0,11.0,8.0,FT,True,home
157830,2024-03-26,2024-03-26 17:45:00,145,EHF European League,Europe,2023,,Din. Bucuresti,Bjerringbro/Silkeborg,829,176,37.0,34.0,18.0,16.0,FT,True,home
157832,2024-03-26,2024-03-26 17:45:00,145,EHF European League,Europe,2023,,Kadetten Schaffhausen,Fuchse Berlin,4178,315,28.0,32.0,15.0,16.0,FT,True,away
157831,2024-03-26,2024-03-26 19:45:00,145,EHF European League,Europe,2023,,Hannover-Burgdorf,Savehof,320,1046,34.0,30.0,18.0,14.0,FT,True,home
157833,2024-03-26,2024-03-26 19:45:00,145,EHF European League,Europe,2023,,Nexe,Rhein-Neckar,81,327,19.0,24.0,11.0,13.0,FT,True,away
157834,2024-04-02,2024-04-02 16:45:00,145,EHF European League,Europe,2023,,Bjerringbro/Silkeborg,Din. Bucuresti,176,829,24.0,27.0,8.0,16.0,FT,True,away
157837,2024-04-02,2024-04-02 16:45:00,145,EHF European League,Europe,2023,,Savehof,Hannover-Burgdorf,1046,320,34.0,25.0,18.0,14.0,FT,True,home
157835,2024-04-02,2024-04-02 18:45:00,145,EHF European League,Europe,2023,,Fuchse Berlin,Kadetten Schaffhausen,315,4178,34.0,28.0,18.0,11.0,FT,True,home
157836,2024-04-02,2024-04-02 18:45:00,145,EHF European League,Europe,2023,,Rhein-Neckar,Nexe,327,81,31.0,29.0,16.0,16.0,FT,True,home
159390,2024-04-23,2024-04-23 16:45:00,145,EHF European League,Europe,2023,European League - Quarter-finals,Din. Bucuresti,Skjern,829,185,28.0,27.0,14.0,15.0,FT,True,home
159393,2024-04-23,2024-04-23 16:45:00,145,EHF European League,Europe,2023,European League - Quarter-finals,Savehof,Flensburg-H.,1046,314,30.0,41.0,14.0,22.0,FT,True,away
159391,2024-04-23,2024-04-23 18:45:00,145,EHF European League,Europe,2023,European League - Quarter-finals,Fuchse Berlin,Nantes,315,257,33.0,33.0,17.0,15.0,FT,True,draw
159392,2024-04-23,2024-04-23 18:45:00,145,EHF European League,Europe,2023,European League - Quarter-finals,Rhein-Neckar,Sporting,327,791,32.0,29.0,19.0,14.0,FT,True,home
159394,2024-04-30,2024-04-30 16:45:00,145,EHF European League,Europe,2023,European League - Quarter-finals,Flensburg-H.,Savehof,314,1046,28.0,29.0,11.0,15.0,FT,True,away
159396,2024-04-30,2024-04-30 16:45:00,145,EHF European League,Europe,2023,European League - Quarter-finals,Skjern,Din. Bucuresti,185,829,34.0,38.0,12.0,20.0,FT,True,away
159395,2024-04-30,2024-04-30 18:45:00,145,EHF European League,Europe,2023,European League - Quarter-finals,Nantes,Fuchse Berlin,257,315,30.0,37.0,16.0,18.0,FT,True,away
159397,2024-04-30,2024-04-30 18:45:00,145,EHF European League,Europe,2023,European League - Quarter-finals,Sporting,Rhein-Neckar,791,327,29.0,28.0,15.0,12.0,FT,True,home
159967,2024-05-25,2024-05-25 13:00:00,145,EHF European League,Europe,2023,European League - Semi-finals,Flensburg-H.,Din. Bucuresti,314,829,38.0,32.0,18.0,11.0,FT,True,home
159968,2024-05-25,2024-05-25 16:00:00,145,EHF European League,Europe,2023,European League - Semi-finals,Rhein-Neckar,Fuchse Berlin,327,315,24.0,33.0,9.0,14.0,FT,True,away
160308,2024-05-26,2024-05-26 13:00:00,145,EHF European League,Europe,2023,European League - 3rd place,Din. Bucuresti,Rhein-Neckar,829,327,31.0,32.0,15.0,18.0,FT,True,away
160309,2024-05-26,2024-05-26 16:00:00,145,EHF European League,Europe,2023,European League - Final,Flensburg-H.,Fuchse Berlin,314,315,36.0,31.0,15.0,14.0,FT,True,home
80146,2022-09-02,2022-09-02 18:15:00,78,Superliga,Poland,2022,1,Gwardia Opole,Zaglebie,686,697,32.0,28.0,15.0,14.0,FT,True,home
80151,2022-09-03,2022-09-03 13:00:00,78,Superliga,Poland,2022,1,Chrobry Glogow,Wisla Plock,685,694,24.0,36.0,9.0,16.0,FT,True,away
80147,2022-09-03,2022-09-03 15:00:00,78,Superliga,Poland,2022,1,Ostrow Wielkopolski,Szczecin,739,691,27.0,26.0,16.0,15.0,FT,True,home
80149,2022-09-03,2022-09-03 15:00:00,78,Superliga,Poland,2022,1,Wybrzeze Gdansk,MMTS Kwidzyn,695,688,23.0,22.0,13.0,11.0,FT,True,home
80148,2022-09-03,2022-09-03 16:30:00,78,Superliga,Poland,2022,1,Kielce,Piotrkowianin Piotrkow,4252,689,40.0,28.0,19.0,11.0,FT,True,home
80145,2022-09-04,2022-09-04 15:00:00,78,Superliga,Poland,2022,1,Azoty-Pulawy,Kalisz,684,687,29.0,24.0,11.0,12.0,FT,True,home
80153,2022-09-09,2022-09-09 14:00:00,78,Superliga,Poland,2022,2,Zaglebie,Unia Tarnow,697,2070,27.0,30.0,17.0,15.0,FT,True,away
80154,2022-09-09,2022-09-09 16:10:00,78,Superliga,Poland,2022,2,Wisla Plock,Zabrze,694,696,34.0,25.0,17.0,13.0,FT,True,home
80158,2022-09-10,2022-09-10 13:00:00,78,Superliga,Poland,2022,2,Gwardia Opole,Wybrzeze Gdansk,686,695,23.0,27.0,14.0,15.0,FT,True,away
80152,2022-09-10,2022-09-10 15:00:00,78,Superliga,Poland,2022,2,Szczecin,Kielce,691,4252,23.0,43.0,9.0,18.0,FT,True,away
80157,2022-09-10,2022-09-10 17:00:00,78,Superliga,Poland,2022,2,Kalisz,Ostrow Wielkopolski,687,739,28.0,27.0,13.0,15.0,FT,True,home
80156,2022-09-11,2022-09-11 16:00:00,78,Superliga,Poland,2022,2,MMTS Kwidzyn,Azoty-Pulawy,688,684,23.0,30.0,9.0,14.0,FT,True,away
80155,2022-09-12,2022-09-12 16:15:00,78,Superliga,Poland,2022,2,Piotrkowianin Piotrkow,Chrobry Glogow,689,685,33.0,26.0,15.0,15.0,FT,True,home
80150,2022-09-14,2022-09-14 15:00:00,78,Superliga,Poland,2022,1,Zabrze,Unia Tarnow,696,2070,27.0,20.0,11.0,11.0,FT,True,home
80159,2022-09-17,2022-09-17 13:00:00,78,Superliga,Poland,2022,3,Azoty-Pulawy,Gwardia Opole,684,686,32.0,33.0,20.0,17.0,FT,True,away
80160,2022-09-17,2022-09-17 15:00:00,78,Superliga,Poland,2022,3,Chrobry Glogow,Szczecin,685,691,32.0,27.0,17.0,16.0,FT,True,home
80161,2022-09-17,2022-09-17 16:00:00,78,Superliga,Poland,2022,3,Kalisz,Kielce,687,4252,26.0,43.0,17.0,23.0,FT,True,away
80162,2022-09-17,2022-09-17 17:00:00,78,Superliga,Poland,2022,3,Ostrow Wielkopolski,MMTS Kwidzyn,739,688,23.0,25.0,16.0,12.0,FT,True,away
80163,2022-09-18,2022-09-18 15:00:00,78,Superliga,Poland,2022,3,Unia Tarnow,Wisla Plock,2070,694,23.0,35.0,11.0,16.0,FT,True,away
80165,2022-09-20,2022-09-20 16:15:00,78,Superliga,Poland,2022,3,Zabrze,Piotrkowianin Piotrkow,696,689,29.0,25.0,17.0,14.0,FT,True,home
80164,2022-09-21,2022-09-21 16:15:00,78,Superliga,Poland,2022,3,Wybrzeze Gdansk,Zaglebie,695,697,27.0,19.0,14.0,7.0,FT,True,home
80169,2022-09-23,2022-09-23 17:00:00,78,Superliga,Poland,2022,4,Kalisz,Chrobry Glogow,687,685,23.0,24.0,13.0,12.0,FT,True,away
80166,2022-09-24,2022-09-24 13:00:00,78,Superliga,Poland,2022,4,Szczecin,Zabrze,691,696,26.0,33.0,15.0,16.0,FT,True,away
80167,2022-09-24,2022-09-24 15:00:00,78,Superliga,Poland,2022,4,Wisla Plock,Zaglebie,694,697,31.0,16.0,15.0,10.0,FT,True,home
80168,2022-09-24,2022-09-24 15:00:00,78,Superliga,Poland,2022,4,Wybrzeze Gdansk,Azoty-Pulawy,695,684,30.0,25.0,13.0,13.0,FT,True,home
80172,2022-09-24,2022-09-24 17:00:00,78,Superliga,Poland,2022,4,MMTS Kwidzyn,Kielce,688,4252,30.0,35.0,16.0,13.0,FT,True,away
80171,2022-09-26,2022-09-26 16:20:00,78,Superliga,Poland,2022,4,Gwardia Opole,Ostrow Wielkopolski,686,739,22.0,25.0,15.0,10.0,FT,True,away
80170,2022-09-28,2022-09-28 16:00:00,78,Superliga,Poland,2022,4,Piotrkowianin Piotrkow,Unia Tarnow,689,2070,28.0,29.0,11.0,13.0,AP,True,away
80178,2022-10-01,2022-10-01 10:30:00,78,Superliga,Poland,2022,5,Chrobry Glogow,MMTS Kwidzyn,685,688,29.0,24.0,10.0,12.0,FT,True,home
80179,2022-10-01,2022-10-01 13:00:00,78,Superliga,Poland,2022,5,Azoty-Pulawy,Zaglebie,684,697,39.0,27.0,20.0,10.0,FT,True,home
80173,2022-10-02,2022-10-02 10:05:00,78,Superliga,Poland,2022,5,Kielce,Gwardia Opole,4252,686,42.0,21.0,20.0,9.0,FT,True,home
80174,2022-10-02,2022-10-02 11:00:00,78,Superliga,Poland,2022,5,Wisla Plock,Piotrkowianin Piotrkow,694,689,37.0,21.0,21.0,9.0,FT,True,home
80177,2022-10-02,2022-10-02 13:00:00,78,Superliga,Poland,2022,5,Ostrow Wielkopolski,Wybrzeze Gdansk,739,695,41.0,40.0,13.0,17.0,AP,True,home
80176,2022-10-02,2022-10-02 15:00:00,78,Superliga,Poland,2022,5,Unia Tarnow,Szczecin,2070,691,30.0,28.0,13.0,15.0,FT,True,home
80175,2022-10-02,2022-10-02 16:30:00,78,Superliga,Poland,2022,5,Zabrze,Kalisz,696,687,32.0,25.0,16.0,12.0,FT,True,home
80186,2022-10-05,2022-10-05 17:00:00,78,Superliga,Poland,2022,6,Zaglebie,Piotrkowianin Piotrkow,697,689,23.0,22.0,9.0,8.0,FT,True,home
80182,2022-10-07,2022-10-07 15:45:00,78,Superliga,Poland,2022,6,Kalisz,Unia Tarnow,687,2070,27.0,26.0,9.0,10.0,AP,True,home
80183,2022-10-08,2022-10-08 11:30:00,78,Superliga,Poland,2022,6,MMTS Kwidzyn,Zabrze,688,696,21.0,32.0,8.0,15.0,FT,True,away
80185,2022-10-08,2022-10-08 14:00:00,78,Superliga,Poland,2022,6,Wybrzeze Gdansk,Kielce,695,4252,20.0,31.0,9.0,13.0,FT,True,away
80184,2022-10-08,2022-10-08 15:00:00,78,Superliga,Poland,2022,6,Szczecin,Wisla Plock,691,694,15.0,32.0,7.0,14.0,FT,True,away
80181,2022-10-08,2022-10-08 17:00:00,78,Superliga,Poland,2022,6,Gwardia Opole,Chrobry Glogow,686,685,25.0,23.0,13.0,10.0,FT,True,home
80180,2022-10-09,2022-10-09 15:00:00,78,Superliga,Poland,2022,6,Azoty-Pulawy,Ostrow Wielkopolski,684,739,24.0,23.0,8.0,13.0,FT,True,home
80191,2022-10-19,2022-10-19 15:45:00,78,Superliga,Poland,2022,7,Chrobry Glogow,Wybrzeze Gdansk,685,695,27.0,25.0,15.0,14.0,FT,True,home
80189,2022-10-19,2022-10-19 16:00:00,78,Superliga,Poland,2022,7,Wisla Plock,Kalisz,694,687,29.0,23.0,15.0,10.0,FT,True,home
80190,2022-10-19,2022-10-19 18:00:00,78,Superliga,Poland,2022,7,Unia Tarnow,MMTS Kwidzyn,2070,688,25.0,26.0,13.0,14.0,FT,True,away
80193,2022-10-19,2022-10-19 18:00:00,78,Superliga,Poland,2022,7,Piotrkowianin Piotrkow,Szczecin,689,691,28.0,27.0,10.0,10.0,AP,True,home
80188,2022-10-20,2022-10-20 16:00:00,78,Superliga,Poland,2022,7,Zabrze,Gwardia Opole,696,686,30.0,24.0,13.0,17.0,FT,True,home
80192,2022-10-20,2022-10-20 17:45:00,78,Superliga,Poland,2022,7,Ostrow Wielkopolski,Zaglebie,739,697,32.0,27.0,17.0,13.0,FT,True,home
80200,2022-10-22,2022-10-22 14:00:00,78,Superliga,Poland,2022,8,Azoty-Pulawy,Chrobry Glogow,684,685,31.0,27.0,17.0,13.0,FT,True,home
80197,2022-10-22,2022-10-22 16:00:00,78,Superliga,Poland,2022,8,MMTS Kwidzyn,Wisla Plock,688,694,18.0,36.0,11.0,21.0,FT,True,away
80198,2022-10-23,2022-10-23 10:30:00,78,Superliga,Poland,2022,8,Kalisz,Piotrkowianin Piotrkow,687,689,27.0,23.0,14.0,12.0,FT,True,home
80199,2022-10-23,2022-10-23 16:00:00,78,Superliga,Poland,2022,8,Gwardia Opole,Unia Tarnow,686,2070,27.0,32.0,16.0,15.0,FT,True,away
80195,2022-10-25,2022-10-25 17:15:00,78,Superliga,Poland,2022,8,Wybrzeze Gdansk,Zabrze,695,696,20.0,28.0,13.0,11.0,FT,True,away
80196,2022-10-25,2022-10-25 17:30:00,78,Superliga,Poland,2022,8,Zaglebie,Szczecin,697,691,28.0,27.0,20.0,12.0,FT,True,home
80206,2022-10-29,2022-10-29 12:35:00,78,Superliga,Poland,2022,9,Wisla Plock,Gwardia Opole,694,686,32.0,18.0,16.0,11.0,FT,True,home
80205,2022-10-29,2022-10-29 16:00:00,78,Superliga,Poland,2022,9,Kielce,Zaglebie,4252,697,39.0,20.0,18.0,8.0,FT,True,home
80207,2022-10-30,2022-10-30 11:45:00,78,Superliga,Poland,2022,9,Zabrze,Azoty-Pulawy,696,684,32.0,38.0,15.0,21.0,FT,True,away
80201,2022-10-30,2022-10-30 13:00:00,78,Superliga,Poland,2022,9,Chrobry Glogow,Ostrow Wielkopolski,685,739,35.0,29.0,22.0,16.0,FT,True,home
80203,2022-10-30,2022-10-30 15:00:00,78,Superliga,Poland,2022,9,Szczecin,Kalisz,691,687,28.0,29.0,16.0,16.0,FT,True,away
80204,2022-10-30,2022-10-30 17:00:00,78,Superliga,Poland,2022,9,Unia Tarnow,Wybrzeze Gdansk,2070,695,23.0,22.0,13.0,9.0,FT,True,home
80202,2022-10-30,2022-10-30 18:30:00,78,Superliga,Poland,2022,9,Piotrkowianin Piotrkow,MMTS Kwidzyn,689,688,22.0,21.0,11.0,11.0,FT,True,home
80213,2022-11-04,2022-11-04 17:00:00,78,Superliga,Poland,2022,10,Gwardia Opole,Piotrkowianin Piotrkow,686,689,26.0,22.0,12.0,11.0,FT,True,home
80208,2022-11-05,2022-11-05 14:00:00,78,Superliga,Poland,2022,10,Kielce,Chrobry Glogow,4252,685,41.0,25.0,21.0,12.0,FT,True,home
80209,2022-11-05,2022-11-05 16:00:00,78,Superliga,Poland,2022,10,Wybrzeze Gdansk,Wisla Plock,695,694,24.0,32.0,11.0,15.0,FT,True,away
80211,2022-11-05,2022-11-05 17:30:00,78,Superliga,Poland,2022,10,Ostrow Wielkopolski,Zabrze,739,696,25.0,24.0,12.0,12.0,FT,True,home
80214,2022-11-05,2022-11-05 19:00:00,78,Superliga,Poland,2022,10,Azoty-Pulawy,Unia Tarnow,684,2070,35.0,32.0,20.0,16.0,AP,True,home
80210,2022-11-06,2022-11-06 17:00:00,78,Superliga,Poland,2022,10,Zaglebie,Kalisz,697,687,21.0,20.0,10.0,11.0,FT,True,home
80212,2022-11-09,2022-11-09 19:15:00,78,Superliga,Poland,2022,10,MMTS Kwidzyn,Szczecin,688,691,27.0,22.0,14.0,7.0,FT,True,home
80187,2022-11-15,2022-11-15 17:30:00,78,Superliga,Poland,2022,7,Kielce,Azoty-Pulawy,4252,684,39.0,24.0,17.0,12.0,FT,True,home
80220,2022-11-18,2022-11-18 17:15:00,78,Superliga,Poland,2022,11,Wisla Plock,Azoty-Pulawy,694,684,36.0,21.0,15.0,14.0,FT,True,home
80221,2022-11-19,2022-11-19 12:15:00,78,Superliga,Poland,2022,11,Zabrze,Kielce,696,4252,24.0,40.0,10.0,21.0,FT,True,away
80216,2022-11-19,2022-11-19 15:00:00,78,Superliga,Poland,2022,11,Kalisz,MMTS Kwidzyn,687,688,26.0,27.0,13.0,12.0,AP,True,away
80218,2022-11-19,2022-11-19 17:00:00,78,Superliga,Poland,2022,11,Szczecin,Gwardia Opole,691,686,35.0,29.0,17.0,18.0,FT,True,home
80215,2022-11-19,2022-11-19 19:00:00,78,Superliga,Poland,2022,11,Chrobry Glogow,Zaglebie,685,697,33.0,35.0,13.0,14.0,AP,True,away
80219,2022-11-20,2022-11-20 16:00:00,78,Superliga,Poland,2022,11,Unia Tarnow,Ostrow Wielkopolski,2070,739,26.0,23.0,13.0,10.0,FT,True,home
80217,2022-11-20,2022-11-20 18:00:00,78,Superliga,Poland,2022,11,Piotrkowianin Piotrkow,Wybrzeze Gdansk,689,695,32.0,33.0,16.0,15.0,FT,True,away
80222,2022-11-25,2022-11-25 14:00:00,78,Superliga,Poland,2022,12,Zaglebie,MMTS Kwidzyn,697,688,22.0,35.0,10.0,15.0,FT,True,away
80227,2022-11-25,2022-11-25 16:00:00,78,Superliga,Poland,2022,12,Chrobry Glogow,Zabrze,685,696,18.0,27.0,10.0,11.0,FT,True,away
80226,2022-11-25,2022-11-25 18:00:00,78,Superliga,Poland,2022,12,Gwardia Opole,Kalisz,686,687,27.0,24.0,12.0,13.0,FT,True,home
80223,2022-11-26,2022-11-26 14:00:00,78,Superliga,Poland,2022,12,Wybrzeze Gdansk,Szczecin,695,691,25.0,24.0,8.0,9.0,FT,True,home
80224,2022-11-26,2022-11-26 15:45:00,78,Superliga,Poland,2022,12,Kielce,Unia Tarnow,4252,2070,40.0,25.0,22.0,14.0,FT,True,home
80228,2022-11-26,2022-11-26 18:00:00,78,Superliga,Poland,2022,12,Azoty-Pulawy,Piotrkowianin Piotrkow,684,689,33.0,25.0,15.0,9.0,FT,True,home
80225,2022-11-27,2022-11-27 16:00:00,78,Superliga,Poland,2022,12,Ostrow Wielkopolski,Wisla Plock,739,694,28.0,38.0,16.0,20.0,FT,True,away
80194,2022-12-02,2022-12-02 17:30:00,78,Superliga,Poland,2022,8,Ostrow Wielkopolski,Kielce,739,4252,23.0,45.0,10.0,18.0,FT,True,away
80231,2022-12-09,2022-12-09 16:00:00,78,Superliga,Poland,2022,13,Piotrkowianin Piotrkow,Ostrow Wielkopolski,689,739,26.0,30.0,15.0,12.0,FT,True,away
80233,2022-12-09,2022-12-09 18:00:00,78,Superliga,Poland,2022,13,Unia Tarnow,Chrobry Glogow,2070,685,23.0,25.0,12.0,13.0,FT,True,away
80232,2022-12-09,2022-12-09 18:30:00,78,Superliga,Poland,2022,13,Szczecin,Azoty-Pulawy,691,684,29.0,35.0,11.0,17.0,FT,True,away
80230,2022-12-10,2022-12-10 15:00:00,78,Superliga,Poland,2022,13,MMTS Kwidzyn,Gwardia Opole,688,686,31.0,27.0,17.0,14.0,FT,True,home
80235,2022-12-11,2022-12-11 16:00:00,78,Superliga,Poland,2022,13,Zabrze,Zaglebie,696,697,31.0,29.0,13.0,14.0,FT,True,home
80234,2022-12-11,2022-12-11 17:00:00,78,Superliga,Poland,2022,13,Wisla Plock,Kielce,694,4252,29.0,27.0,15.0,15.0,FT,True,home
80229,2022-12-12,2022-12-12 17:00:00,78,Superliga,Poland,2022,13,Kalisz,Wybrzeze Gdansk,687,695,26.0,29.0,16.0,15.0,FT,True,away
80241,2023-02-03,2023-02-03 18:00:00,78,Superliga,Poland,2022,14,Piotrkowianin Piotrkow,Kielce,689,4252,26.0,40.0,14.0,19.0,FT,True,away
80237,2023-02-03,2023-02-03 20:00:00,78,Superliga,Poland,2022,14,Zaglebie,Gwardia Opole,697,686,30.0,31.0,13.0,14.0,AP,True,away
80236,2023-02-04,2023-02-04 12:00:00,78,Superliga,Poland,2022,14,Unia Tarnow,Zabrze,2070,696,21.0,31.0,12.0,16.0,FT,True,away
80239,2023-02-04,2023-02-04 14:00:00,78,Superliga,Poland,2022,14,Kalisz,Azoty-Pulawy,687,684,31.0,38.0,15.0,20.0,FT,True,away
80240,2023-02-04,2023-02-04 16:00:00,78,Superliga,Poland,2022,14,Szczecin,Ostrow Wielkopolski,691,739,30.0,28.0,16.0,15.0,FT,True,home
80238,2023-02-04,2023-02-04 18:00:00,78,Superliga,Poland,2022,14,Wisla Plock,Chrobry Glogow,694,685,42.0,22.0,22.0,10.0,FT,True,home
80242,2023-02-05,2023-02-05 15:30:00,78,Superliga,Poland,2022,14,MMTS Kwidzyn,Wybrzeze Gdansk,688,695,25.0,26.0,15.0,11.0,FT,True,away
80245,2023-02-11,2023-02-11 14:00:00,78,Superliga,Poland,2022,15,Unia Tarnow,Zaglebie,2070,697,30.0,24.0,13.0,12.0,FT,True,home
80243,2023-02-11,2023-02-11 16:00:00,78,Superliga,Poland,2022,15,Chrobry Glogow,Piotrkowianin Piotrkow,685,689,35.0,31.0,16.0,16.0,FT,True,home
80246,2023-02-11,2023-02-11 18:00:00,78,Superliga,Poland,2022,15,Kielce,Szczecin,4252,691,40.0,23.0,19.0,11.0,FT,True,home
80247,2023-02-12,2023-02-12 14:00:00,78,Superliga,Poland,2022,15,Wybrzeze Gdansk,Gwardia Opole,695,686,29.0,27.0,16.0,15.0,FT,True,home
80244,2023-02-12,2023-02-12 16:00:00,78,Superliga,Poland,2022,15,Ostrow Wielkopolski,Kalisz,739,687,29.0,25.0,14.0,9.0,FT,True,home
80248,2023-02-12,2023-02-12 18:00:00,78,Superliga,Poland,2022,15,Zabrze,Wisla Plock,696,694,19.0,30.0,8.0,16.0,FT,True,away
80249,2023-02-14,2023-02-14 17:15:00,78,Superliga,Poland,2022,15,Azoty-Pulawy,MMTS Kwidzyn,684,688,29.0,26.0,12.0,11.0,FT,True,home
80255,2023-02-17,2023-02-17 17:00:00,78,Superliga,Poland,2022,16,Piotrkowianin Piotrkow,Zabrze,689,696,26.0,29.0,13.0,15.0,FT,True,away
80253,2023-02-18,2023-02-18 14:00:00,78,Superliga,Poland,2022,16,Gwardia Opole,Azoty-Pulawy,686,684,31.0,30.0,17.0,12.0,AP,True,home
80250,2023-02-18,2023-02-18 16:00:00,78,Superliga,Poland,2022,16,Kielce,Kalisz,4252,687,40.0,25.0,22.0,11.0,FT,True,home
80256,2023-02-18,2023-02-18 18:30:00,78,Superliga,Poland,2022,16,MMTS Kwidzyn,Ostrow Wielkopolski,688,739,23.0,22.0,10.0,11.0,FT,True,home
80251,2023-02-19,2023-02-19 12:00:00,78,Superliga,Poland,2022,16,Zaglebie,Wybrzeze Gdansk,697,695,25.0,24.0,8.0,8.0,AP,True,home
80254,2023-02-19,2023-02-19 14:00:00,78,Superliga,Poland,2022,16,Szczecin,Chrobry Glogow,691,685,25.0,30.0,13.0,14.0,FT,True,away
80252,2023-02-19,2023-02-19 19:15:00,78,Superliga,Poland,2022,16,Wisla Plock,Unia Tarnow,694,2070,33.0,26.0,15.0,12.0,FT,True,home
80259,2023-02-25,2023-02-25 14:00:00,78,Superliga,Poland,2022,17,Kielce,MMTS Kwidzyn,4252,688,42.0,31.0,23.0,15.0,FT,True,home
80261,2023-02-25,2023-02-25 16:00:00,78,Superliga,Poland,2022,17,Chrobry Glogow,Kalisz,685,687,25.0,26.0,13.0,13.0,FT,True,away
80263,2023-02-25,2023-02-25 18:00:00,78,Superliga,Poland,2022,17,Ostrow Wielkopolski,Gwardia Opole,739,686,26.0,25.0,9.0,12.0,FT,True,home
80262,2023-02-26,2023-02-26 11:30:00,78,Superliga,Poland,2022,17,Azoty-Pulawy,Wybrzeze Gdansk,684,695,29.0,30.0,17.0,15.0,FT,True,away
80257,2023-02-26,2023-02-26 14:00:00,78,Superliga,Poland,2022,17,Zabrze,Szczecin,696,691,36.0,24.0,20.0,12.0,FT,True,home
80258,2023-02-26,2023-02-26 16:00:00,78,Superliga,Poland,2022,17,Zaglebie,Wisla Plock,697,694,24.0,35.0,10.0,20.0,FT,True,away
80260,2023-02-26,2023-02-26 18:00:00,78,Superliga,Poland,2022,17,Unia Tarnow,Piotrkowianin Piotrkow,2070,689,30.0,27.0,9.0,15.0,FT,True,home
80266,2023-03-03,2023-03-03 19:30:00,78,Superliga,Poland,2022,18,Zaglebie,Azoty-Pulawy,697,684,23.0,31.0,15.0,17.0,FT,True,away
80264,2023-03-04,2023-03-04 14:00:00,78,Superliga,Poland,2022,18,Szczecin,Unia Tarnow,691,2070,28.0,27.0,15.0,14.0,FT,True,home
80267,2023-03-04,2023-03-04 16:00:00,78,Superliga,Poland,2022,18,Piotrkowianin Piotrkow,Wisla Plock,689,694,23.0,32.0,10.0,16.0,FT,True,away
80270,2023-03-04,2023-03-04 18:00:00,78,Superliga,Poland,2022,18,Gwardia Opole,Kielce,686,4252,24.0,41.0,11.0,19.0,FT,True,away
80269,2023-03-04,2023-03-04 18:45:00,78,Superliga,Poland,2022,18,Kalisz,Zabrze,687,696,19.0,26.0,13.0,15.0,FT,True,away
80268,2023-03-05,2023-03-05 14:00:00,78,Superliga,Poland,2022,18,MMTS Kwidzyn,Chrobry Glogow,688,685,28.0,25.0,16.0,13.0,FT,True,home
80265,2023-03-05,2023-03-05 16:00:00,78,Superliga,Poland,2022,18,Wybrzeze Gdansk,Ostrow Wielkopolski,695,739,32.0,26.0,12.0,12.0,FT,True,home
80275,2023-03-17,2023-03-17 17:15:00,78,Superliga,Poland,2022,19,Kielce,Wybrzeze Gdansk,4252,695,41.0,25.0,22.0,14.0,FT,True,home
80276,2023-03-18,2023-03-18 14:00:00,78,Superliga,Poland,2022,19,Wisla Plock,Szczecin,694,691,35.0,20.0,14.0,9.0,FT,True,home
80271,2023-03-18,2023-03-18 16:00:00,78,Superliga,Poland,2022,19,Chrobry Glogow,Gwardia Opole,685,686,33.0,28.0,19.0,14.0,FT,True,home
80273,2023-03-18,2023-03-18 18:00:00,78,Superliga,Poland,2022,19,Piotrkowianin Piotrkow,Zaglebie,689,697,28.0,25.0,14.0,11.0,FT,True,home
80274,2023-03-18,2023-03-18 18:00:00,78,Superliga,Poland,2022,19,Unia Tarnow,Kalisz,2070,687,33.0,34.0,12.0,15.0,AP,True,away
80277,2023-03-19,2023-03-19 16:00:00,78,Superliga,Poland,2022,19,Zabrze,MMTS Kwidzyn,696,688,28.0,24.0,10.0,15.0,FT,True,home
80272,2023-03-19,2023-03-19 17:45:00,78,Superliga,Poland,2022,19,Ostrow Wielkopolski,Azoty-Pulawy,739,684,27.0,22.0,14.0,12.0,FT,True,home
80282,2023-03-22,2023-03-22 17:15:00,78,Superliga,Poland,2022,20,Azoty-Pulawy,Kielce,684,4252,21.0,31.0,11.0,13.0,FT,True,away
80283,2023-03-24,2023-03-24 17:00:00,78,Superliga,Poland,2022,20,Kalisz,Wisla Plock,687,694,26.0,30.0,14.0,15.0,FT,True,away
80284,2023-03-25,2023-03-25 14:00:00,78,Superliga,Poland,2022,20,Gwardia Opole,Zabrze,686,696,22.0,29.0,11.0,14.0,FT,True,away
80279,2023-03-25,2023-03-25 16:00:00,78,Superliga,Poland,2022,20,Szczecin,Piotrkowianin Piotrkow,691,689,25.0,27.0,12.0,13.0,FT,True,away
80281,2023-03-26,2023-03-26 13:00:00,78,Superliga,Poland,2022,20,MMTS Kwidzyn,Unia Tarnow,688,2070,30.0,31.0,15.0,15.0,FT,True,away
80278,2023-03-26,2023-03-26 15:00:00,78,Superliga,Poland,2022,20,Zaglebie,Ostrow Wielkopolski,697,739,29.0,27.0,13.0,11.0,FT,True,home
80280,2023-03-26,2023-03-26 18:30:00,78,Superliga,Poland,2022,20,Wybrzeze Gdansk,Chrobry Glogow,695,685,24.0,26.0,12.0,10.0,FT,True,away
80287,2023-04-01,2023-04-01 15:00:00,78,Superliga,Poland,2022,21,Wisla Plock,MMTS Kwidzyn,694,688,48.0,24.0,23.0,14.0,FT,True,home
80290,2023-04-01,2023-04-01 17:00:00,78,Superliga,Poland,2022,21,Szczecin,Zaglebie,691,697,35.0,28.0,21.0,13.0,FT,True,home
80291,2023-04-01,2023-04-01 18:20:00,78,Superliga,Poland,2022,21,Piotrkowianin Piotrkow,Kalisz,689,687,26.0,20.0,11.0,10.0,FT,True,home
80285,2023-04-02,2023-04-02 11:00:00,78,Superliga,Poland,2022,21,Kielce,Ostrow Wielkopolski,4252,739,47.0,28.0,24.0,17.0,FT,True,home
80288,2023-04-02,2023-04-02 11:20:00,78,Superliga,Poland,2022,21,Zabrze,Wybrzeze Gdansk,696,695,32.0,30.0,15.0,15.0,FT,True,home
80289,2023-04-02,2023-04-02 13:00:00,78,Superliga,Poland,2022,21,Unia Tarnow,Gwardia Opole,2070,686,31.0,24.0,14.0,11.0,FT,True,home
80286,2023-04-02,2023-04-02 15:00:00,78,Superliga,Poland,2022,21,Chrobry Glogow,Azoty-Pulawy,685,684,33.0,26.0,13.0,12.0,FT,True,home
80297,2023-04-05,2023-04-05 15:00:00,78,Superliga,Poland,2022,22,Zaglebie,Kielce,697,4252,31.0,43.0,18.0,22.0,FT,True,away
80295,2023-04-05,2023-04-05 16:00:00,78,Superliga,Poland,2022,22,Ostrow Wielkopolski,Chrobry Glogow,739,685,22.0,25.0,11.0,13.0,FT,True,away
80292,2023-04-05,2023-04-05 17:00:00,78,Superliga,Poland,2022,22,Gwardia Opole,Wisla Plock,686,694,23.0,38.0,11.0,20.0,FT,True,away
80294,2023-04-05,2023-04-05 17:00:00,78,Superliga,Poland,2022,22,MMTS Kwidzyn,Piotrkowianin Piotrkow,688,689,25.0,24.0,14.0,12.0,FT,True,home
80296,2023-04-06,2023-04-06 16:00:00,78,Superliga,Poland,2022,22,Wybrzeze Gdansk,Unia Tarnow,695,2070,26.0,25.0,9.0,9.0,AP,True,home
80293,2023-04-06,2023-04-06 17:00:00,78,Superliga,Poland,2022,22,Kalisz,Szczecin,687,691,25.0,26.0,10.0,14.0,FT,True,away
80298,2023-04-07,2023-04-07 17:15:00,78,Superliga,Poland,2022,22,Azoty-Pulawy,Zabrze,684,696,30.0,34.0,12.0,16.0,FT,True,away
80303,2023-04-13,2023-04-13 16:00:00,78,Superliga,Poland,2022,23,Kalisz,Zaglebie,687,697,20.0,18.0,10.0,8.0,FT,True,home
80299,2023-04-15,2023-04-15 11:00:00,78,Superliga,Poland,2022,23,Unia Tarnow,Azoty-Pulawy,2070,684,34.0,35.0,14.0,15.0,AP,True,away
80301,2023-04-15,2023-04-15 13:00:00,78,Superliga,Poland,2022,23,Wisla Plock,Wybrzeze Gdansk,694,695,32.0,24.0,17.0,11.0,FT,True,home
80300,2023-04-15,2023-04-15 15:45:00,78,Superliga,Poland,2022,23,Zabrze,Ostrow Wielkopolski,696,739,26.0,27.0,14.0,16.0,FT,True,away
80304,2023-04-15,2023-04-15 16:00:00,78,Superliga,Poland,2022,23,Chrobry Glogow,Kielce,685,4252,26.0,47.0,16.0,23.0,FT,True,away
80305,2023-04-15,2023-04-15 16:00:00,78,Superliga,Poland,2022,23,Piotrkowianin Piotrkow,Gwardia Opole,689,686,34.0,29.0,16.0,14.0,FT,True,home
80302,2023-04-18,2023-04-18 16:00:00,78,Superliga,Poland,2022,23,Szczecin,MMTS Kwidzyn,691,688,26.0,27.0,11.0,12.0,FT,True,away
80306,2023-04-21,2023-04-21 16:00:00,78,Superliga,Poland,2022,24,Azoty-Pulawy,Wisla Plock,684,694,25.0,30.0,11.0,15.0,FT,True,away
80311,2023-04-22,2023-04-22 15:00:00,78,Superliga,Poland,2022,24,Wybrzeze Gdansk,Piotrkowianin Piotrkow,695,689,33.0,32.0,20.0,15.0,FT,True,home
80307,2023-04-22,2023-04-22 17:00:00,78,Superliga,Poland,2022,24,Gwardia Opole,Szczecin,686,691,30.0,27.0,14.0,14.0,FT,True,home
80310,2023-04-23,2023-04-23 12:00:00,78,Superliga,Poland,2022,24,Kielce,Zabrze,4252,696,40.0,31.0,20.0,13.0,FT,True,home
80308,2023-04-23,2023-04-23 13:00:00,78,Superliga,Poland,2022,24,MMTS Kwidzyn,Kalisz,688,687,35.0,25.0,17.0,9.0,FT,True,home
80312,2023-04-23,2023-04-23 16:00:00,78,Superliga,Poland,2022,24,Zaglebie,Chrobry Glogow,697,685,31.0,34.0,15.0,18.0,FT,True,away
80309,2023-04-23,2023-04-23 17:00:00,78,Superliga,Poland,2022,24,Ostrow Wielkopolski,Unia Tarnow,739,2070,27.0,31.0,13.0,18.0,FT,True,away
80319,2023-05-04,2023-05-04 17:45:00,78,Superliga,Poland,2022,25,Kalisz,Gwardia Opole,687,686,24.0,23.0,11.0,12.0,FT,True,home
80313,2023-05-05,2023-05-05 16:30:00,78,Superliga,Poland,2022,25,Unia Tarnow,Kielce,2070,4252,27.0,37.0,15.0,17.0,FT,True,away
80315,2023-05-06,2023-05-06 14:00:00,78,Superliga,Poland,2022,25,Wisla Plock,Ostrow Wielkopolski,694,739,32.0,26.0,18.0,16.0,FT,True,home
80318,2023-05-06,2023-05-06 16:00:00,78,Superliga,Poland,2022,25,Piotrkowianin Piotrkow,Azoty-Pulawy,689,684,31.0,33.0,16.0,18.0,FT,True,away
80316,2023-05-06,2023-05-06 17:00:00,78,Superliga,Poland,2022,25,MMTS Kwidzyn,Zaglebie,688,697,28.0,31.0,18.0,13.0,FT,True,away
80317,2023-05-07,2023-05-07 13:00:00,78,Superliga,Poland,2022,25,Szczecin,Wybrzeze Gdansk,691,695,24.0,41.0,12.0,18.0,FT,True,away
80314,2023-05-07,2023-05-07 13:30:00,78,Superliga,Poland,2022,25,Zabrze,Chrobry Glogow,696,685,27.0,33.0,10.0,19.0,FT,True,away
80321,2023-05-18,2023-05-18 17:00:00,78,Superliga,Poland,2022,26,Chrobry Glogow,Unia Tarnow,685,2070,29.0,25.0,16.0,13.0,FT,True,home
80326,2023-05-19,2023-05-19 15:45:00,78,Superliga,Poland,2022,26,Zaglebie,Zabrze,697,696,27.0,26.0,11.0,13.0,AP,True,home
80320,2023-05-20,2023-05-20 15:00:00,78,Superliga,Poland,2022,26,Azoty-Pulawy,Szczecin,684,691,36.0,27.0,18.0,18.0,FT,True,home
80322,2023-05-20,2023-05-20 15:00:00,78,Superliga,Poland,2022,26,Gwardia Opole,MMTS Kwidzyn,686,688,33.0,25.0,20.0,15.0,FT,True,home
80323,2023-05-20,2023-05-20 15:00:00,78,Superliga,Poland,2022,26,Ostrow Wielkopolski,Piotrkowianin Piotrkow,739,689,22.0,26.0,10.0,13.0,FT,True,away
80325,2023-05-20,2023-05-20 15:00:00,78,Superliga,Poland,2022,26,Wybrzeze Gdansk,Kalisz,695,687,29.0,26.0,12.0,15.0,FT,True,home
80324,2023-05-21,2023-05-21 15:00:00,78,Superliga,Poland,2022,26,Kielce,Wisla Plock,4252,694,27.0,24.0,15.0,11.0,FT,True,home
142246,2023-05-27,2023-05-27 13:00:00,78,Superliga,Poland,2022,Final,Stal Mielec,Zaglebie,690,697,19.0,22.0,14.0,11.0,FT,True,away
142247,2023-05-31,2023-05-31 16:00:00,78,Superliga,Poland,2022,Final,Zaglebie,Stal Mielec,697,690,31.0,24.0,13.0,10.0,FT,True,home
98391,2022-09-03,2022-09-03 14:00:00,103,Liga ASOBAL,Spain,2022,1,Barcelona,Granollers,962,966,37.0,26.0,23.0,12.0,FT,True,home
98390,2022-09-03,2022-09-03 15:30:00,103,Liga ASOBAL,Spain,2022,1,Torrelavega,Huesca,972,967,28.0,29.0,13.0,13.0,FT,True,away
98394,2022-09-03,2022-09-03 17:00:00,103,Liga ASOBAL,Spain,2022,1,Anaitasuna,Cisne,958,978,32.0,29.0,18.0,14.0,FT,True,home
98389,2022-09-04,2022-09-04 10:00:00,103,Liga ASOBAL,Spain,2022,1,Benidorm,CD Bidasoa Irun,963,964,26.0,23.0,16.0,11.0,FT,True,home
98392,2022-09-04,2022-09-04 15:00:00,103,Liga ASOBAL,Spain,2022,1,Quabit Guadalajara,Ademar,987,957,35.0,40.0,20.0,20.0,FT,True,away
98393,2022-09-04,2022-09-04 17:00:00,103,Liga ASOBAL,Spain,2022,1,Morrazo Cangas,Puente Genil,969,971,32.0,27.0,14.0,14.0,FT,True,home
98439,2022-09-06,2022-09-06 18:05:00,103,Liga ASOBAL,Spain,2022,7,Barcelona,Torrelavega,962,972,38.0,29.0,22.0,14.0,FT,True,home
98396,2022-09-06,2022-09-06 19:30:00,103,Liga ASOBAL,Spain,2022,1,La Rioja,BM Sinfin,968,961,27.0,31.0,13.0,15.0,FT,True,away
98395,2022-09-07,2022-09-07 18:00:00,103,Liga ASOBAL,Spain,2022,1,Atl. Valladolid,Cuenca,960,965,28.0,33.0,16.0,18.0,FT,True,away
98398,2022-09-09,2022-09-09 17:00:00,103,Liga ASOBAL,Spain,2022,2,CD Bidasoa Irun,Morrazo Cangas,964,969,35.0,26.0,18.0,13.0,FT,True,home
98400,2022-09-09,2022-09-09 18:30:00,103,Liga ASOBAL,Spain,2022,2,Granollers,Quabit Guadalajara,966,987,37.0,27.0,18.0,14.0,FT,True,home
98399,2022-09-10,2022-09-10 15:00:00,103,Liga ASOBAL,Spain,2022,2,Cuenca,Barcelona,965,962,26.0,38.0,14.0,25.0,FT,True,away
98402,2022-09-10,2022-09-10 16:30:00,103,Liga ASOBAL,Spain,2022,2,Ademar,La Rioja,957,968,34.0,38.0,16.0,20.0,FT,True,away
98404,2022-09-10,2022-09-10 18:00:00,103,Liga ASOBAL,Spain,2022,2,Cisne,Benidorm,978,963,31.0,28.0,15.0,15.0,FT,True,home
98397,2022-09-11,2022-09-11 10:00:00,103,Liga ASOBAL,Spain,2022,2,BM Sinfin,Anaitasuna,961,958,21.0,21.0,10.0,12.0,FT,True,draw
98403,2022-09-11,2022-09-11 15:00:00,103,Liga ASOBAL,Spain,2022,2,Huesca,Atl. Valladolid,967,960,30.0,32.0,15.0,14.0,FT,True,away
98401,2022-09-11,2022-09-11 17:30:00,103,Liga ASOBAL,Spain,2022,2,Puente Genil,Torrelavega,971,972,41.0,32.0,21.0,15.0,FT,True,home
98408,2022-09-16,2022-09-16 17:00:00,103,Liga ASOBAL,Spain,2022,3,Torrelavega,CD Bidasoa Irun,972,964,30.0,36.0,13.0,17.0,FT,True,away
98406,2022-09-16,2022-09-16 18:05:00,103,Liga ASOBAL,Spain,2022,3,Barcelona,Huesca,962,967,35.0,30.0,21.0,18.0,FT,True,home
98411,2022-09-16,2022-09-16 19:30:00,103,Liga ASOBAL,Spain,2022,3,La Rioja,Granollers,968,966,24.0,35.0,5.0,16.0,FT,True,away
98407,2022-09-17,2022-09-17 14:00:00,103,Liga ASOBAL,Spain,2022,3,Quabit Guadalajara,Cuenca,987,965,24.0,32.0,12.0,15.0,FT,True,away
98409,2022-09-17,2022-09-17 17:00:00,103,Liga ASOBAL,Spain,2022,3,Anaitasuna,Ademar,958,957,29.0,27.0,16.0,12.0,FT,True,home
98412,2022-09-17,2022-09-17 19:00:00,103,Liga ASOBAL,Spain,2022,3,Cisne,BM Sinfin,978,961,30.0,29.0,15.0,16.0,FT,True,home
98405,2022-09-18,2022-09-18 10:00:00,103,Liga ASOBAL,Spain,2022,3,Benidorm,Morrazo Cangas,963,969,36.0,31.0,16.0,14.0,FT,True,home
98410,2022-09-18,2022-09-18 15:00:00,103,Liga ASOBAL,Spain,2022,3,Atl. Valladolid,Puente Genil,960,971,33.0,29.0,16.0,13.0,FT,True,home
98414,2022-09-23,2022-09-23 18:00:00,103,Liga ASOBAL,Spain,2022,4,CD Bidasoa Irun,Atl. Valladolid,964,960,33.0,28.0,15.0,12.0,FT,True,home
98413,2022-09-23,2022-09-23 19:30:00,103,Liga ASOBAL,Spain,2022,4,BM Sinfin,Benidorm,961,963,34.0,32.0,18.0,17.0,FT,True,home
98415,2022-09-24,2022-09-24 15:00:00,103,Liga ASOBAL,Spain,2022,4,Cuenca,La Rioja,965,968,33.0,26.0,19.0,13.0,FT,True,home
98420,2022-09-24,2022-09-24 16:30:00,103,Liga ASOBAL,Spain,2022,4,Huesca,Quabit Guadalajara,967,987,34.0,26.0,17.0,11.0,FT,True,home
98418,2022-09-24,2022-09-24 18:00:00,103,Liga ASOBAL,Spain,2022,4,Puente Genil,Barcelona,971,962,31.0,43.0,17.0,23.0,FT,True,away
98419,2022-09-24,2022-09-24 19:30:00,103,Liga ASOBAL,Spain,2022,4,Ademar,Cisne,957,978,39.0,32.0,20.0,18.0,FT,True,home
98417,2022-09-25,2022-09-25 10:00:00,103,Liga ASOBAL,Spain,2022,4,Granollers,Anaitasuna,966,958,32.0,30.0,15.0,15.0,FT,True,home
98416,2022-09-25,2022-09-25 15:00:00,103,Liga ASOBAL,Spain,2022,4,Morrazo Cangas,Torrelavega,969,972,28.0,33.0,13.0,17.0,FT,True,away
98421,2022-09-30,2022-09-30 18:00:00,103,Liga ASOBAL,Spain,2022,5,Benidorm,Torrelavega,963,972,33.0,29.0,18.0,12.0,FT,True,home
98422,2022-09-30,2022-09-30 19:30:00,103,Liga ASOBAL,Spain,2022,5,BM Sinfin,Ademar,961,957,29.0,32.0,16.0,18.0,FT,True,away
98423,2022-10-01,2022-10-01 14:15:00,103,Liga ASOBAL,Spain,2022,5,Barcelona,CD Bidasoa Irun,962,964,39.0,28.0,21.0,11.0,FT,True,home
98424,2022-10-01,2022-10-01 15:30:00,103,Liga ASOBAL,Spain,2022,5,Quabit Guadalajara,Puente Genil,987,971,31.0,28.0,17.0,14.0,FT,True,home
98425,2022-10-01,2022-10-01 17:00:00,103,Liga ASOBAL,Spain,2022,5,Anaitasuna,Cuenca,958,965,26.0,27.0,14.0,14.0,FT,True,away
98427,2022-10-01,2022-10-01 18:30:00,103,Liga ASOBAL,Spain,2022,5,La Rioja,Huesca,968,967,31.0,29.0,16.0,13.0,FT,True,home
98426,2022-10-02,2022-10-02 10:00:00,103,Liga ASOBAL,Spain,2022,5,Atl. Valladolid,Morrazo Cangas,960,969,25.0,25.0,13.0,15.0,FT,True,draw
98428,2022-10-02,2022-10-02 15:00:00,103,Liga ASOBAL,Spain,2022,5,Cisne,Granollers,978,966,29.0,35.0,14.0,17.0,FT,True,away
98433,2022-10-07,2022-10-07 18:00:00,103,Liga ASOBAL,Spain,2022,6,Granollers,BM Sinfin,966,961,34.0,27.0,15.0,14.0,FT,True,home
98430,2022-10-07,2022-10-07 19:30:00,103,Liga ASOBAL,Spain,2022,6,Cuenca,Cisne,965,978,28.0,30.0,12.0,13.0,FT,True,away
98429,2022-10-08,2022-10-08 15:30:00,103,Liga ASOBAL,Spain,2022,6,CD Bidasoa Irun,Quabit Guadalajara,964,987,39.0,25.0,18.0,13.0,FT,True,home
98434,2022-10-08,2022-10-08 17:00:00,103,Liga ASOBAL,Spain,2022,6,Puente Genil,La Rioja,971,968,30.0,31.0,14.0,16.0,FT,True,away
98436,2022-10-08,2022-10-08 19:00:00,103,Liga ASOBAL,Spain,2022,6,Ademar,Benidorm,957,963,32.0,32.0,18.0,16.0,FT,True,draw
98432,2022-10-09,2022-10-09 10:00:00,103,Liga ASOBAL,Spain,2022,6,Torrelavega,Atl. Valladolid,972,960,29.0,28.0,11.0,11.0,FT,True,home
98431,2022-10-09,2022-10-09 15:00:00,103,Liga ASOBAL,Spain,2022,6,Morrazo Cangas,Barcelona,969,962,21.0,34.0,10.0,19.0,FT,True,away
98435,2022-10-09,2022-10-09 17:00:00,103,Liga ASOBAL,Spain,2022,6,Huesca,Anaitasuna,967,958,41.0,42.0,21.0,21.0,FT,True,away
98437,2022-10-21,2022-10-21 18:00:00,103,Liga ASOBAL,Spain,2022,7,Benidorm,Atl. Valladolid,963,960,32.0,27.0,15.0,12.0,FT,True,home
98443,2022-10-21,2022-10-21 19:30:00,103,Liga ASOBAL,Spain,2022,7,Ademar,Granollers,957,966,43.0,32.0,20.0,13.0,FT,True,home
98440,2022-10-22,2022-10-22 14:00:00,103,Liga ASOBAL,Spain,2022,7,Quabit Guadalajara,Morrazo Cangas,987,969,32.0,29.0,13.0,15.0,FT,True,home
98441,2022-10-22,2022-10-22 17:00:00,103,Liga ASOBAL,Spain,2022,7,Anaitasuna,Puente Genil,958,971,28.0,29.0,17.0,17.0,FT,True,away
98442,2022-10-22,2022-10-22 19:00:00,103,Liga ASOBAL,Spain,2022,7,La Rioja,CD Bidasoa Irun,968,964,39.0,33.0,18.0,13.0,FT,True,home
98444,2022-10-23,2022-10-23 10:00:00,103,Liga ASOBAL,Spain,2022,7,Cisne,Huesca,978,967,27.0,32.0,17.0,14.0,FT,True,away
98438,2022-10-23,2022-10-23 14:00:00,103,Liga ASOBAL,Spain,2022,7,BM Sinfin,Cuenca,961,965,25.0,33.0,12.0,13.0,FT,True,away
98451,2022-10-28,2022-10-28 18:30:00,103,Liga ASOBAL,Spain,2022,8,Granollers,Benidorm,966,963,32.0,28.0,14.0,15.0,FT,True,home
98450,2022-10-28,2022-10-28 19:15:00,103,Liga ASOBAL,Spain,2022,8,Atl. Valladolid,Barcelona,960,962,28.0,42.0,12.0,23.0,FT,True,away
98446,2022-10-29,2022-10-29 14:00:00,103,Liga ASOBAL,Spain,2022,8,Cuenca,Ademar,965,957,28.0,26.0,12.0,12.0,FT,True,home
98452,2022-10-29,2022-10-29 15:30:00,103,Liga ASOBAL,Spain,2022,8,Huesca,BM Sinfin,967,961,32.0,32.0,18.0,18.0,FT,True,draw
98445,2022-10-29,2022-10-29 17:00:00,103,Liga ASOBAL,Spain,2022,8,CD Bidasoa Irun,Anaitasuna,964,958,36.0,24.0,17.0,10.0,FT,True,home
98447,2022-10-29,2022-10-29 19:00:00,103,Liga ASOBAL,Spain,2022,8,Morrazo Cangas,La Rioja,969,968,22.0,27.0,8.0,11.0,FT,True,away
98448,2022-10-30,2022-10-30 11:30:00,103,Liga ASOBAL,Spain,2022,8,Torrelavega,Quabit Guadalajara,972,987,36.0,28.0,18.0,13.0,FT,True,home
98449,2022-10-30,2022-10-30 16:00:00,103,Liga ASOBAL,Spain,2022,8,Puente Genil,Cisne,971,978,34.0,32.0,18.0,16.0,FT,True,home
98459,2022-11-04,2022-11-04 19:00:00,103,Liga ASOBAL,Spain,2022,9,Ademar,Huesca,957,967,38.0,34.0,19.0,17.0,FT,True,home
98460,2022-11-04,2022-11-04 20:30:00,103,Liga ASOBAL,Spain,2022,9,Cisne,CD Bidasoa Irun,978,964,19.0,28.0,11.0,18.0,FT,True,away
98455,2022-11-05,2022-11-05 15:00:00,103,Liga ASOBAL,Spain,2022,9,Quabit Guadalajara,Atl. Valladolid,987,960,27.0,32.0,13.0,18.0,FT,True,away
98458,2022-11-05,2022-11-05 16:30:00,103,Liga ASOBAL,Spain,2022,9,La Rioja,Torrelavega,968,972,34.0,35.0,17.0,17.0,FT,True,away
98456,2022-11-05,2022-11-05 18:00:00,103,Liga ASOBAL,Spain,2022,9,Anaitasuna,Morrazo Cangas,958,969,24.0,25.0,13.0,11.0,FT,True,away
98454,2022-11-05,2022-11-05 19:30:00,103,Liga ASOBAL,Spain,2022,9,BM Sinfin,Puente Genil,961,971,26.0,29.0,13.0,15.0,FT,True,away
98453,2022-11-06,2022-11-06 11:30:00,103,Liga ASOBAL,Spain,2022,9,Benidorm,Barcelona,963,962,24.0,35.0,12.0,16.0,FT,True,away
98457,2022-11-06,2022-11-06 17:00:00,103,Liga ASOBAL,Spain,2022,9,Granollers,Cuenca,966,965,27.0,24.0,14.0,12.0,FT,True,home
98464,2022-11-12,2022-11-12 15:00:00,103,Liga ASOBAL,Spain,2022,10,CD Bidasoa Irun,BM Sinfin,964,961,35.0,15.0,20.0,8.0,FT,True,home
98466,2022-11-12,2022-11-12 16:30:00,103,Liga ASOBAL,Spain,2022,10,Atl. Valladolid,La Rioja,960,968,29.0,29.0,14.0,15.0,FT,True,draw
98462,2022-11-12,2022-11-12 18:00:00,103,Liga ASOBAL,Spain,2022,10,Morrazo Cangas,Cisne,969,978,30.0,25.0,19.0,12.0,FT,True,home
98465,2022-11-12,2022-11-12 18:00:00,103,Liga ASOBAL,Spain,2022,10,Barcelona,Quabit Guadalajara,962,987,38.0,26.0,18.0,11.0,FT,True,home
98461,2022-11-12,2022-11-12 19:30:00,103,Liga ASOBAL,Spain,2022,10,Torrelavega,Anaitasuna,972,958,36.0,31.0,19.0,16.0,FT,True,home
98463,2022-11-13,2022-11-13 11:30:00,103,Liga ASOBAL,Spain,2022,10,Cuenca,Benidorm,965,963,29.0,28.0,13.0,13.0,FT,True,home
98468,2022-11-13,2022-11-13 16:30:00,103,Liga ASOBAL,Spain,2022,10,Huesca,Granollers,967,966,31.0,36.0,13.0,18.0,FT,True,away
98467,2022-11-13,2022-11-13 18:00:00,103,Liga ASOBAL,Spain,2022,10,Puente Genil,Ademar,971,957,33.0,33.0,18.0,16.0,FT,True,draw
98469,2022-11-15,2022-11-15 19:00:00,103,Liga ASOBAL,Spain,2022,11,Anaitasuna,Atl. Valladolid,958,960,29.0,29.0,17.0,15.0,FT,True,draw
98473,2022-11-15,2022-11-15 19:30:00,103,Liga ASOBAL,Spain,2022,11,BM Sinfin,Morrazo Cangas,961,969,28.0,33.0,17.0,14.0,FT,True,away
98476,2022-11-15,2022-11-15 20:00:00,103,Liga ASOBAL,Spain,2022,11,La Rioja,Barcelona,968,962,30.0,35.0,20.0,21.0,FT,True,away
98470,2022-11-15,2022-11-15 20:30:00,103,Liga ASOBAL,Spain,2022,11,Cisne,Torrelavega,978,972,31.0,35.0,13.0,17.0,FT,True,away
98471,2022-11-16,2022-11-16 19:00:00,103,Liga ASOBAL,Spain,2022,11,Granollers,Puente Genil,966,971,39.0,27.0,21.0,11.0,FT,True,home
98472,2022-11-16,2022-11-16 19:30:00,103,Liga ASOBAL,Spain,2022,11,Benidorm,Quabit Guadalajara,963,987,32.0,30.0,17.0,18.0,FT,True,home
98475,2022-11-16,2022-11-16 20:00:00,103,Liga ASOBAL,Spain,2022,11,Ademar,CD Bidasoa Irun,957,964,35.0,33.0,18.0,11.0,FT,True,home
98474,2022-11-16,2022-11-16 20:30:00,103,Liga ASOBAL,Spain,2022,11,Cuenca,Huesca,965,967,33.0,33.0,16.0,16.0,FT,True,draw
98481,2022-11-18,2022-11-18 19:30:00,103,Liga ASOBAL,Spain,2022,12,Barcelona,Anaitasuna,962,958,33.0,26.0,17.0,16.0,FT,True,home
98482,2022-11-19,2022-11-19 15:30:00,103,Liga ASOBAL,Spain,2022,12,Atl. Valladolid,Cisne,960,978,35.0,31.0,18.0,14.0,FT,True,home
98480,2022-11-19,2022-11-19 17:00:00,103,Liga ASOBAL,Spain,2022,12,CD Bidasoa Irun,Granollers,964,966,30.0,32.0,16.0,17.0,FT,True,away
98477,2022-11-19,2022-11-19 18:00:00,103,Liga ASOBAL,Spain,2022,12,Torrelavega,BM Sinfin,972,961,34.0,30.0,16.0,15.0,FT,True,home
98484,2022-11-19,2022-11-19 19:30:00,103,Liga ASOBAL,Spain,2022,12,Huesca,Benidorm,967,963,28.0,29.0,16.0,14.0,FT,True,away
98483,2022-11-20,2022-11-20 11:30:00,103,Liga ASOBAL,Spain,2022,12,Puente Genil,Cuenca,971,965,30.0,30.0,19.0,16.0,FT,True,draw
98479,2022-11-20,2022-11-20 16:00:00,103,Liga ASOBAL,Spain,2022,12,Morrazo Cangas,Ademar,969,957,31.0,33.0,17.0,17.0,FT,True,away
98478,2022-11-20,2022-11-20 17:30:00,103,Liga ASOBAL,Spain,2022,12,Quabit Guadalajara,La Rioja,987,968,24.0,24.0,14.0,11.0,FT,True,draw
98489,2022-11-25,2022-11-25 19:00:00,103,Liga ASOBAL,Spain,2022,13,Granollers,Morrazo Cangas,966,969,36.0,31.0,19.0,8.0,FT,True,home
98485,2022-11-25,2022-11-25 20:30:00,103,Liga ASOBAL,Spain,2022,13,Benidorm,La Rioja,963,968,27.0,28.0,13.0,13.0,FT,True,away
98487,2022-11-26,2022-11-26 15:00:00,103,Liga ASOBAL,Spain,2022,13,Cuenca,CD Bidasoa Irun,965,964,30.0,25.0,17.0,11.0,FT,True,home
98490,2022-11-26,2022-11-26 17:00:00,103,Liga ASOBAL,Spain,2022,13,Ademar,Torrelavega,957,972,28.0,36.0,11.0,18.0,FT,True,away
98486,2022-11-26,2022-11-26 19:00:00,103,Liga ASOBAL,Spain,2022,13,BM Sinfin,Atl. Valladolid,961,960,25.0,27.0,12.0,12.0,FT,True,away
98491,2022-11-27,2022-11-27 11:00:00,103,Liga ASOBAL,Spain,2022,13,Huesca,Puente Genil,967,971,37.0,31.0,18.0,14.0,FT,True,home
98488,2022-11-27,2022-11-27 16:00:00,103,Liga ASOBAL,Spain,2022,13,Anaitasuna,Quabit Guadalajara,958,987,38.0,30.0,21.0,14.0,FT,True,home
98492,2022-11-27,2022-11-27 18:00:00,103,Liga ASOBAL,Spain,2022,13,Cisne,Barcelona,978,962,25.0,43.0,11.0,21.0,FT,True,away
98495,2022-12-02,2022-12-02 19:00:00,103,Liga ASOBAL,Spain,2022,14,Torrelavega,Granollers,972,966,29.0,30.0,11.0,12.0,FT,True,away
98494,2022-12-02,2022-12-02 19:30:00,103,Liga ASOBAL,Spain,2022,14,Quabit Guadalajara,Cisne,987,978,24.0,24.0,11.0,13.0,FT,True,draw
98496,2022-12-02,2022-12-02 20:15:00,103,Liga ASOBAL,Spain,2022,14,Barcelona,BM Sinfin,962,961,43.0,19.0,22.0,7.0,FT,True,home
98498,2022-12-03,2022-12-03 17:30:00,103,Liga ASOBAL,Spain,2022,14,CD Bidasoa Irun,Huesca,964,967,29.0,25.0,13.0,13.0,FT,True,home
98497,2022-12-03,2022-12-03 19:00:00,103,Liga ASOBAL,Spain,2022,14,Morrazo Cangas,Cuenca,969,965,31.0,39.0,11.0,19.0,FT,True,away
98493,2022-12-03,2022-12-03 20:30:00,103,Liga ASOBAL,Spain,2022,14,Benidorm,Puente Genil,963,971,29.0,35.0,14.0,16.0,FT,True,away
98500,2022-12-04,2022-12-04 16:30:00,103,Liga ASOBAL,Spain,2022,14,La Rioja,Anaitasuna,968,958,22.0,26.0,12.0,11.0,FT,True,away
98499,2022-12-04,2022-12-04 18:00:00,103,Liga ASOBAL,Spain,2022,14,Atl. Valladolid,Ademar,960,957,30.0,37.0,14.0,17.0,FT,True,away
98501,2022-12-09,2022-12-09 19:00:00,103,Liga ASOBAL,Spain,2022,15,BM Sinfin,Quabit Guadalajara,961,987,26.0,29.0,10.0,12.0,FT,True,away
98507,2022-12-09,2022-12-09 20:30:00,103,Liga ASOBAL,Spain,2022,15,Huesca,Morrazo Cangas,967,969,27.0,27.0,14.0,17.0,FT,True,draw
98508,2022-12-10,2022-12-10 15:00:00,103,Liga ASOBAL,Spain,2022,15,Cisne,La Rioja,978,968,32.0,33.0,15.0,18.0,FT,True,away
98505,2022-12-10,2022-12-10 16:30:00,103,Liga ASOBAL,Spain,2022,15,Puente Genil,CD Bidasoa Irun,971,964,36.0,35.0,16.0,18.0,FT,True,home
98503,2022-12-10,2022-12-10 18:00:00,103,Liga ASOBAL,Spain,2022,15,Anaitasuna,Benidorm,958,963,33.0,23.0,18.0,11.0,FT,True,home
98504,2022-12-10,2022-12-10 19:30:00,103,Liga ASOBAL,Spain,2022,15,Granollers,Atl. Valladolid,966,960,29.0,26.0,14.0,12.0,FT,True,home
98506,2022-12-11,2022-12-11 11:30:00,103,Liga ASOBAL,Spain,2022,15,Ademar,Barcelona,957,962,30.0,42.0,15.0,18.0,FT,True,away
98502,2022-12-11,2022-12-11 16:00:00,103,Liga ASOBAL,Spain,2022,15,Cuenca,Torrelavega,965,972,28.0,28.0,14.0,11.0,FT,True,draw
98512,2023-02-03,2023-02-03 19:05:00,103,Liga ASOBAL,Spain,2022,16,Granollers,Barcelona,966,962,22.0,37.0,10.0,18.0,FT,True,away
98510,2023-02-03,2023-02-03 20:30:00,103,Liga ASOBAL,Spain,2022,16,CD Bidasoa Irun,Benidorm,964,963,32.0,27.0,17.0,14.0,FT,True,home
98513,2023-02-04,2023-02-04 15:00:00,103,Liga ASOBAL,Spain,2022,16,Puente Genil,Morrazo Cangas,971,969,29.0,27.0,14.0,16.0,FT,True,home
98516,2023-02-04,2023-02-04 16:00:00,103,Liga ASOBAL,Spain,2022,16,Cisne,Anaitasuna,978,958,26.0,33.0,12.0,18.0,FT,True,away
98515,2023-02-04,2023-02-04 17:30:00,103,Liga ASOBAL,Spain,2022,16,Huesca,Torrelavega,967,972,27.0,28.0,14.0,14.0,FT,True,away
98511,2023-02-04,2023-02-04 19:00:00,103,Liga ASOBAL,Spain,2022,16,Cuenca,Atl. Valladolid,965,960,31.0,20.0,14.0,8.0,FT,True,home
98509,2023-02-05,2023-02-05 11:30:00,103,Liga ASOBAL,Spain,2022,16,BM Sinfin,La Rioja,961,968,34.0,30.0,14.0,11.0,FT,True,home
98514,2023-02-05,2023-02-05 17:30:00,103,Liga ASOBAL,Spain,2022,16,Ademar,Quabit Guadalajara,957,987,32.0,33.0,18.0,14.0,FT,True,away
98520,2023-02-10,2023-02-10 19:00:00,103,Liga ASOBAL,Spain,2022,17,Quabit Guadalajara,Granollers,987,966,26.0,34.0,14.0,16.0,FT,True,away
98519,2023-02-10,2023-02-10 20:30:00,103,Liga ASOBAL,Spain,2022,17,Morrazo Cangas,CD Bidasoa Irun,969,964,27.0,26.0,13.0,16.0,FT,True,home
98518,2023-02-11,2023-02-11 11:15:00,103,Liga ASOBAL,Spain,2022,17,Barcelona,Cuenca,962,965,41.0,26.0,18.0,12.0,FT,True,home
98521,2023-02-11,2023-02-11 15:00:00,103,Liga ASOBAL,Spain,2022,17,Torrelavega,Puente Genil,972,971,34.0,27.0,16.0,17.0,FT,True,home
98522,2023-02-11,2023-02-11 16:30:00,103,Liga ASOBAL,Spain,2022,17,La Rioja,Ademar,968,957,30.0,30.0,18.0,13.0,FT,True,draw
98524,2023-02-11,2023-02-11 18:00:00,103,Liga ASOBAL,Spain,2022,17,Anaitasuna,BM Sinfin,958,961,28.0,30.0,16.0,13.0,FT,True,away
98517,2023-02-11,2023-02-11 19:30:00,103,Liga ASOBAL,Spain,2022,17,Benidorm,Cisne,963,978,32.0,27.0,17.0,11.0,FT,True,home
98523,2023-02-12,2023-02-12 11:00:00,103,Liga ASOBAL,Spain,2022,17,Atl. Valladolid,Huesca,960,967,33.0,34.0,18.0,16.0,FT,True,away
98532,2023-02-17,2023-02-17 19:00:00,103,Liga ASOBAL,Spain,2022,18,Huesca,Barcelona,967,962,32.0,35.0,16.0,16.0,FT,True,away
98526,2023-02-17,2023-02-17 20:30:00,103,Liga ASOBAL,Spain,2022,18,CD Bidasoa Irun,Torrelavega,964,972,38.0,30.0,23.0,15.0,FT,True,home
98528,2023-02-18,2023-02-18 15:00:00,103,Liga ASOBAL,Spain,2022,18,Morrazo Cangas,Benidorm,969,963,27.0,27.0,12.0,11.0,FT,True,draw
98529,2023-02-18,2023-02-18 16:30:00,103,Liga ASOBAL,Spain,2022,18,Granollers,La Rioja,966,968,29.0,32.0,16.0,18.0,FT,True,away
98527,2023-02-18,2023-02-18 18:00:00,103,Liga ASOBAL,Spain,2022,18,Cuenca,Quabit Guadalajara,965,987,34.0,24.0,17.0,12.0,FT,True,home
98531,2023-02-18,2023-02-18 19:30:00,103,Liga ASOBAL,Spain,2022,18,Ademar,Anaitasuna,957,958,32.0,31.0,19.0,19.0,FT,True,home
98530,2023-02-19,2023-02-19 11:30:00,103,Liga ASOBAL,Spain,2022,18,Puente Genil,Atl. Valladolid,971,960,28.0,25.0,13.0,12.0,FT,True,home
98525,2023-02-19,2023-02-19 19:00:00,103,Liga ASOBAL,Spain,2022,18,BM Sinfin,Cisne,961,978,21.0,20.0,13.0,14.0,FT,True,home
98539,2023-02-24,2023-02-24 19:00:00,103,Liga ASOBAL,Spain,2022,19,Anaitasuna,Granollers,958,966,34.0,34.0,14.0,17.0,FT,True,draw
98534,2023-02-25,2023-02-25 11:30:00,103,Liga ASOBAL,Spain,2022,19,Barcelona,Puente Genil,962,971,46.0,26.0,25.0,15.0,FT,True,home
98537,2023-02-25,2023-02-25 15:00:00,103,Liga ASOBAL,Spain,2022,19,La Rioja,Cuenca,968,965,36.0,23.0,20.0,10.0,FT,True,home
98538,2023-02-25,2023-02-25 17:00:00,103,Liga ASOBAL,Spain,2022,19,Atl. Valladolid,CD Bidasoa Irun,960,964,32.0,37.0,16.0,16.0,FT,True,away
98533,2023-02-25,2023-02-25 19:00:00,103,Liga ASOBAL,Spain,2022,19,Benidorm,BM Sinfin,963,961,27.0,29.0,14.0,10.0,FT,True,away
98536,2023-02-26,2023-02-26 15:00:00,103,Liga ASOBAL,Spain,2022,19,Torrelavega,Morrazo Cangas,972,969,32.0,25.0,13.0,13.0,FT,True,home
98540,2023-02-26,2023-02-26 17:00:00,103,Liga ASOBAL,Spain,2022,19,Cisne,Ademar,978,957,43.0,32.0,19.0,15.0,FT,True,home
98535,2023-02-26,2023-02-26 18:30:00,103,Liga ASOBAL,Spain,2022,19,Quabit Guadalajara,Huesca,987,967,28.0,30.0,8.0,12.0,FT,True,away
98545,2023-03-03,2023-03-03 19:00:00,103,Liga ASOBAL,Spain,2022,20,Granollers,Cisne,966,978,37.0,24.0,18.0,11.0,FT,True,home
98546,2023-03-03,2023-03-03 20:30:00,103,Liga ASOBAL,Spain,2022,20,Puente Genil,Quabit Guadalajara,971,987,31.0,29.0,18.0,15.0,FT,True,home
98544,2023-03-04,2023-03-04 16:00:00,103,Liga ASOBAL,Spain,2022,20,Torrelavega,Benidorm,972,963,33.0,33.0,17.0,15.0,FT,True,draw
98543,2023-03-04,2023-03-04 17:30:00,103,Liga ASOBAL,Spain,2022,20,Morrazo Cangas,Atl. Valladolid,969,960,27.0,26.0,14.0,13.0,FT,True,home
98542,2023-03-04,2023-03-04 19:00:00,103,Liga ASOBAL,Spain,2022,20,Cuenca,Anaitasuna,965,958,29.0,28.0,12.0,14.0,FT,True,home
98547,2023-03-05,2023-03-05 11:30:00,103,Liga ASOBAL,Spain,2022,20,Ademar,BM Sinfin,957,961,34.0,31.0,16.0,16.0,FT,True,home
98548,2023-03-05,2023-03-05 17:00:00,103,Liga ASOBAL,Spain,2022,20,Huesca,La Rioja,967,968,33.0,29.0,14.0,14.0,FT,True,home
98541,2023-03-05,2023-03-05 18:30:00,103,Liga ASOBAL,Spain,2022,20,CD Bidasoa Irun,Barcelona,964,962,26.0,32.0,10.0,18.0,FT,True,away
98551,2023-03-24,2023-03-24 19:00:00,103,Liga ASOBAL,Spain,2022,21,Barcelona,Morrazo Cangas,962,969,46.0,26.0,23.0,14.0,FT,True,home
98550,2023-03-24,2023-03-24 20:30:00,103,Liga ASOBAL,Spain,2022,21,BM Sinfin,Granollers,961,966,34.0,30.0,18.0,14.0,FT,True,home
98552,2023-03-25,2023-03-25 16:30:00,103,Liga ASOBAL,Spain,2022,21,Quabit Guadalajara,CD Bidasoa Irun,987,964,25.0,30.0,16.0,18.0,FT,True,away
98554,2023-03-25,2023-03-25 18:00:00,103,Liga ASOBAL,Spain,2022,21,Anaitasuna,Huesca,958,967,29.0,29.0,13.0,17.0,FT,True,draw
98553,2023-03-25,2023-03-25 19:30:00,103,Liga ASOBAL,Spain,2022,21,La Rioja,Puente Genil,968,971,32.0,30.0,17.0,13.0,FT,True,home
98555,2023-03-26,2023-03-26 10:30:00,103,Liga ASOBAL,Spain,2022,21,Atl. Valladolid,Torrelavega,960,972,33.0,32.0,15.0,11.0,FT,True,home
98556,2023-03-26,2023-03-26 15:30:00,103,Liga ASOBAL,Spain,2022,21,Cisne,Cuenca,978,965,30.0,28.0,15.0,10.0,FT,True,home
98549,2023-03-26,2023-03-26 17:00:00,103,Liga ASOBAL,Spain,2022,21,Benidorm,Ademar,963,957,28.0,27.0,13.0,13.0,FT,True,home
98558,2023-03-31,2023-03-31 18:00:00,103,Liga ASOBAL,Spain,2022,22,Cuenca,BM Sinfin,965,961,29.0,29.0,17.0,15.0,FT,True,draw
98564,2023-03-31,2023-03-31 19:30:00,103,Liga ASOBAL,Spain,2022,22,Huesca,Cisne,967,978,35.0,24.0,17.0,16.0,FT,True,home
98562,2023-04-01,2023-04-01 14:00:00,103,Liga ASOBAL,Spain,2022,22,Granollers,Ademar,966,957,38.0,38.0,17.0,17.0,FT,True,draw
98560,2023-04-01,2023-04-01 16:00:00,103,Liga ASOBAL,Spain,2022,22,Torrelavega,Barcelona,972,962,22.0,42.0,11.0,19.0,FT,True,away
98559,2023-04-01,2023-04-01 17:30:00,103,Liga ASOBAL,Spain,2022,22,Morrazo Cangas,Quabit Guadalajara,969,987,27.0,31.0,15.0,18.0,FT,True,away
98561,2023-04-01,2023-04-01 19:00:00,103,Liga ASOBAL,Spain,2022,22,Atl. Valladolid,Benidorm,960,963,31.0,30.0,15.0,17.0,FT,True,home
98563,2023-04-02,2023-04-02 10:00:00,103,Liga ASOBAL,Spain,2022,22,Puente Genil,Anaitasuna,971,958,33.0,32.0,19.0,17.0,FT,True,home
98557,2023-04-02,2023-04-02 16:30:00,103,Liga ASOBAL,Spain,2022,22,CD Bidasoa Irun,La Rioja,964,968,41.0,29.0,21.0,15.0,FT,True,home
98566,2023-04-04,2023-04-04 18:00:00,103,Liga ASOBAL,Spain,2022,23,Barcelona,Atl. Valladolid,962,960,32.0,24.0,16.0,11.0,FT,True,home
98570,2023-04-04,2023-04-04 18:30:00,103,Liga ASOBAL,Spain,2022,23,BM Sinfin,Huesca,961,967,29.0,30.0,16.0,13.0,FT,True,away
98569,2023-04-04,2023-04-04 19:00:00,103,Liga ASOBAL,Spain,2022,23,Benidorm,Granollers,963,966,38.0,33.0,18.0,17.0,FT,True,home
98568,2023-04-04,2023-04-04 19:30:00,103,Liga ASOBAL,Spain,2022,23,Quabit Guadalajara,Torrelavega,987,972,28.0,32.0,12.0,14.0,FT,True,away
98571,2023-04-05,2023-04-05 18:00:00,103,Liga ASOBAL,Spain,2022,23,La Rioja,Morrazo Cangas,968,969,34.0,28.0,15.0,13.0,FT,True,home
98572,2023-04-05,2023-04-05 18:30:00,103,Liga ASOBAL,Spain,2022,23,Ademar,Cuenca,957,965,27.0,31.0,13.0,17.0,FT,True,away
98567,2023-04-05,2023-04-05 19:00:00,103,Liga ASOBAL,Spain,2022,23,Cisne,Puente Genil,978,971,27.0,30.0,13.0,14.0,FT,True,away
98565,2023-04-05,2023-04-05 19:30:00,103,Liga ASOBAL,Spain,2022,23,Anaitasuna,CD Bidasoa Irun,958,964,27.0,31.0,13.0,17.0,FT,True,away
98573,2023-04-07,2023-04-07 18:00:00,103,Liga ASOBAL,Spain,2022,24,Barcelona,Benidorm,962,963,45.0,34.0,26.0,15.0,FT,True,home
98574,2023-04-08,2023-04-08 15:00:00,103,Liga ASOBAL,Spain,2022,24,CD Bidasoa Irun,Cisne,964,978,42.0,31.0,19.0,19.0,FT,True,home
98578,2023-04-08,2023-04-08 16:30:00,103,Liga ASOBAL,Spain,2022,24,Atl. Valladolid,Quabit Guadalajara,960,987,30.0,31.0,14.0,15.0,FT,True,away
98575,2023-04-08,2023-04-08 18:00:00,103,Liga ASOBAL,Spain,2022,24,Cuenca,Granollers,965,966,34.0,28.0,16.0,13.0,FT,True,home
98577,2023-04-09,2023-04-09 10:30:00,103,Liga ASOBAL,Spain,2022,24,Torrelavega,La Rioja,972,968,24.0,26.0,15.0,13.0,FT,True,away
98580,2023-04-09,2023-04-09 15:30:00,103,Liga ASOBAL,Spain,2022,24,Huesca,Ademar,967,957,29.0,35.0,15.0,20.0,FT,True,away
98576,2023-04-09,2023-04-09 17:00:00,103,Liga ASOBAL,Spain,2022,24,Morrazo Cangas,Anaitasuna,969,958,30.0,25.0,16.0,14.0,FT,True,home
98579,2023-04-09,2023-04-09 18:30:00,103,Liga ASOBAL,Spain,2022,24,Puente Genil,BM Sinfin,971,961,39.0,34.0,17.0,17.0,FT,True,home
98585,2023-04-14,2023-04-14 18:00:00,103,Liga ASOBAL,Spain,2022,25,Anaitasuna,Torrelavega,958,972,34.0,26.0,19.0,8.0,FT,True,home
98582,2023-04-14,2023-04-14 19:30:00,103,Liga ASOBAL,Spain,2022,25,BM Sinfin,CD Bidasoa Irun,961,964,33.0,32.0,14.0,16.0,FT,True,home
98588,2023-04-15,2023-04-15 15:00:00,103,Liga ASOBAL,Spain,2022,25,Cisne,Morrazo Cangas,978,969,33.0,31.0,16.0,15.0,FT,True,home
98584,2023-04-15,2023-04-15 16:30:00,103,Liga ASOBAL,Spain,2022,25,La Rioja,Atl. Valladolid,968,960,37.0,28.0,20.0,11.0,FT,True,home
98586,2023-04-15,2023-04-15 18:00:00,103,Liga ASOBAL,Spain,2022,25,Granollers,Huesca,966,967,35.0,32.0,17.0,19.0,FT,True,home
98581,2023-04-15,2023-04-15 19:30:00,103,Liga ASOBAL,Spain,2022,25,Benidorm,Cuenca,963,965,20.0,26.0,13.0,14.0,FT,True,away
98587,2023-04-16,2023-04-16 16:00:00,103,Liga ASOBAL,Spain,2022,25,Ademar,Puente Genil,957,971,34.0,32.0,19.0,16.0,FT,True,home
98583,2023-04-16,2023-04-16 17:30:00,103,Liga ASOBAL,Spain,2022,25,Quabit Guadalajara,Barcelona,987,962,23.0,50.0,12.0,21.0,FT,True,away
98589,2023-04-21,2023-04-21 18:00:00,103,Liga ASOBAL,Spain,2022,26,Barcelona,La Rioja,962,968,43.0,30.0,23.0,16.0,FT,True,home
98592,2023-04-21,2023-04-21 19:30:00,103,Liga ASOBAL,Spain,2022,26,Quabit Guadalajara,Benidorm,987,963,28.0,25.0,12.0,13.0,FT,True,home
98590,2023-04-22,2023-04-22 16:00:00,103,Liga ASOBAL,Spain,2022,26,CD Bidasoa Irun,Ademar,964,957,33.0,29.0,14.0,14.0,FT,True,home
98596,2023-04-22,2023-04-22 17:30:00,103,Liga ASOBAL,Spain,2022,26,Huesca,Cuenca,967,965,27.0,29.0,15.0,14.0,FT,True,away
98593,2023-04-22,2023-04-22 19:00:00,103,Liga ASOBAL,Spain,2022,26,Torrelavega,Cisne,972,978,32.0,26.0,12.0,12.0,FT,True,home
98595,2023-04-23,2023-04-23 10:30:00,103,Liga ASOBAL,Spain,2022,26,Puente Genil,Granollers,971,966,27.0,31.0,12.0,13.0,FT,True,away
98594,2023-04-23,2023-04-23 15:30:00,103,Liga ASOBAL,Spain,2022,26,Atl. Valladolid,Anaitasuna,960,958,30.0,22.0,14.0,9.0,FT,True,home
98591,2023-04-23,2023-04-23 17:00:00,103,Liga ASOBAL,Spain,2022,26,Morrazo Cangas,BM Sinfin,969,961,23.0,23.0,14.0,9.0,FT,True,draw
98603,2023-05-12,2023-05-12 18:30:00,103,Liga ASOBAL,Spain,2022,27,Ademar,Morrazo Cangas,957,969,37.0,31.0,17.0,15.0,FT,True,home
98602,2023-05-13,2023-05-13 15:00:00,103,Liga ASOBAL,Spain,2022,27,La Rioja,Quabit Guadalajara,968,987,32.0,29.0,14.0,12.0,FT,True,home
98598,2023-05-13,2023-05-13 16:30:00,103,Liga ASOBAL,Spain,2022,27,BM Sinfin,Torrelavega,961,972,32.0,34.0,17.0,12.0,FT,True,away
98597,2023-05-13,2023-05-13 18:00:00,103,Liga ASOBAL,Spain,2022,27,Benidorm,Huesca,963,967,33.0,24.0,16.0,10.0,FT,True,home
98601,2023-05-14,2023-05-14 15:00:00,103,Liga ASOBAL,Spain,2022,27,Granollers,CD Bidasoa Irun,966,964,35.0,35.0,17.0,19.0,FT,True,draw
98604,2023-05-14,2023-05-14 16:30:00,103,Liga ASOBAL,Spain,2022,27,Cisne,Atl. Valladolid,978,960,29.0,33.0,13.0,16.0,FT,True,away
98599,2023-05-14,2023-05-14 17:30:00,103,Liga ASOBAL,Spain,2022,27,Cuenca,Puente Genil,965,971,33.0,25.0,15.0,10.0,FT,True,home
98608,2023-05-19,2023-05-19 18:30:00,103,Liga ASOBAL,Spain,2022,28,Quabit Guadalajara,Anaitasuna,987,958,32.0,31.0,16.0,20.0,FT,True,home
98605,2023-05-20,2023-05-20 15:00:00,103,Liga ASOBAL,Spain,2022,28,Barcelona,Cisne,962,978,41.0,30.0,18.0,18.0,FT,True,home
98606,2023-05-20,2023-05-20 16:30:00,103,Liga ASOBAL,Spain,2022,28,CD Bidasoa Irun,Cuenca,964,965,30.0,25.0,16.0,13.0,FT,True,home
98612,2023-05-20,2023-05-20 18:00:00,103,Liga ASOBAL,Spain,2022,28,Puente Genil,Huesca,971,967,27.0,26.0,13.0,14.0,FT,True,home
98610,2023-05-21,2023-05-21 10:30:00,103,Liga ASOBAL,Spain,2022,28,Atl. Valladolid,BM Sinfin,960,961,30.0,25.0,12.0,13.0,FT,True,home
98609,2023-05-21,2023-05-21 15:30:00,103,Liga ASOBAL,Spain,2022,28,Torrelavega,Ademar,972,957,34.0,33.0,18.0,16.0,FT,True,home
98607,2023-05-21,2023-05-21 17:00:00,103,Liga ASOBAL,Spain,2022,28,Morrazo Cangas,Granollers,969,966,33.0,33.0,16.0,19.0,FT,True,draw
98611,2023-05-21,2023-05-21 18:30:00,103,Liga ASOBAL,Spain,2022,28,La Rioja,Benidorm,968,963,27.0,22.0,14.0,13.0,FT,True,home
98600,2023-05-24,2023-05-24 18:00:00,103,Liga ASOBAL,Spain,2022,27,Anaitasuna,Barcelona,958,962,26.0,40.0,15.0,22.0,FT,True,away
98613,2023-05-27,2023-05-27 16:30:00,103,Liga ASOBAL,Spain,2022,29,BM Sinfin,Barcelona,961,962,28.0,39.0,16.0,14.0,FT,True,away
98614,2023-05-27,2023-05-27 16:30:00,103,Liga ASOBAL,Spain,2022,29,Cuenca,Morrazo Cangas,965,969,31.0,27.0,16.0,13.0,FT,True,home
98615,2023-05-27,2023-05-27 16:30:00,103,Liga ASOBAL,Spain,2022,29,Anaitasuna,La Rioja,958,968,30.0,27.0,13.0,13.0,FT,True,home
98618,2023-05-27,2023-05-27 16:30:00,103,Liga ASOBAL,Spain,2022,29,Ademar,Atl. Valladolid,957,960,39.0,32.0,18.0,18.0,FT,True,home
98619,2023-05-27,2023-05-27 16:30:00,103,Liga ASOBAL,Spain,2022,29,Huesca,CD Bidasoa Irun,967,964,31.0,39.0,15.0,15.0,FT,True,away
98620,2023-05-27,2023-05-27 16:30:00,103,Liga ASOBAL,Spain,2022,29,Cisne,Quabit Guadalajara,978,987,28.0,27.0,14.0,16.0,FT,True,home
98617,2023-05-27,2023-05-27 18:00:00,103,Liga ASOBAL,Spain,2022,29,Puente Genil,Benidorm,971,963,30.0,27.0,18.0,14.0,FT,True,home
98616,2023-05-31,2023-05-31 18:00:00,103,Liga ASOBAL,Spain,2022,29,Granollers,Torrelavega,966,972,34.0,28.0,17.0,14.0,FT,True,home
98622,2023-06-01,2023-06-01 18:05:00,103,Liga ASOBAL,Spain,2022,30,Barcelona,Ademar,962,957,43.0,30.0,22.0,15.0,FT,True,home
98628,2023-06-03,2023-06-03 15:00:00,103,Liga ASOBAL,Spain,2022,30,La Rioja,Cisne,968,978,33.0,32.0,16.0,17.0,FT,True,home
98623,2023-06-03,2023-06-03 16:30:00,103,Liga ASOBAL,Spain,2022,30,CD Bidasoa Irun,Puente Genil,964,971,32.0,31.0,16.0,13.0,FT,True,home
98624,2023-06-03,2023-06-03 16:30:00,103,Liga ASOBAL,Spain,2022,30,Morrazo Cangas,Huesca,969,967,28.0,28.0,12.0,15.0,FT,True,draw
98625,2023-06-03,2023-06-03 16:30:00,103,Liga ASOBAL,Spain,2022,30,Quabit Guadalajara,BM Sinfin,987,961,22.0,23.0,11.0,10.0,FT,True,away
98626,2023-06-03,2023-06-03 16:30:00,103,Liga ASOBAL,Spain,2022,30,Torrelavega,Cuenca,972,965,24.0,29.0,10.0,14.0,FT,True,away
98627,2023-06-03,2023-06-03 16:30:00,103,Liga ASOBAL,Spain,2022,30,Atl. Valladolid,Granollers,960,966,24.0,23.0,11.0,16.0,FT,True,home
98621,2023-06-03,2023-06-03 18:00:00,103,Liga ASOBAL,Spain,2022,30,Benidorm,Anaitasuna,963,958,33.0,27.0,18.0,12.0,FT,True,home
142345,2023-06-07,2023-06-07 18:00:00,103,Liga ASOBAL,Spain,2022,Final,Malaga,Morrazo Cangas,984,969,20.0,24.0,10.0,14.0,FT,True,away
142346,2023-06-11,2023-06-11 10:00:00,103,Liga ASOBAL,Spain,2022,Final,Morrazo Cangas,Malaga,969,984,32.0,26.0,16.0,13.0,FT,True,home
73867,2022-09-13,2022-09-13 17:15:00,113,Handbollsligan,Sweden,2022,1,Kristianstad,Ystads IF,1041,1048,29.0,28.0,15.0,14.0,FT,True,home
73864,2022-09-14,2022-09-14 17:00:00,113,Handbollsligan,Sweden,2022,1,Alingsas,Helsingborg,1035,1011,33.0,34.0,17.0,19.0,FT,True,away
73865,2022-09-15,2022-09-15 17:00:00,113,Handbollsligan,Sweden,2022,1,Guif,Malmo,1037,1043,35.0,30.0,17.0,13.0,FT,True,home
73868,2022-09-15,2022-09-15 17:00:00,113,Handbollsligan,Sweden,2022,1,Onnereds,Aranas,1044,1036,31.0,32.0,14.0,13.0,FT,True,away
73869,2022-09-15,2022-09-15 17:00:00,113,Handbollsligan,Sweden,2022,1,Redbergslids,Lugi,1045,1042,29.0,39.0,15.0,18.0,FT,True,away
73866,2022-09-16,2022-09-16 17:00:00,113,Handbollsligan,Sweden,2022,1,Hallby,Savehof,1038,1046,22.0,31.0,12.0,15.0,FT,True,away
73870,2022-09-16,2022-09-16 17:00:00,113,Handbollsligan,Sweden,2022,1,Skovde,Hammarby,1047,1039,30.0,25.0,16.0,11.0,FT,True,home
73873,2022-09-20,2022-09-20 17:00:00,113,Handbollsligan,Sweden,2022,2,Helsingborg,Onnereds,1011,1044,27.0,29.0,15.0,15.0,FT,True,away
73874,2022-09-20,2022-09-20 18:00:00,113,Handbollsligan,Sweden,2022,2,Lugi,Guif,1042,1037,36.0,33.0,18.0,15.0,FT,True,home
73871,2022-09-21,2022-09-21 17:00:00,113,Handbollsligan,Sweden,2022,2,Aranas,Kristianstad,1036,1041,28.0,32.0,15.0,18.0,FT,True,away
73872,2022-09-21,2022-09-21 17:00:00,113,Handbollsligan,Sweden,2022,2,Hammarby,Alingsas,1039,1035,29.0,25.0,12.0,12.0,FT,True,home
73877,2022-09-21,2022-09-21 17:00:00,113,Handbollsligan,Sweden,2022,2,Ystads IF,Redbergslids,1048,1045,29.0,33.0,18.0,15.0,FT,True,away
73875,2022-09-22,2022-09-22 17:00:00,113,Handbollsligan,Sweden,2022,2,Malmo,Hallby,1043,1038,34.0,31.0,13.0,14.0,FT,True,home
73876,2022-09-22,2022-09-22 18:00:00,113,Handbollsligan,Sweden,2022,2,Savehof,Skovde,1046,1047,26.0,26.0,11.0,11.0,FT,True,draw
137147,2022-09-24,2022-09-24 14:00:00,113,Handbollsligan,Sweden,2022,3,Alingsas,Savehof,1035,1046,33.0,27.0,16.0,14.0,FT,True,home
137154,2022-09-24,2022-09-24 15:45:00,113,Handbollsligan,Sweden,2022,4,Kristianstad,Guif,1041,1037,34.0,30.0,18.0,15.0,FT,True,home
137146,2022-09-27,2022-09-27 17:00:00,113,Handbollsligan,Sweden,2022,3,Helsingborg,Aranas,1011,1036,27.0,23.0,13.0,10.0,FT,True,home
137148,2022-09-28,2022-09-28 17:00:00,113,Handbollsligan,Sweden,2022,3,Hallby,Lugi,1038,1042,37.0,34.0,18.0,15.0,FT,True,home
137151,2022-09-28,2022-09-28 17:00:00,113,Handbollsligan,Sweden,2022,3,Skovde,Malmo,1047,1043,30.0,27.0,12.0,14.0,FT,True,home
137149,2022-09-29,2022-09-29 17:00:00,113,Handbollsligan,Sweden,2022,3,Guif,Ystads IF,1037,1048,34.0,29.0,17.0,15.0,FT,True,home
137150,2022-09-29,2022-09-29 17:00:00,113,Handbollsligan,Sweden,2022,3,Onnereds,Hammarby,1044,1039,31.0,29.0,14.0,12.0,FT,True,home
137145,2022-09-30,2022-09-30 17:00:00,113,Handbollsligan,Sweden,2022,3,Redbergslids,Kristianstad,1045,1041,26.0,36.0,15.0,17.0,FT,True,away
137152,2022-10-01,2022-10-01 14:00:00,113,Handbollsligan,Sweden,2022,4,Lugi,Skovde,1042,1047,32.0,34.0,16.0,17.0,FT,True,away
137153,2022-10-02,2022-10-02 14:00:00,113,Handbollsligan,Sweden,2022,4,Hammarby,Helsingborg,1039,1011,26.0,22.0,9.0,9.0,FT,True,home
137156,2022-10-04,2022-10-04 17:00:00,113,Handbollsligan,Sweden,2022,4,Aranas,Redbergslids,1036,1045,37.0,28.0,17.0,14.0,FT,True,home
137157,2022-10-04,2022-10-04 17:00:00,113,Handbollsligan,Sweden,2022,4,Malmo,Alingsas,1043,1035,27.0,25.0,12.0,12.0,FT,True,home
137158,2022-10-05,2022-10-05 17:00:00,113,Handbollsligan,Sweden,2022,4,Ystads IF,Hallby,1048,1038,26.0,21.0,16.0,7.0,FT,True,home
137159,2022-10-08,2022-10-08 13:00:00,113,Handbollsligan,Sweden,2022,5,Onnereds,Malmo,1044,1043,32.0,31.0,19.0,14.0,FT,True,home
137160,2022-10-08,2022-10-08 14:00:00,113,Handbollsligan,Sweden,2022,5,Alingsas,Lugi,1035,1042,30.0,28.0,14.0,14.0,FT,True,home
137161,2022-10-08,2022-10-08 14:00:00,113,Handbollsligan,Sweden,2022,5,Guif,Redbergslids,1037,1045,34.0,36.0,21.0,15.0,FT,True,away
137162,2022-10-08,2022-10-08 15:00:00,113,Handbollsligan,Sweden,2022,5,Hammarby,Aranas,1039,1036,25.0,25.0,11.0,13.0,FT,True,draw
137163,2022-10-08,2022-10-08 15:30:00,113,Handbollsligan,Sweden,2022,5,Hallby,Kristianstad,1038,1041,26.0,36.0,10.0,18.0,FT,True,away
137164,2022-10-09,2022-10-09 14:00:00,113,Handbollsligan,Sweden,2022,5,Skovde,Ystads IF,1047,1048,28.0,27.0,13.0,10.0,FT,True,home
137165,2022-10-09,2022-10-09 15:00:00,113,Handbollsligan,Sweden,2022,5,Helsingborg,Savehof,1011,1046,29.0,29.0,16.0,11.0,FT,True,draw
137166,2022-10-19,2022-10-19 16:00:00,113,Handbollsligan,Sweden,2022,6,Lugi,Onnereds,1042,1044,36.0,28.0,14.0,10.0,FT,True,home
137167,2022-10-19,2022-10-19 16:00:00,113,Handbollsligan,Sweden,2022,6,Savehof,Hammarby,1046,1039,27.0,25.0,14.0,15.0,FT,True,home
137168,2022-10-19,2022-10-19 17:00:00,113,Handbollsligan,Sweden,2022,6,Aranas,Guif,1036,1037,34.0,31.0,18.0,15.0,FT,True,home
137169,2022-10-19,2022-10-19 17:00:00,113,Handbollsligan,Sweden,2022,6,Kristianstad,Skovde,1041,1047,30.0,22.0,17.0,15.0,FT,True,home
137170,2022-10-19,2022-10-19 17:00:00,113,Handbollsligan,Sweden,2022,6,Malmo,Helsingborg,1043,1011,23.0,26.0,7.0,12.0,FT,True,away
137171,2022-10-19,2022-10-19 17:00:00,113,Handbollsligan,Sweden,2022,6,Redbergslids,Hallby,1045,1038,24.0,28.0,12.0,13.0,FT,True,away
137172,2022-10-19,2022-10-19 17:00:00,113,Handbollsligan,Sweden,2022,6,Ystads IF,Alingsas,1048,1035,34.0,25.0,15.0,12.0,FT,True,home
137173,2022-10-22,2022-10-22 14:00:00,113,Handbollsligan,Sweden,2022,7,Hallby,Guif,1038,1037,24.0,21.0,12.0,12.0,FT,True,home
137176,2022-10-22,2022-10-22 16:00:00,113,Handbollsligan,Sweden,2022,7,Onnereds,Ystads IF,1044,1048,26.0,30.0,13.0,15.0,FT,True,away
137174,2022-10-23,2022-10-23 14:00:00,113,Handbollsligan,Sweden,2022,7,Savehof,Aranas,1046,1036,32.0,22.0,17.0,12.0,FT,True,home
137175,2022-10-23,2022-10-23 14:00:00,113,Handbollsligan,Sweden,2022,7,Alingsas,Kristianstad,1035,1041,29.0,31.0,17.0,16.0,FT,True,away
137177,2022-10-24,2022-10-24 17:00:00,113,Handbollsligan,Sweden,2022,7,Hammarby,Malmo,1039,1043,32.0,32.0,14.0,12.0,FT,True,draw
137178,2022-10-24,2022-10-24 17:00:00,113,Handbollsligan,Sweden,2022,7,Helsingborg,Lugi,1011,1042,28.0,31.0,14.0,13.0,FT,True,away
137179,2022-10-24,2022-10-24 17:00:00,113,Handbollsligan,Sweden,2022,7,Skovde,Redbergslids,1047,1045,38.0,24.0,18.0,8.0,FT,True,home
137180,2022-10-27,2022-10-27 17:00:00,113,Handbollsligan,Sweden,2022,8,Aranas,Hallby,1036,1038,27.0,28.0,14.0,16.0,FT,True,away
137181,2022-10-27,2022-10-27 17:00:00,113,Handbollsligan,Sweden,2022,8,Redbergslids,Alingsas,1045,1035,26.0,37.0,11.0,19.0,FT,True,away
137182,2022-10-28,2022-10-28 17:00:00,113,Handbollsligan,Sweden,2022,8,Kristianstad,Onnereds,1041,1044,31.0,28.0,13.0,14.0,FT,True,home
137184,2022-10-28,2022-10-28 17:00:00,113,Handbollsligan,Sweden,2022,8,Ystads IF,Helsingborg,1048,1011,28.0,21.0,12.0,9.0,FT,True,home
137183,2022-10-29,2022-10-29 14:00:00,113,Handbollsligan,Sweden,2022,8,Lugi,Hammarby,1042,1039,27.0,30.0,16.0,14.0,FT,True,away
137185,2022-10-31,2022-10-31 18:00:00,113,Handbollsligan,Sweden,2022,8,Malmo,Savehof,1043,1046,25.0,26.0,17.0,16.0,FT,True,away
137186,2022-11-01,2022-11-01 18:00:00,113,Handbollsligan,Sweden,2022,8,Guif,Skovde,1037,1047,33.0,32.0,17.0,14.0,FT,True,home
137187,2022-11-03,2022-11-03 18:00:00,113,Handbollsligan,Sweden,2022,9,Helsingborg,Kristianstad,1011,1041,25.0,29.0,14.0,15.0,FT,True,away
137188,2022-11-03,2022-11-03 18:00:00,113,Handbollsligan,Sweden,2022,9,Onnereds,Redbergslids,1044,1045,38.0,34.0,18.0,18.0,FT,True,home
137189,2022-11-03,2022-11-03 18:00:00,113,Handbollsligan,Sweden,2022,9,Savehof,Lugi,1046,1042,29.0,20.0,16.0,11.0,FT,True,home
137190,2022-11-03,2022-11-03 18:00:00,113,Handbollsligan,Sweden,2022,9,Skovde,Hallby,1047,1038,26.0,32.0,10.0,20.0,FT,True,away
137192,2022-11-05,2022-11-05 16:00:00,113,Handbollsligan,Sweden,2022,9,Hammarby,Ystads IF,1039,1048,29.0,30.0,15.0,14.0,FT,True,away
137155,2022-11-06,2022-11-06 15:30:00,113,Handbollsligan,Sweden,2022,4,Savehof,Onnereds,1046,1044,39.0,30.0,21.0,13.0,FT,True,home
137193,2022-11-06,2022-11-06 15:30:00,113,Handbollsligan,Sweden,2022,9,Malmo,Aranas,1043,1036,35.0,28.0,17.0,15.0,FT,True,home
137194,2022-11-09,2022-11-09 18:00:00,113,Handbollsligan,Sweden,2022,10,Lugi,Malmo,1042,1043,28.0,23.0,16.0,14.0,FT,True,home
137195,2022-11-09,2022-11-09 18:00:00,113,Handbollsligan,Sweden,2022,10,Redbergslids,Helsingborg,1045,1011,32.0,28.0,18.0,15.0,FT,True,home
137196,2022-11-09,2022-11-09 18:00:00,113,Handbollsligan,Sweden,2022,10,Ystads IF,Savehof,1048,1046,23.0,24.0,12.0,12.0,FT,True,away
137197,2022-11-09,2022-11-09 18:00:00,113,Handbollsligan,Sweden,2022,10,Kristianstad,Hammarby,1041,1039,32.0,28.0,18.0,15.0,FT,True,home
137198,2022-11-09,2022-11-09 18:00:00,113,Handbollsligan,Sweden,2022,10,Aranas,Skovde,1036,1047,28.0,27.0,15.0,11.0,FT,True,home
137199,2022-11-09,2022-11-09 18:00:00,113,Handbollsligan,Sweden,2022,10,Hallby,Alingsas,1038,1035,25.0,27.0,11.0,14.0,FT,True,away
137200,2022-11-10,2022-11-10 18:00:00,113,Handbollsligan,Sweden,2022,10,Guif,Onnereds,1037,1044,30.0,24.0,18.0,12.0,FT,True,home
137203,2022-11-15,2022-11-15 18:00:00,113,Handbollsligan,Sweden,2022,11,Lugi,Aranas,1042,1036,32.0,37.0,15.0,20.0,FT,True,away
137201,2022-11-16,2022-11-16 18:00:00,113,Handbollsligan,Sweden,2022,11,Alingsas,Skovde,1035,1047,26.0,26.0,14.0,12.0,FT,True,draw
137202,2022-11-16,2022-11-16 18:00:00,113,Handbollsligan,Sweden,2022,11,Hammarby,Redbergslids,1039,1045,34.0,24.0,18.0,10.0,FT,True,home
137204,2022-11-16,2022-11-16 18:00:00,113,Handbollsligan,Sweden,2022,11,Malmo,Ystads IF,1043,1048,20.0,36.0,11.0,13.0,FT,True,away
137205,2022-11-16,2022-11-16 18:00:00,113,Handbollsligan,Sweden,2022,11,Onnereds,Hallby,1044,1038,36.0,26.0,17.0,12.0,FT,True,home
137206,2022-11-16,2022-11-16 18:00:00,113,Handbollsligan,Sweden,2022,11,Savehof,Kristianstad,1046,1041,28.0,28.0,14.0,14.0,FT,True,draw
137207,2022-11-18,2022-11-18 18:00:00,113,Handbollsligan,Sweden,2022,11,Helsingborg,Guif,1011,1037,29.0,32.0,14.0,19.0,FT,True,away
137191,2022-11-22,2022-11-22 18:00:00,113,Handbollsligan,Sweden,2022,9,Alingsas,Guif,1035,1037,30.0,25.0,12.0,12.0,FT,True,home
137208,2022-11-25,2022-11-25 18:00:00,113,Handbollsligan,Sweden,2022,12,Redbergslids,Savehof,1045,1046,27.0,29.0,16.0,15.0,FT,True,away
137209,2022-11-25,2022-11-25 18:00:00,113,Handbollsligan,Sweden,2022,12,Ystads IF,Lugi,1048,1042,34.0,27.0,15.0,14.0,FT,True,home
137210,2022-11-25,2022-11-25 18:00:00,113,Handbollsligan,Sweden,2022,12,Skovde,Onnereds,1047,1044,28.0,28.0,13.0,15.0,FT,True,draw
137211,2022-11-25,2022-11-25 18:00:00,113,Handbollsligan,Sweden,2022,12,Guif,Hammarby,1037,1039,25.0,28.0,11.0,12.0,FT,True,away
137212,2022-11-25,2022-11-25 18:00:00,113,Handbollsligan,Sweden,2022,12,Kristianstad,Malmo,1041,1043,35.0,21.0,16.0,8.0,FT,True,home
137213,2022-11-25,2022-11-25 18:00:00,113,Handbollsligan,Sweden,2022,12,Hallby,Helsingborg,1038,1011,28.0,24.0,12.0,12.0,FT,True,home
137214,2022-11-25,2022-11-25 18:00:00,113,Handbollsligan,Sweden,2022,12,Aranas,Alingsas,1036,1035,25.0,29.0,12.0,17.0,FT,True,away
137215,2022-11-27,2022-11-27 14:00:00,113,Handbollsligan,Sweden,2022,13,Redbergslids,Malmo,1045,1043,32.0,27.0,15.0,15.0,FT,True,home
137216,2022-11-27,2022-11-27 15:00:00,113,Handbollsligan,Sweden,2022,13,Hammarby,Hallby,1039,1038,24.0,28.0,11.0,11.0,FT,True,away
137217,2022-11-27,2022-11-27 15:00:00,113,Handbollsligan,Sweden,2022,13,Savehof,Guif,1046,1037,37.0,28.0,18.0,15.0,FT,True,home
137219,2022-11-28,2022-11-28 18:00:00,113,Handbollsligan,Sweden,2022,13,Helsingborg,Skovde,1011,1047,30.0,23.0,14.0,11.0,FT,True,home
137220,2022-11-28,2022-11-28 18:00:00,113,Handbollsligan,Sweden,2022,13,Lugi,Kristianstad,1042,1041,26.0,33.0,13.0,18.0,FT,True,away
137221,2022-11-29,2022-11-29 18:00:00,113,Handbollsligan,Sweden,2022,13,Onnereds,Alingsas,1044,1035,28.0,33.0,15.0,17.0,FT,True,away
137218,2022-12-01,2022-12-01 18:00:00,113,Handbollsligan,Sweden,2022,13,Ystads IF,Aranas,1048,1036,29.0,29.0,18.0,15.0,FT,True,draw
137222,2022-12-02,2022-12-02 18:00:00,113,Handbollsligan,Sweden,2022,14,Malmo,Redbergslids,1043,1045,24.0,22.0,11.0,10.0,FT,True,home
137223,2022-12-03,2022-12-03 15:00:00,113,Handbollsligan,Sweden,2022,14,Skovde,Helsingborg,1047,1011,25.0,30.0,13.0,15.0,FT,True,away
137227,2022-12-03,2022-12-03 15:00:00,113,Handbollsligan,Sweden,2022,14,Guif,Savehof,1037,1046,29.0,35.0,13.0,16.0,FT,True,away
137224,2022-12-03,2022-12-03 17:00:00,113,Handbollsligan,Sweden,2022,14,Kristianstad,Lugi,1041,1042,36.0,22.0,18.0,12.0,FT,True,home
137225,2022-12-04,2022-12-04 16:30:00,113,Handbollsligan,Sweden,2022,14,Hallby,Hammarby,1038,1039,30.0,33.0,9.0,17.0,FT,True,away
137226,2022-12-07,2022-12-07 18:00:00,113,Handbollsligan,Sweden,2022,14,Alingsas,Onnereds,1035,1044,35.0,34.0,15.0,18.0,FT,True,home
137228,2022-12-09,2022-12-09 18:00:00,113,Handbollsligan,Sweden,2022,14,Aranas,Ystads IF,1036,1048,27.0,29.0,16.0,16.0,FT,True,away
137229,2022-12-10,2022-12-10 17:00:00,113,Handbollsligan,Sweden,2022,15,Hammarby,Guif,1039,1037,32.0,26.0,13.0,8.0,FT,True,home
137230,2022-12-11,2022-12-11 15:00:00,113,Handbollsligan,Sweden,2022,15,Onnereds,Skovde,1044,1047,27.0,28.0,15.0,12.0,FT,True,away
137231,2022-12-13,2022-12-13 18:00:00,113,Handbollsligan,Sweden,2022,15,Malmo,Kristianstad,1043,1041,23.0,23.0,11.0,8.0,FT,True,draw
137232,2022-12-14,2022-12-14 18:00:00,113,Handbollsligan,Sweden,2022,15,Alingsas,Aranas,1035,1036,26.0,30.0,14.0,18.0,FT,True,away
137233,2022-12-14,2022-12-14 18:00:00,113,Handbollsligan,Sweden,2022,15,Helsingborg,Hallby,1011,1038,23.0,26.0,11.0,10.0,FT,True,away
137235,2022-12-14,2022-12-14 18:45:00,113,Handbollsligan,Sweden,2022,15,Savehof,Redbergslids,1046,1045,33.0,33.0,15.0,17.0,FT,True,draw
137236,2022-12-19,2022-12-19 18:00:00,113,Handbollsligan,Sweden,2022,16,Aranas,Lugi,1036,1042,29.0,31.0,11.0,17.0,FT,True,away
137237,2022-12-19,2022-12-19 18:00:00,113,Handbollsligan,Sweden,2022,16,Guif,Helsingborg,1037,1011,32.0,27.0,15.0,14.0,FT,True,home
137238,2022-12-19,2022-12-19 18:00:00,113,Handbollsligan,Sweden,2022,16,Hallby,Onnereds,1038,1044,25.0,23.0,12.0,10.0,FT,True,home
137239,2022-12-19,2022-12-19 18:00:00,113,Handbollsligan,Sweden,2022,16,Kristianstad,Savehof,1041,1046,33.0,37.0,17.0,19.0,FT,True,away
137240,2022-12-19,2022-12-19 18:00:00,113,Handbollsligan,Sweden,2022,16,Redbergslids,Hammarby,1045,1039,33.0,29.0,13.0,14.0,FT,True,home
137241,2022-12-19,2022-12-19 18:00:00,113,Handbollsligan,Sweden,2022,16,Skovde,Alingsas,1047,1035,26.0,30.0,14.0,15.0,FT,True,away
137242,2022-12-19,2022-12-19 18:00:00,113,Handbollsligan,Sweden,2022,16,Ystads IF,Malmo,1048,1043,26.0,19.0,7.0,9.0,FT,True,home
137243,2022-12-26,2022-12-26 12:30:00,113,Handbollsligan,Sweden,2022,17,Savehof,Ystads IF,1046,1048,29.0,26.0,13.0,16.0,FT,True,home
137244,2022-12-26,2022-12-26 13:00:00,113,Handbollsligan,Sweden,2022,17,Onnereds,Guif,1044,1037,31.0,28.0,14.0,14.0,FT,True,home
137245,2022-12-26,2022-12-26 17:00:00,113,Handbollsligan,Sweden,2022,17,Hammarby,Kristianstad,1039,1041,26.0,27.0,10.0,15.0,FT,True,away
137246,2022-12-27,2022-12-27 17:00:00,113,Handbollsligan,Sweden,2022,17,Helsingborg,Redbergslids,1011,1045,32.0,29.0,16.0,11.0,FT,True,home
137248,2022-12-27,2022-12-27 18:00:00,113,Handbollsligan,Sweden,2022,17,Malmo,Lugi,1043,1042,34.0,30.0,20.0,16.0,FT,True,home
137249,2022-12-27,2022-12-27 18:00:00,113,Handbollsligan,Sweden,2022,17,Skovde,Aranas,1047,1036,24.0,26.0,14.0,11.0,FT,True,away
137247,2022-12-27,2022-12-27 19:00:00,113,Handbollsligan,Sweden,2022,17,Alingsas,Hallby,1035,1038,33.0,29.0,15.0,18.0,FT,True,home
137250,2022-12-29,2022-12-29 18:00:00,113,Handbollsligan,Sweden,2022,18,Guif,Alingsas,1037,1035,32.0,28.0,16.0,14.0,FT,True,home
137252,2022-12-29,2022-12-29 18:00:00,113,Handbollsligan,Sweden,2022,18,Ystads IF,Hammarby,1048,1039,33.0,32.0,17.0,18.0,FT,True,home
137251,2022-12-29,2022-12-29 19:00:00,113,Handbollsligan,Sweden,2022,18,Hallby,Skovde,1038,1047,29.0,29.0,12.0,15.0,FT,True,draw
137253,2022-12-29,2022-12-29 19:00:00,113,Handbollsligan,Sweden,2022,18,Lugi,Savehof,1042,1046,29.0,30.0,17.0,16.0,FT,True,away
137256,2022-12-30,2022-12-30 17:00:00,113,Handbollsligan,Sweden,2022,18,Redbergslids,Onnereds,1045,1044,32.0,30.0,14.0,12.0,FT,True,home
137254,2022-12-30,2022-12-30 18:00:00,113,Handbollsligan,Sweden,2022,18,Aranas,Malmo,1036,1043,25.0,29.0,14.0,12.0,FT,True,away
137255,2022-12-30,2022-12-30 18:00:00,113,Handbollsligan,Sweden,2022,18,Kristianstad,Helsingborg,1041,1011,34.0,19.0,18.0,8.0,FT,True,home
137263,2023-01-28,2023-01-28 15:00:00,113,Handbollsligan,Sweden,2022,19,Skovde,Guif,1047,1037,32.0,34.0,13.0,15.0,FT,True,away
137260,2023-01-30,2023-01-30 18:00:00,113,Handbollsligan,Sweden,2022,19,Hammarby,Lugi,1039,1042,30.0,28.0,18.0,14.0,FT,True,home
137257,2023-01-31,2023-01-31 18:00:00,113,Handbollsligan,Sweden,2022,19,Helsingborg,Ystads IF,1011,1048,26.0,27.0,14.0,15.0,FT,True,away
137258,2023-02-01,2023-02-01 18:00:00,113,Handbollsligan,Sweden,2022,19,Alingsas,Redbergslids,1035,1045,27.0,27.0,15.0,10.0,FT,True,draw
137259,2023-02-01,2023-02-01 18:00:00,113,Handbollsligan,Sweden,2022,19,Hallby,Aranas,1038,1036,25.0,27.0,12.0,14.0,FT,True,away
137261,2023-02-01,2023-02-01 18:00:00,113,Handbollsligan,Sweden,2022,19,Onnereds,Kristianstad,1044,1041,28.0,40.0,14.0,20.0,FT,True,away
137262,2023-02-01,2023-02-01 18:00:00,113,Handbollsligan,Sweden,2022,19,Savehof,Malmo,1046,1043,31.0,25.0,14.0,12.0,FT,True,home
137264,2023-02-04,2023-02-04 14:00:00,113,Handbollsligan,Sweden,2022,20,Ystads IF,Onnereds,1048,1044,40.0,25.0,21.0,15.0,FT,True,home
137265,2023-02-04,2023-02-04 15:00:00,113,Handbollsligan,Sweden,2022,20,Aranas,Savehof,1036,1046,34.0,34.0,17.0,17.0,FT,True,draw
137266,2023-02-04,2023-02-04 15:00:00,113,Handbollsligan,Sweden,2022,20,Guif,Hallby,1037,1038,34.0,28.0,17.0,16.0,FT,True,home
137268,2023-02-04,2023-02-04 15:00:00,113,Handbollsligan,Sweden,2022,20,Kristianstad,Alingsas,1041,1035,32.0,25.0,14.0,14.0,FT,True,home
137267,2023-02-04,2023-02-04 15:15:00,113,Handbollsligan,Sweden,2022,20,Lugi,Helsingborg,1042,1011,23.0,25.0,13.0,13.0,FT,True,away
137269,2023-02-05,2023-02-05 15:30:00,113,Handbollsligan,Sweden,2022,20,Malmo,Hammarby,1043,1039,24.0,25.0,12.0,14.0,FT,True,away
137270,2023-02-08,2023-02-08 18:00:00,113,Handbollsligan,Sweden,2022,20,Redbergslids,Skovde,1045,1047,26.0,27.0,12.0,14.0,FT,True,away
137271,2023-02-10,2023-02-10 18:00:00,113,Handbollsligan,Sweden,2022,21,Helsingborg,Malmo,1011,1043,29.0,30.0,13.0,15.0,FT,True,away
137272,2023-02-11,2023-02-11 13:00:00,113,Handbollsligan,Sweden,2022,21,Onnereds,Lugi,1044,1042,33.0,29.0,18.0,18.0,FT,True,home
137273,2023-02-11,2023-02-11 15:00:00,113,Handbollsligan,Sweden,2022,21,Skovde,Kristianstad,1047,1041,27.0,26.0,14.0,14.0,FT,True,home
137274,2023-02-11,2023-02-11 16:00:00,113,Handbollsligan,Sweden,2022,21,Hammarby,Savehof,1039,1046,27.0,26.0,16.0,15.0,FT,True,home
137275,2023-02-11,2023-02-11 16:30:00,113,Handbollsligan,Sweden,2022,21,Hallby,Redbergslids,1038,1045,30.0,22.0,11.0,14.0,FT,True,home
137277,2023-02-15,2023-02-15 18:00:00,113,Handbollsligan,Sweden,2022,21,Guif,Aranas,1037,1036,32.0,25.0,16.0,11.0,FT,True,home
137282,2023-02-15,2023-02-15 19:00:00,113,Handbollsligan,Sweden,2022,22,Lugi,Alingsas,1042,1035,28.0,21.0,14.0,10.0,FT,True,home
137278,2023-02-18,2023-02-18 13:30:00,113,Handbollsligan,Sweden,2022,22,Savehof,Helsingborg,1046,1011,38.0,27.0,18.0,13.0,FT,True,home
137279,2023-02-18,2023-02-18 14:00:00,113,Handbollsligan,Sweden,2022,22,Redbergslids,Guif,1045,1037,29.0,27.0,15.0,10.0,FT,True,home
137280,2023-02-18,2023-02-18 14:00:00,113,Handbollsligan,Sweden,2022,22,Ystads IF,Skovde,1048,1047,30.0,24.0,17.0,13.0,FT,True,home
137281,2023-02-18,2023-02-18 15:00:00,113,Handbollsligan,Sweden,2022,22,Kristianstad,Hallby,1041,1038,29.0,24.0,12.0,12.0,FT,True,home
137283,2023-02-19,2023-02-19 15:00:00,113,Handbollsligan,Sweden,2022,22,Aranas,Hammarby,1036,1039,31.0,33.0,15.0,12.0,FT,True,away
137284,2023-02-19,2023-02-19 15:30:00,113,Handbollsligan,Sweden,2022,22,Malmo,Onnereds,1043,1044,26.0,29.0,13.0,17.0,FT,True,away
137276,2023-02-24,2023-02-24 18:00:00,113,Handbollsligan,Sweden,2022,21,Alingsas,Ystads IF,1035,1048,28.0,33.0,12.0,15.0,FT,True,away
137285,2023-03-01,2023-03-01 18:00:00,113,Handbollsligan,Sweden,2022,23,Alingsas,Malmo,1035,1043,29.0,23.0,17.0,13.0,FT,True,home
137287,2023-03-01,2023-03-01 18:00:00,113,Handbollsligan,Sweden,2022,23,Redbergslids,Aranas,1045,1036,27.0,32.0,12.0,15.0,FT,True,away
137288,2023-03-01,2023-03-01 18:00:00,113,Handbollsligan,Sweden,2022,23,Skovde,Lugi,1047,1042,33.0,26.0,15.0,12.0,FT,True,home
137289,2023-03-02,2023-03-02 18:00:00,113,Handbollsligan,Sweden,2022,23,Onnereds,Savehof,1044,1046,33.0,34.0,16.0,19.0,FT,True,away
137290,2023-03-02,2023-03-02 18:00:00,113,Handbollsligan,Sweden,2022,23,Helsingborg,Hammarby,1011,1039,26.0,36.0,16.0,19.0,FT,True,away
137291,2023-03-02,2023-03-02 18:00:00,113,Handbollsligan,Sweden,2022,23,Guif,Kristianstad,1037,1041,27.0,35.0,8.0,20.0,FT,True,away
137286,2023-03-03,2023-03-03 18:00:00,113,Handbollsligan,Sweden,2022,23,Hallby,Ystads IF,1038,1048,22.0,25.0,11.0,9.0,FT,True,away
137234,2023-03-06,2023-03-06 18:00:00,113,Handbollsligan,Sweden,2022,15,Lugi,Ystads IF,1042,1048,27.0,28.0,15.0,12.0,FT,True,away
137293,2023-03-16,2023-03-16 18:00:00,113,Handbollsligan,Sweden,2022,24,Malmo,Skovde,1043,1047,29.0,29.0,16.0,14.0,FT,True,draw
137294,2023-03-16,2023-03-16 18:00:00,113,Handbollsligan,Sweden,2022,24,Savehof,Alingsas,1046,1035,30.0,23.0,17.0,10.0,FT,True,home
137295,2023-03-16,2023-03-16 18:00:00,113,Handbollsligan,Sweden,2022,24,Ystads IF,Guif,1048,1037,27.0,29.0,11.0,13.0,FT,True,away
137292,2023-03-17,2023-03-17 18:00:00,113,Handbollsligan,Sweden,2022,24,Kristianstad,Redbergslids,1041,1045,34.0,29.0,13.0,12.0,FT,True,home
137296,2023-03-17,2023-03-17 18:00:00,113,Handbollsligan,Sweden,2022,24,Aranas,Helsingborg,1036,1011,30.0,25.0,15.0,11.0,FT,True,home
137297,2023-03-18,2023-03-18 16:00:00,113,Handbollsligan,Sweden,2022,24,Hammarby,Onnereds,1039,1044,32.0,26.0,17.0,12.0,FT,True,home
137298,2023-03-19,2023-03-19 13:00:00,113,Handbollsligan,Sweden,2022,24,Lugi,Hallby,1042,1038,34.0,26.0,17.0,9.0,FT,True,home
137299,2023-03-22,2023-03-22 18:00:00,113,Handbollsligan,Sweden,2022,25,Alingsas,Hammarby,1035,1039,33.0,34.0,14.0,15.0,FT,True,away
137300,2023-03-23,2023-03-23 18:00:00,113,Handbollsligan,Sweden,2022,25,Skovde,Savehof,1047,1046,32.0,29.0,15.0,14.0,FT,True,home
137302,2023-03-23,2023-03-23 18:00:00,113,Handbollsligan,Sweden,2022,25,Guif,Lugi,1037,1042,35.0,33.0,18.0,18.0,FT,True,home
137301,2023-03-24,2023-03-24 18:00:00,113,Handbollsligan,Sweden,2022,25,Redbergslids,Ystads IF,1045,1048,28.0,35.0,14.0,17.0,FT,True,away
137303,2023-03-24,2023-03-24 18:00:00,113,Handbollsligan,Sweden,2022,25,Hallby,Malmo,1038,1043,20.0,28.0,10.0,14.0,FT,True,away
137304,2023-03-24,2023-03-24 18:00:00,113,Handbollsligan,Sweden,2022,25,Kristianstad,Aranas,1041,1036,34.0,20.0,17.0,11.0,FT,True,home
137305,2023-03-24,2023-03-24 18:00:00,113,Handbollsligan,Sweden,2022,25,Onnereds,Helsingborg,1044,1011,32.0,32.0,17.0,18.0,FT,True,draw
137306,2023-03-31,2023-03-31 17:00:00,113,Handbollsligan,Sweden,2022,26,Aranas,Onnereds,1036,1044,26.0,34.0,9.0,17.0,FT,True,away
137307,2023-03-31,2023-03-31 17:00:00,113,Handbollsligan,Sweden,2022,26,Hammarby,Skovde,1039,1047,30.0,20.0,14.0,11.0,FT,True,home
137308,2023-03-31,2023-03-31 17:00:00,113,Handbollsligan,Sweden,2022,26,Helsingborg,Alingsas,1011,1035,26.0,32.0,13.0,17.0,FT,True,away
137309,2023-03-31,2023-03-31 17:00:00,113,Handbollsligan,Sweden,2022,26,Lugi,Redbergslids,1042,1045,32.0,27.0,14.0,13.0,FT,True,home
137310,2023-03-31,2023-03-31 17:00:00,113,Handbollsligan,Sweden,2022,26,Malmo,Guif,1043,1037,29.0,26.0,14.0,13.0,FT,True,home
137311,2023-03-31,2023-03-31 17:00:00,113,Handbollsligan,Sweden,2022,26,Savehof,Hallby,1046,1038,33.0,29.0,15.0,15.0,FT,True,home
137312,2023-03-31,2023-03-31 17:00:00,113,Handbollsligan,Sweden,2022,26,Ystads IF,Kristianstad,1048,1041,28.0,30.0,13.0,15.0,FT,True,away
141231,2023-04-03,2023-04-03 17:00:00,113,Handbollsligan,Sweden,2022,Quarter-finals,Hammarby,Alingsas,1039,1035,30.0,25.0,12.0,12.0,FT,True,home
141232,2023-04-03,2023-04-03 17:00:00,113,Handbollsligan,Sweden,2022,Final,Karlskrona,Helsingborg,1012,1011,25.0,28.0,16.0,11.0,FT,True,away
141233,2023-04-03,2023-04-03 17:00:00,113,Handbollsligan,Sweden,2022,Quarter-finals,Kristianstad,Aranas,1041,1036,29.0,25.0,14.0,19.0,FT,True,home
141235,2023-04-03,2023-04-03 17:00:00,113,Handbollsligan,Sweden,2022,Final,Kungalvs HK,Onnereds,1014,1044,28.0,30.0,17.0,14.0,FT,True,away
141234,2023-04-03,2023-04-03 18:45:00,113,Handbollsligan,Sweden,2022,Final,Skanela,Lugi,1017,1042,34.0,30.0,16.0,12.0,FT,True,home
141236,2023-04-04,2023-04-04 17:00:00,113,Handbollsligan,Sweden,2022,Quarter-finals,Ystads IF,Skovde,1048,1047,27.0,22.0,10.0,15.0,FT,True,home
141237,2023-04-06,2023-04-06 16:00:00,113,Handbollsligan,Sweden,2022,Quarter-finals,Savehof,Guif,1046,1037,45.0,27.0,21.0,12.0,FT,True,home
141238,2023-04-06,2023-04-06 17:00:00,113,Handbollsligan,Sweden,2022,Final,Onnereds,Kungalvs HK,1044,1014,30.0,23.0,14.0,14.0,FT,True,home
141240,2023-04-06,2023-04-06 17:00:00,113,Handbollsligan,Sweden,2022,Final,Lugi,Skanela,1042,1017,28.0,27.0,18.0,14.0,FT,True,home
141243,2023-04-06,2023-04-06 17:00:00,113,Handbollsligan,Sweden,2022,Quarter-finals,Aranas,Kristianstad,1036,1041,23.0,29.0,14.0,13.0,FT,True,away
141244,2023-04-06,2023-04-06 17:00:00,113,Handbollsligan,Sweden,2022,Quarter-finals,Alingsas,Hammarby,1035,1039,24.0,31.0,13.0,12.0,FT,True,away
141239,2023-04-07,2023-04-07 13:00:00,113,Handbollsligan,Sweden,2022,Quarter-finals,Skovde,Ystads IF,1047,1048,26.0,28.0,9.0,12.0,FT,True,away
141242,2023-04-07,2023-04-07 13:00:00,113,Handbollsligan,Sweden,2022,Final,Helsingborg,Karlskrona,1011,1012,25.0,27.0,11.0,13.0,FT,True,away
141241,2023-04-08,2023-04-08 13:00:00,113,Handbollsligan,Sweden,2022,Quarter-finals,Guif,Savehof,1037,1046,28.0,40.0,11.0,18.0,FT,True,away
141245,2023-04-09,2023-04-09 15:00:00,113,Handbollsligan,Sweden,2022,Quarter-finals,Hammarby,Alingsas,1039,1035,29.0,26.0,13.0,16.0,FT,True,home
141246,2023-04-09,2023-04-09 15:00:00,113,Handbollsligan,Sweden,2022,Quarter-finals,Kristianstad,Aranas,1041,1036,36.0,30.0,16.0,12.0,FT,True,home
141250,2023-04-10,2023-04-10 14:00:00,113,Handbollsligan,Sweden,2022,Final,Lugi,Skanela,1042,1017,36.0,31.0,17.0,15.0,FT,True,home
141251,2023-04-10,2023-04-10 15:00:00,113,Handbollsligan,Sweden,2022,Final,Onnereds,Kungalvs HK,1044,1014,31.0,26.0,13.0,14.0,FT,True,home
141248,2023-04-11,2023-04-11 17:00:00,113,Handbollsligan,Sweden,2022,Quarter-finals,Ystads IF,Skovde,1048,1047,37.0,36.0,17.0,15.0,AET,False,
141249,2023-04-12,2023-04-12 17:00:00,113,Handbollsligan,Sweden,2022,Final,Helsingborg,Karlskrona,1011,1012,26.0,21.0,14.0,12.0,FT,True,home
141247,2023-04-13,2023-04-13 17:00:00,113,Handbollsligan,Sweden,2022,Quarter-finals,Savehof,Guif,1046,1037,30.0,29.0,15.0,15.0,FT,True,home
141406,2023-04-15,2023-04-15 13:00:00,113,Handbollsligan,Sweden,2022,Final,Skanela,Lugi,1017,1042,32.0,31.0,16.0,17.0,FT,True,home
141414,2023-04-18,2023-04-18 17:00:00,113,Handbollsligan,Sweden,2022,Final,Karlskrona,Helsingborg,1012,1011,31.0,24.0,18.0,12.0,FT,True,home
141535,2023-04-21,2023-04-21 17:00:00,113,Handbollsligan,Sweden,2022,Final,Lugi,Skanela,1042,1017,36.0,26.0,17.0,9.0,FT,True,home
141591,2023-04-21,2023-04-21 17:00:00,113,Handbollsligan,Sweden,2022,Final,Helsingborg,Karlskrona,1011,1012,21.0,26.0,12.0,11.0,FT,True,away
141499,2023-05-03,2023-05-03 17:00:00,113,Handbollsligan,Sweden,2022,Semi-finals,Kristianstad,Hammarby,1041,1039,26.0,20.0,18.0,10.0,FT,True,home
141511,2023-05-04,2023-05-04 17:00:00,113,Handbollsligan,Sweden,2022,Semi-finals,Savehof,Ystads IF,1046,1048,31.0,26.0,15.0,13.0,FT,True,home
141500,2023-05-07,2023-05-07 12:00:00,113,Handbollsligan,Sweden,2022,Semi-finals,Hammarby,Kristianstad,1039,1041,30.0,24.0,15.0,11.0,FT,True,home
141512,2023-05-08,2023-05-08 17:00:00,113,Handbollsligan,Sweden,2022,Semi-finals,Ystads IF,Savehof,1048,1046,27.0,30.0,12.0,13.0,FT,True,away
141501,2023-05-09,2023-05-09 17:00:00,113,Handbollsligan,Sweden,2022,Semi-finals,Kristianstad,Hammarby,1041,1039,33.0,19.0,17.0,9.0,FT,True,home
141513,2023-05-11,2023-05-11 17:00:00,113,Handbollsligan,Sweden,2022,Semi-finals,Savehof,Ystads IF,1046,1048,37.0,27.0,17.0,12.0,FT,True,home
141949,2023-05-12,2023-05-12 17:00:00,113,Handbollsligan,Sweden,2022,Semi-finals,Hammarby,Kristianstad,1039,1041,30.0,31.0,15.0,14.0,FT,True,away
142132,2023-05-20,2023-05-20 16:10:00,113,Handbollsligan,Sweden,2022,Final,Kristianstad,Savehof,1041,1046,29.0,34.0,14.0,17.0,FT,True,away
142133,2023-05-22,2023-05-22 17:10:00,113,Handbollsligan,Sweden,2022,Final,Savehof,Kristianstad,1046,1041,44.0,45.0,12.0,14.0,AET,False,
142134,2023-05-25,2023-05-25 17:10:00,113,Handbollsligan,Sweden,2022,Final,Kristianstad,Savehof,1041,1046,33.0,31.0,14.0,12.0,AET,False,
142243,2023-05-27,2023-05-27 16:10:00,113,Handbollsligan,Sweden,2022,Final,Savehof,Kristianstad,1046,1041,30.0,28.0,12.0,13.0,FT,True,home
142298,2023-05-29,2023-05-29 17:10:00,113,Handbollsligan,Sweden,2022,Final,Kristianstad,Savehof,1041,1046,30.0,23.0,12.0,12.0,FT,True,home
78126,2022-09-14,2022-09-14 16:45:00,131,Champions League,Europe,2022,1,Kiel,Elverum,321,636,36.0,26.0,17.0,13.0,FT,True,home
78128,2022-09-14,2022-09-14 16:45:00,131,Champions League,Europe,2022,1,Szeged,Barcelona,417,962,28.0,35.0,15.0,14.0,FT,True,away
78127,2022-09-14,2022-09-14 18:45:00,131,Champions League,Europe,2022,1,PPD Zagreb,GOG,82,178,27.0,31.0,12.0,18.0,FT,True,away
78130,2022-09-14,2022-09-14 18:45:00,131,Champions League,Europe,2022,1,Kielce,Nantes,4252,257,40.0,33.0,23.0,18.0,FT,True,home
78125,2022-09-15,2022-09-15 16:45:00,131,Champions League,Europe,2022,1,Aalborg,Celje,172,929,36.0,32.0,20.0,17.0,FT,True,home
78129,2022-09-15,2022-09-15 16:45:00,131,Champions League,Europe,2022,1,Telekom Veszprem,Paris SG,419,249,36.0,34.0,17.0,17.0,FT,True,home
78132,2022-09-15,2022-09-15 16:45:00,131,Champions League,Europe,2022,1,Din. Bucuresti,SC Magdeburg,829,328,28.0,30.0,16.0,16.0,FT,True,away
78131,2022-09-15,2022-09-15 18:45:00,131,Champions League,Europe,2022,1,Wisla Plock,Porto,694,778,27.0,23.0,14.0,10.0,FT,True,home
78138,2022-09-21,2022-09-21 16:45:00,131,Champions League,Europe,2022,2,Elverum,Aalborg,636,172,25.0,33.0,14.0,17.0,FT,True,away
78139,2022-09-21,2022-09-21 16:45:00,131,Champions League,Europe,2022,2,Celje,Kiel,929,321,38.0,36.0,17.0,14.0,FT,True,home
78135,2022-09-21,2022-09-21 18:45:00,131,Champions League,Europe,2022,2,Porto,Telekom Veszprem,778,419,28.0,35.0,12.0,16.0,FT,True,away
78136,2022-09-21,2022-09-21 18:45:00,131,Champions League,Europe,2022,2,Paris SG,Wisla Plock,249,694,37.0,33.0,18.0,16.0,FT,True,home
78133,2022-09-22,2022-09-22 16:45:00,131,Champions League,Europe,2022,2,Nantes,Szeged,257,417,35.0,30.0,17.0,15.0,FT,True,home
78137,2022-09-22,2022-09-22 16:45:00,131,Champions League,Europe,2022,2,GOG,Din. Bucuresti,178,829,38.0,38.0,21.0,20.0,FT,True,draw
78134,2022-09-22,2022-09-22 18:45:00,131,Champions League,Europe,2022,2,SC Magdeburg,PPD Zagreb,328,82,35.0,25.0,17.0,12.0,FT,True,home
78140,2022-09-22,2022-09-22 18:45:00,131,Champions League,Europe,2022,2,Barcelona,Kielce,962,4252,32.0,28.0,18.0,13.0,FT,True,home
78145,2022-09-28,2022-09-28 16:45:00,131,Champions League,Europe,2022,3,PPD Zagreb,Porto,82,778,29.0,23.0,16.0,15.0,FT,True,home
78147,2022-09-28,2022-09-28 16:45:00,131,Champions League,Europe,2022,3,Telekom Veszprem,Din. Bucuresti,419,829,33.0,30.0,15.0,17.0,FT,True,home
78141,2022-09-28,2022-09-28 18:45:00,131,Champions League,Europe,2022,3,Aalborg,Kielce,172,4252,28.0,30.0,15.0,17.0,FT,True,away
78146,2022-09-28,2022-09-28 18:45:00,131,Champions League,Europe,2022,3,SC Magdeburg,Paris SG,328,249,22.0,29.0,10.0,18.0,FT,True,away
78143,2022-09-29,2022-09-29 16:45:00,131,Champions League,Europe,2022,3,Kiel,Szeged,321,417,34.0,29.0,15.0,14.0,FT,True,home
78148,2022-09-29,2022-09-29 16:45:00,131,Champions League,Europe,2022,3,Wisla Plock,GOG,694,178,31.0,27.0,17.0,14.0,FT,True,home
78142,2022-09-29,2022-09-29 18:45:00,131,Champions League,Europe,2022,3,Barcelona,Celje,962,929,38.0,30.0,19.0,15.0,FT,True,home
78144,2022-09-29,2022-09-29 18:45:00,131,Champions League,Europe,2022,3,Nantes,Elverum,257,636,41.0,30.0,20.0,14.0,FT,True,home
78155,2022-10-05,2022-10-05 16:45:00,131,Champions League,Europe,2022,4,Din. Bucuresti,Porto,829,778,32.0,27.0,13.0,12.0,FT,True,home
78156,2022-10-05,2022-10-05 16:45:00,131,Champions League,Europe,2022,4,Celje,Nantes,929,257,24.0,35.0,14.0,20.0,FT,True,away
78153,2022-10-05,2022-10-05 18:45:00,131,Champions League,Europe,2022,4,GOG,Telekom Veszprem,178,419,30.0,31.0,14.0,16.0,FT,True,away
78151,2022-10-06,2022-10-06 16:45:00,131,Champions League,Europe,2022,4,Szeged,Aalborg,417,172,29.0,41.0,15.0,17.0,FT,True,away
78152,2022-10-06,2022-10-06 16:45:00,131,Champions League,Europe,2022,4,SC Magdeburg,Wisla Plock,328,694,33.0,27.0,17.0,16.0,FT,True,home
78154,2022-10-06,2022-10-06 16:45:00,131,Champions League,Europe,2022,4,Elverum,Barcelona,636,962,30.0,46.0,15.0,23.0,FT,True,away
78149,2022-10-06,2022-10-06 18:45:00,131,Champions League,Europe,2022,4,Paris SG,PPD Zagreb,249,82,40.0,31.0,22.0,14.0,FT,True,home
78150,2022-10-06,2022-10-06 18:45:00,131,Champions League,Europe,2022,4,Kielce,Kiel,4252,321,40.0,37.0,19.0,19.0,FT,True,home
78159,2022-10-26,2022-10-26 16:45:00,131,Champions League,Europe,2022,5,Din. Bucuresti,Paris SG,829,249,29.0,36.0,16.0,22.0,FT,True,away
78162,2022-10-26,2022-10-26 16:45:00,131,Champions League,Europe,2022,5,PPD Zagreb,Wisla Plock,82,694,26.0,26.0,14.0,15.0,FT,True,draw
78163,2022-10-26,2022-10-26 16:45:00,131,Champions League,Europe,2022,5,Szeged,Elverum,417,636,30.0,23.0,16.0,10.0,FT,True,home
78157,2022-10-26,2022-10-26 18:45:00,131,Champions League,Europe,2022,5,Aalborg,Barcelona,172,962,33.0,39.0,19.0,19.0,FT,True,away
78158,2022-10-27,2022-10-27 16:45:00,131,Champions League,Europe,2022,5,Celje,Kielce,929,4252,30.0,33.0,16.0,17.0,FT,True,away
78164,2022-10-27,2022-10-27 16:45:00,131,Champions League,Europe,2022,5,Telekom Veszprem,SC Magdeburg,419,328,35.0,35.0,16.0,16.0,FT,True,draw
78160,2022-10-27,2022-10-27 18:45:00,131,Champions League,Europe,2022,5,Nantes,Kiel,257,321,38.0,30.0,20.0,15.0,FT,True,home
78161,2022-10-27,2022-10-27 18:45:00,131,Champions League,Europe,2022,5,Porto,GOG,778,178,26.0,33.0,10.0,15.0,FT,True,away
78170,2022-11-02,2022-11-02 17:45:00,131,Champions League,Europe,2022,6,Elverum,Celje,636,929,31.0,29.0,17.0,14.0,FT,True,home
78171,2022-11-02,2022-11-02 17:45:00,131,Champions League,Europe,2022,6,PPD Zagreb,Din. Bucuresti,82,829,28.0,29.0,16.0,15.0,FT,True,away
78169,2022-11-02,2022-11-02 19:45:00,131,Champions League,Europe,2022,6,Kiel,Aalborg,321,172,36.0,36.0,17.0,16.0,FT,True,draw
78165,2022-11-03,2022-11-03 17:45:00,131,Champions League,Europe,2022,6,Paris SG,Porto,249,778,32.0,30.0,17.0,15.0,FT,True,home
78166,2022-11-03,2022-11-03 17:45:00,131,Champions League,Europe,2022,6,Wisla Plock,Telekom Veszprem,694,419,26.0,30.0,14.0,15.0,FT,True,away
78167,2022-11-03,2022-11-03 19:45:00,131,Champions League,Europe,2022,6,Kielce,Szeged,4252,417,37.0,30.0,22.0,14.0,FT,True,home
78168,2022-11-03,2022-11-03 19:45:00,131,Champions League,Europe,2022,6,GOG,SC Magdeburg,178,328,33.0,32.0,13.0,16.0,FT,True,home
78172,2022-11-03,2022-11-03 19:45:00,131,Champions League,Europe,2022,6,Barcelona,Nantes,962,257,34.0,29.0,16.0,17.0,FT,True,home
78173,2022-11-23,2022-11-23 17:45:00,131,Champions League,Europe,2022,7,Aalborg,Nantes,172,257,32.0,35.0,17.0,20.0,FT,True,away
78179,2022-11-23,2022-11-23 17:45:00,131,Champions League,Europe,2022,7,Szeged,Celje,417,929,36.0,27.0,18.0,12.0,FT,True,home
78176,2022-11-23,2022-11-23 19:45:00,131,Champions League,Europe,2022,7,Paris SG,GOG,249,178,41.0,36.0,16.0,16.0,FT,True,home
78174,2022-11-24,2022-11-24 17:45:00,131,Champions League,Europe,2022,7,Din. Bucuresti,Wisla Plock,829,694,32.0,27.0,15.0,14.0,FT,True,home
78175,2022-11-24,2022-11-24 17:45:00,131,Champions League,Europe,2022,7,Kiel,Barcelona,321,962,30.0,30.0,14.0,18.0,FT,True,draw
78177,2022-11-24,2022-11-24 17:45:00,131,Champions League,Europe,2022,7,Telekom Veszprem,PPD Zagreb,419,82,32.0,28.0,16.0,15.0,FT,True,home
78178,2022-11-24,2022-11-24 19:45:00,131,Champions League,Europe,2022,7,SC Magdeburg,Porto,328,778,41.0,36.0,22.0,17.0,FT,True,home
78180,2022-11-24,2022-11-24 19:45:00,131,Champions League,Europe,2022,7,Kielce,Elverum,4252,636,37.0,33.0,21.0,17.0,FT,True,home
78186,2022-11-30,2022-11-30 17:45:00,131,Champions League,Europe,2022,8,Elverum,Kielce,636,4252,26.0,27.0,13.0,14.0,FT,True,away
78187,2022-11-30,2022-11-30 17:45:00,131,Champions League,Europe,2022,8,Celje,Szeged,929,417,28.0,36.0,13.0,20.0,FT,True,away
78183,2022-11-30,2022-11-30 19:45:00,131,Champions League,Europe,2022,8,PPD Zagreb,Telekom Veszprem,82,419,29.0,26.0,12.0,14.0,FT,True,home
78184,2022-11-30,2022-11-30 19:45:00,131,Champions League,Europe,2022,8,Barcelona,Kiel,962,321,26.0,24.0,13.0,13.0,FT,True,home
78188,2022-11-30,2022-11-30 19:45:00,131,Champions League,Europe,2022,8,GOG,Paris SG,178,249,35.0,40.0,19.0,22.0,FT,True,away
78182,2022-12-01,2022-12-01 17:45:00,131,Champions League,Europe,2022,8,Wisla Plock,Din. Bucuresti,694,829,26.0,28.0,12.0,12.0,FT,True,away
78181,2022-12-01,2022-12-01 19:45:00,131,Champions League,Europe,2022,8,Porto,SC Magdeburg,778,328,31.0,31.0,12.0,16.0,FT,True,draw
78185,2022-12-01,2022-12-01 19:45:00,131,Champions League,Europe,2022,8,Nantes,Aalborg,257,172,35.0,28.0,18.0,12.0,FT,True,home
78190,2022-12-07,2022-12-07 17:45:00,131,Champions League,Europe,2022,9,Szeged,Kielce,417,4252,28.0,31.0,13.0,16.0,FT,True,away
78195,2022-12-07,2022-12-07 17:45:00,131,Champions League,Europe,2022,9,Celje,Elverum,929,636,29.0,26.0,15.0,13.0,FT,True,home
78191,2022-12-07,2022-12-07 19:45:00,131,Champions League,Europe,2022,9,SC Magdeburg,GOG,328,178,36.0,34.0,21.0,18.0,FT,True,home
78193,2022-12-07,2022-12-07 19:45:00,131,Champions League,Europe,2022,9,Porto,Paris SG,778,249,33.0,35.0,17.0,16.0,FT,True,away
78189,2022-12-08,2022-12-08 17:45:00,131,Champions League,Europe,2022,9,Din. Bucuresti,PPD Zagreb,829,82,27.0,27.0,14.0,13.0,FT,True,draw
78192,2022-12-08,2022-12-08 17:45:00,131,Champions League,Europe,2022,9,Telekom Veszprem,Wisla Plock,419,694,32.0,22.0,17.0,9.0,FT,True,home
78194,2022-12-08,2022-12-08 17:45:00,131,Champions League,Europe,2022,9,Kiel,Nantes,321,257,37.0,33.0,20.0,18.0,FT,True,home
78196,2022-12-08,2022-12-08 19:45:00,131,Champions League,Europe,2022,9,Barcelona,Aalborg,962,172,32.0,26.0,15.0,16.0,FT,True,home
78199,2022-12-14,2022-12-14 17:45:00,131,Champions League,Europe,2022,10,Elverum,Szeged,636,417,32.0,34.0,14.0,19.0,FT,True,away
78202,2022-12-14,2022-12-14 17:45:00,131,Champions League,Europe,2022,10,Paris SG,SC Magdeburg,249,328,33.0,37.0,19.0,15.0,FT,True,away
78200,2022-12-14,2022-12-14 19:45:00,131,Champions League,Europe,2022,10,GOG,Porto,178,778,34.0,33.0,15.0,13.0,FT,True,home
78198,2022-12-15,2022-12-15 17:45:00,131,Champions League,Europe,2022,10,Din. Bucuresti,Telekom Veszprem,829,419,31.0,31.0,13.0,16.0,FT,True,draw
78203,2022-12-15,2022-12-15 17:45:00,131,Champions League,Europe,2022,10,Kielce,Celje,4252,929,36.0,28.0,18.0,15.0,FT,True,home
78197,2022-12-15,2022-12-15 19:45:00,131,Champions League,Europe,2022,10,Aalborg,Kiel,172,321,26.0,30.0,14.0,16.0,FT,True,away
78201,2022-12-15,2022-12-15 19:45:00,131,Champions League,Europe,2022,10,Nantes,Barcelona,257,962,33.0,37.0,16.0,22.0,FT,True,away
78204,2022-12-15,2022-12-15 19:45:00,131,Champions League,Europe,2022,10,Wisla Plock,PPD Zagreb,694,82,26.0,30.0,13.0,14.0,FT,True,away
78207,2023-02-08,2023-02-08 17:45:00,131,Champions League,Europe,2022,11,PPD Zagreb,Paris SG,82,249,30.0,33.0,14.0,17.0,FT,True,away
78208,2023-02-08,2023-02-08 17:45:00,131,Champions League,Europe,2022,11,Telekom Veszprem,GOG,419,178,36.0,37.0,21.0,19.0,FT,True,away
78205,2023-02-08,2023-02-08 19:45:00,131,Champions League,Europe,2022,11,Porto,Din. Bucuresti,778,829,32.0,23.0,14.0,13.0,FT,True,home
78211,2023-02-09,2023-02-09 17:45:00,131,Champions League,Europe,2022,11,Aalborg,Szeged,172,417,33.0,27.0,15.0,11.0,FT,True,home
78212,2023-02-09,2023-02-09 17:45:00,131,Champions League,Europe,2022,11,Kiel,Kielce,321,4252,32.0,29.0,22.0,13.0,FT,True,home
78206,2023-02-09,2023-02-09 19:45:00,131,Champions League,Europe,2022,11,Wisla Plock,SC Magdeburg,694,328,25.0,24.0,14.0,10.0,FT,True,home
78209,2023-02-09,2023-02-09 19:45:00,131,Champions League,Europe,2022,11,Nantes,Celje,257,929,31.0,32.0,15.0,17.0,FT,True,away
78210,2023-02-09,2023-02-09 19:45:00,131,Champions League,Europe,2022,11,Barcelona,Elverum,962,636,40.0,30.0,19.0,12.0,FT,True,home
78213,2023-02-15,2023-02-15 17:45:00,131,Champions League,Europe,2022,12,Celje,Barcelona,929,962,27.0,28.0,15.0,12.0,FT,True,away
78214,2023-02-15,2023-02-15 17:45:00,131,Champions League,Europe,2022,12,Elverum,Nantes,636,257,36.0,42.0,18.0,21.0,FT,True,away
78220,2023-02-15,2023-02-15 17:45:00,131,Champions League,Europe,2022,12,Kielce,Aalborg,4252,172,33.0,28.0,15.0,15.0,FT,True,home
78215,2023-02-15,2023-02-15 19:45:00,131,Champions League,Europe,2022,12,GOG,Wisla Plock,178,694,31.0,24.0,18.0,11.0,FT,True,home
78219,2023-02-16,2023-02-16 17:45:00,131,Champions League,Europe,2022,12,Szeged,Kiel,417,321,36.0,33.0,14.0,17.0,FT,True,home
78216,2023-02-16,2023-02-16 19:45:00,131,Champions League,Europe,2022,12,Paris SG,Din. Bucuresti,249,829,33.0,26.0,17.0,14.0,FT,True,home
78218,2023-02-16,2023-02-16 19:45:00,131,Champions League,Europe,2022,12,SC Magdeburg,Telekom Veszprem,328,419,32.0,25.0,16.0,15.0,FT,True,home
78226,2023-02-22,2023-02-22 17:45:00,131,Champions League,Europe,2022,13,Kiel,Celje,321,929,39.0,27.0,17.0,15.0,FT,True,home
78228,2023-02-22,2023-02-22 17:45:00,131,Champions League,Europe,2022,13,Aalborg,Elverum,172,636,31.0,24.0,17.0,12.0,FT,True,home
78221,2023-02-22,2023-02-22 19:45:00,131,Champions League,Europe,2022,13,PPD Zagreb,SC Magdeburg,82,328,25.0,31.0,14.0,16.0,FT,True,away
78227,2023-02-22,2023-02-22 19:45:00,131,Champions League,Europe,2022,13,Barcelona,Szeged,962,417,35.0,25.0,20.0,10.0,FT,True,home
78222,2023-02-23,2023-02-23 17:45:00,131,Champions League,Europe,2022,13,Wisla Plock,Paris SG,694,249,26.0,32.0,14.0,15.0,FT,True,away
78223,2023-02-23,2023-02-23 17:45:00,131,Champions League,Europe,2022,13,Telekom Veszprem,Porto,419,778,32.0,30.0,15.0,14.0,FT,True,home
78224,2023-02-23,2023-02-23 17:45:00,131,Champions League,Europe,2022,13,Din. Bucuresti,GOG,829,178,30.0,27.0,14.0,13.0,FT,True,home
78225,2023-02-23,2023-02-23 19:45:00,131,Champions League,Europe,2022,13,Nantes,Kielce,257,4252,30.0,33.0,14.0,17.0,FT,True,away
78217,2023-02-26,2023-02-26 17:45:00,131,Champions League,Europe,2022,12,Porto,PPD Zagreb,778,82,28.0,26.0,12.0,11.0,FT,True,home
78229,2023-03-01,2023-03-01 17:45:00,131,Champions League,Europe,2022,14,Celje,Aalborg,929,172,31.0,34.0,15.0,19.0,FT,True,away
78230,2023-03-01,2023-03-01 17:45:00,131,Champions League,Europe,2022,14,Elverum,Kiel,636,321,26.0,26.0,11.0,12.0,FT,True,draw
78235,2023-03-01,2023-03-01 17:45:00,131,Champions League,Europe,2022,14,Szeged,Nantes,417,257,28.0,28.0,13.0,15.0,FT,True,draw
78231,2023-03-01,2023-03-01 19:45:00,131,Champions League,Europe,2022,14,GOG,PPD Zagreb,178,82,33.0,29.0,20.0,12.0,FT,True,home
78232,2023-03-01,2023-03-01 19:45:00,131,Champions League,Europe,2022,14,Paris SG,Telekom Veszprem,249,419,37.0,35.0,19.0,24.0,FT,True,home
78236,2023-03-02,2023-03-02 17:45:00,131,Champions League,Europe,2022,14,Kielce,Barcelona,4252,962,31.0,32.0,12.0,13.0,FT,True,away
78233,2023-03-02,2023-03-02 19:45:00,131,Champions League,Europe,2022,14,Porto,Wisla Plock,778,694,27.0,28.0,13.0,15.0,FT,True,away
78234,2023-03-02,2023-03-02 19:45:00,131,Champions League,Europe,2022,14,SC Magdeburg,Din. Bucuresti,328,829,34.0,33.0,19.0,17.0,FT,True,home
140648,2023-03-22,2023-03-22 17:45:00,131,Champions League,Europe,2022,,Din. Bucuresti,Kiel,829,321,28.0,41.0,11.0,19.0,FT,True,away
140649,2023-03-22,2023-03-22 17:45:00,131,Champions League,Europe,2022,,Szeged,Telekom Veszprem,417,419,23.0,36.0,7.0,20.0,FT,True,away
140650,2023-03-22,2023-03-22 19:45:00,131,Champions League,Europe,2022,,Wisla Plock,Nantes,694,257,32.0,32.0,14.0,18.0,FT,True,draw
140647,2023-03-23,2023-03-23 17:45:00,131,Champions League,Europe,2022,,Aalborg,GOG,172,178,30.0,28.0,16.0,12.0,FT,True,home
140652,2023-03-29,2023-03-29 16:45:00,131,Champions League,Europe,2022,,Kiel,Din. Bucuresti,321,829,31.0,32.0,16.0,17.0,FT,True,away
140653,2023-03-29,2023-03-29 18:45:00,131,Champions League,Europe,2022,,Nantes,Wisla Plock,257,694,29.0,30.0,14.0,11.0,AP,True,away
140654,2023-03-30,2023-03-30 16:45:00,131,Champions League,Europe,2022,,Telekom Veszprem,Szeged,419,417,38.0,33.0,17.0,16.0,FT,True,home
140651,2023-03-30,2023-03-30 18:45:00,131,Champions League,Europe,2022,,GOG,Aalborg,178,172,32.0,24.0,15.0,11.0,FT,True,home
141168,2023-05-10,2023-05-10 16:45:00,131,Champions League,Europe,2022,Quarter-finals,Wisla Plock,SC Magdeburg,694,328,22.0,22.0,9.0,12.0,FT,True,draw
141167,2023-05-10,2023-05-10 18:45:00,131,Champions League,Europe,2022,Quarter-finals,Kiel,Paris SG,321,249,27.0,31.0,12.0,13.0,FT,True,away
141211,2023-05-11,2023-05-11 16:45:00,131,Champions League,Europe,2022,Quarter-finals,Telekom Veszprem,Kielce,419,4252,29.0,29.0,13.0,16.0,FT,True,draw
141210,2023-05-11,2023-05-11 18:45:00,131,Champions League,Europe,2022,Quarter-finals,GOG,Barcelona,178,962,30.0,37.0,15.0,19.0,FT,True,away
141170,2023-05-17,2023-05-17 16:45:00,131,Champions League,Europe,2022,Quarter-finals,SC Magdeburg,Wisla Plock,328,694,30.0,28.0,13.0,13.0,FT,True,home
141169,2023-05-17,2023-05-17 18:45:00,131,Champions League,Europe,2022,Quarter-finals,Paris SG,Kiel,249,321,32.0,29.0,17.0,15.0,FT,True,home
141213,2023-05-18,2023-05-18 16:45:00,131,Champions League,Europe,2022,Quarter-finals,Kielce,Telekom Veszprem,4252,419,31.0,27.0,18.0,12.0,FT,True,home
141212,2023-05-18,2023-05-18 18:45:00,131,Champions League,Europe,2022,Quarter-finals,Barcelona,GOG,962,178,36.0,31.0,20.0,13.0,FT,True,home
142250,2023-06-17,2023-06-17 13:15:00,131,Champions League,Europe,2022,Semi-finals,SC Magdeburg,Barcelona,328,962,40.0,39.0,16.0,18.0,AP,True,home
142251,2023-06-17,2023-06-17 16:00:00,131,Champions League,Europe,2022,Semi-finals,Paris SG,Kielce,249,4252,24.0,25.0,14.0,16.0,FT,True,away
143757,2023-06-18,2023-06-18 13:15:00,131,Champions League,Europe,2022,3rd place,Barcelona,Paris SG,962,249,37.0,31.0,22.0,13.0,FT,True,home
143758,2023-06-18,2023-06-18 16:00:00,131,Champions League,Europe,2022,Final,SC Magdeburg,Kielce,328,4252,30.0,29.0,13.0,15.0,AET,False,
78092,2022-08-27,2022-08-27 13:00:00,145,EHF European League,Europe,2022,European League - Semi-finals,Lemgo,La Rioja,323,968,39.0,34.0,22.0,13.0,FT,True,home
78096,2022-08-27,2022-08-27 13:00:00,145,EHF European League,Europe,2022,European League - Semi-finals,Cocks,Aguas Santas,212,777,22.0,21.0,13.0,11.0,FT,True,home
78095,2022-08-27,2022-08-27 14:00:00,145,EHF European League,Europe,2022,European League - Semi-finals,Zabrze,Zurich,696,1070,27.0,19.0,11.0,10.0,FT,True,home
78093,2022-08-27,2022-08-27 15:00:00,145,EHF European League,Europe,2022,European League - Semi-finals,Minaur Baia Mare,Ferencvaros,831,412,27.0,36.0,14.0,15.0,FT,True,away
78090,2022-08-27,2022-08-27 16:00:00,145,EHF European League,Europe,2022,European League - Semi-finals,Kolstad,Drammen,639,635,28.0,26.0,15.0,14.0,FT,True,home
78091,2022-08-27,2022-08-27 16:30:00,145,EHF European League,Europe,2022,European League - Semi-finals,Kristianstad,Trimo Trebnje,1041,942,33.0,33.0,12.0,19.0,FT,True,draw
78087,2022-08-27,2022-08-27 17:00:00,145,EHF European League,Europe,2022,European League - Semi-finals,Alpla Hard,Eurofarm Pelister 2,13,1158,24.0,21.0,13.0,11.0,FT,True,home
78089,2022-08-27,2022-08-27 18:00:00,145,EHF European League,Europe,2022,European League - Semi-finals,Chambery Savoie,CSM Constanta,251,4118,27.0,23.0,12.0,10.0,FT,True,home
78088,2022-08-28,2022-08-28 10:30:00,145,EHF European League,Europe,2022,European League - Semi-finals,Cuenca,Bjerringbro/Silkeborg,965,176,26.0,31.0,13.0,11.0,FT,True,away
78094,2022-08-28,2022-08-28 15:30:00,145,EHF European League,Europe,2022,European League - Semi-finals,Savehof,Potaissa Turda,1046,832,45.0,21.0,24.0,10.0,FT,True,home
78105,2022-09-03,2022-09-03 14:00:00,145,EHF European League,Europe,2022,European League - Semi-finals,Bjerringbro/Silkeborg,Cuenca,176,965,33.0,22.0,16.0,12.0,FT,True,home
78099,2022-09-03,2022-09-03 15:00:00,145,EHF European League,Europe,2022,European League - Semi-finals,Potaissa Turda,Savehof,832,1046,30.0,34.0,14.0,16.0,FT,True,away
78104,2022-09-03,2022-09-03 15:00:00,145,EHF European League,Europe,2022,European League - Semi-finals,CSM Constanta,Chambery Savoie,4118,251,23.0,22.0,9.0,10.0,FT,True,home
78098,2022-09-03,2022-09-03 17:00:00,145,EHF European League,Europe,2022,European League - Semi-finals,Trimo Trebnje,Kristianstad,942,1041,31.0,36.0,15.0,21.0,FT,True,away
78100,2022-09-03,2022-09-03 17:00:00,145,EHF European League,Europe,2022,European League - Semi-finals,La Rioja,Lemgo,968,323,28.0,28.0,15.0,13.0,FT,True,draw
78101,2022-09-03,2022-09-03 17:00:00,145,EHF European League,Europe,2022,European League - Semi-finals,Aguas Santas,Cocks,777,212,30.0,20.0,17.0,9.0,FT,True,home
78106,2022-09-04,2022-09-04 13:00:00,145,EHF European League,Europe,2022,European League - Semi-finals,Zurich,Zabrze,1070,696,32.0,23.0,14.0,13.0,FT,True,home
78097,2022-09-04,2022-09-04 14:00:00,145,EHF European League,Europe,2022,European League - Semi-finals,Ferencvaros,Minaur Baia Mare,412,831,38.0,22.0,19.0,9.0,FT,True,home
78102,2022-09-04,2022-09-04 17:00:00,145,EHF European League,Europe,2022,European League - Semi-finals,Eurofarm Pelister 2,Alpla Hard,1158,13,24.0,27.0,12.0,14.0,FT,True,away
78103,2022-09-04,2022-09-04 18:00:00,145,EHF European League,Europe,2022,European League - Semi-finals,Drammen,Kolstad,635,639,21.0,29.0,11.0,13.0,FT,True,away
137619,2022-09-27,2022-09-27 16:45:00,145,EHF European League,Europe,2022,European League - Final,Kristianstad,Skanderborg Aarhus,1041,2066,31.0,32.0,15.0,18.0,FT,True,away
137620,2022-09-27,2022-09-27 16:45:00,145,EHF European League,Europe,2022,European League - Final,Steaua Bucuresti,Ferencvaros,833,412,33.0,31.0,17.0,14.0,FT,True,home
137622,2022-09-27,2022-09-27 16:45:00,145,EHF European League,Europe,2022,European League - Final,Savehof,Montpellier,1046,248,24.0,24.0,9.0,11.0,FT,True,draw
137623,2022-09-27,2022-09-27 16:45:00,145,EHF European League,Europe,2022,European League - Final,MMTS Kwidzyn,Flensburg-H.,688,314,25.0,39.0,12.0,21.0,FT,True,away
137625,2022-09-27,2022-09-27 16:45:00,145,EHF European League,Europe,2022,European League - Final,Goppingen,Lemgo,316,323,28.0,24.0,12.0,12.0,FT,True,home
137628,2022-09-27,2022-09-27 16:45:00,145,EHF European League,Europe,2022,European League - Final,Azoty-Pulawy,Nexe,684,81,32.0,26.0,16.0,12.0,FT,True,home
137629,2022-09-27,2022-09-27 16:45:00,145,EHF European League,Europe,2022,European League - Final,Alpla Hard,Butel Skopje,13,292,26.0,21.0,11.0,8.0,FT,True,home
137621,2022-09-27,2022-09-27 18:45:00,145,EHF European League,Europe,2022,European League - Final,Sporting,Bjerringbro/Silkeborg,791,176,31.0,22.0,10.0,8.0,FT,True,home
137624,2022-09-27,2022-09-27 18:45:00,145,EHF European League,Europe,2022,European League - Final,Belenenses,Aguas Santas,781,777,20.0,23.0,10.0,15.0,FT,True,away
137626,2022-09-27,2022-09-27 18:45:00,145,EHF European League,Europe,2022,European League - Final,CD Bidasoa Irun,Kolstad,964,639,30.0,27.0,16.0,13.0,FT,True,home
137627,2022-09-27,2022-09-27 18:45:00,145,EHF European League,Europe,2022,European League - Final,Benidorm,Zurich,963,1070,34.0,24.0,18.0,13.0,FT,True,home
137630,2022-09-27,2022-09-27 18:45:00,145,EHF European League,Europe,2022,European League - Final,Chambery Savoie,Veszpremi KKFT,251,420,29.0,25.0,15.0,12.0,FT,True,home
137632,2022-10-04,2022-10-04 15:00:00,145,EHF European League,Europe,2022,European League - Final,Veszpremi KKFT,Chambery Savoie,420,251,31.0,25.0,15.0,16.0,FT,True,home
137631,2022-10-04,2022-10-04 16:45:00,145,EHF European League,Europe,2022,European League - Final,Lemgo,Goppingen,323,316,33.0,31.0,18.0,15.0,FT,True,home
137633,2022-10-04,2022-10-04 16:45:00,145,EHF European League,Europe,2022,European League - Final,Skanderborg Aarhus,Kristianstad,2066,1041,35.0,33.0,18.0,17.0,FT,True,home
137636,2022-10-04,2022-10-04 16:45:00,145,EHF European League,Europe,2022,European League - Final,Ferencvaros,Steaua Bucuresti,412,833,35.0,31.0,15.0,17.0,FT,True,home
137637,2022-10-04,2022-10-04 16:45:00,145,EHF European League,Europe,2022,European League - Final,Kolstad,CD Bidasoa Irun,639,964,33.0,31.0,12.0,13.0,AP,True,home
137638,2022-10-04,2022-10-04 16:45:00,145,EHF European League,Europe,2022,European League - Final,Flensburg-H.,MMTS Kwidzyn,314,688,37.0,24.0,17.0,11.0,FT,True,home
137639,2022-10-04,2022-10-04 16:45:00,145,EHF European League,Europe,2022,European League - Final,Butel Skopje,Alpla Hard,292,13,21.0,25.0,5.0,12.0,FT,True,away
137640,2022-10-04,2022-10-04 16:45:00,145,EHF European League,Europe,2022,European League - Final,Bjerringbro/Silkeborg,Sporting,176,791,33.0,30.0,14.0,17.0,FT,True,home
137642,2022-10-04,2022-10-04 16:45:00,145,EHF European League,Europe,2022,European League - Final,Zurich,Benidorm,1070,963,34.0,30.0,15.0,16.0,FT,True,home
137634,2022-10-04,2022-10-04 18:45:00,145,EHF European League,Europe,2022,European League - Final,Montpellier,Savehof,248,1046,30.0,26.0,16.0,8.0,FT,True,home
137635,2022-10-04,2022-10-04 18:45:00,145,EHF European League,Europe,2022,European League - Final,Nexe,Azoty-Pulawy,81,684,35.0,27.0,16.0,13.0,FT,True,home
137641,2022-10-04,2022-10-04 18:45:00,145,EHF European League,Europe,2022,European League - Final,Aguas Santas,Belenenses,777,781,34.0,22.0,18.0,9.0,FT,True,home
138286,2022-10-25,2022-10-25 15:00:00,145,EHF European League,Europe,2022,1,Balatonfuredi,Granollers,407,966,25.0,30.0,12.0,15.0,FT,True,away
138274,2022-10-25,2022-10-25 16:45:00,145,EHF European League,Europe,2022,2,Motor Zaporozhye,Fuchse Berlin,1151,315,27.0,38.0,10.0,19.0,FT,True,away
138275,2022-10-25,2022-10-25 16:45:00,145,EHF European League,Europe,2022,1,Ystads IF,Aix,1048,250,29.0,33.0,14.0,17.0,FT,True,away
138278,2022-10-25,2022-10-25 16:45:00,145,EHF European League,Europe,2022,1,Skjern,Nexe,185,81,29.0,30.0,14.0,14.0,FT,True,away
138282,2022-10-25,2022-10-25 16:45:00,145,EHF European League,Europe,2022,1,Goppingen,Veszpremi KKFT,316,420,46.0,30.0,23.0,18.0,FT,True,home
138276,2022-10-25,2022-10-25 18:45:00,145,EHF European League,Europe,2022,1,Valur,Ferencvaros,477,412,43.0,39.0,22.0,15.0,FT,True,home
138277,2022-10-25,2022-10-25 18:45:00,145,EHF European League,Europe,2022,1,Sporting,Alpla Hard,791,13,31.0,30.0,18.0,18.0,FT,True,home
138280,2022-10-25,2022-10-25 18:45:00,145,EHF European League,Europe,2022,1,Presov,Benfica,908,782,25.0,29.0,9.0,15.0,FT,True,away
138281,2022-10-25,2022-10-25 18:45:00,145,EHF European League,Europe,2022,1,Kadetten Schaffhausen,Montpellier,4178,248,28.0,30.0,16.0,18.0,FT,True,away
138283,2022-10-25,2022-10-25 18:45:00,145,EHF European League,Europe,2022,1,Flensburg-H.,Benidorm,314,963,35.0,30.0,16.0,19.0,FT,True,home
138284,2022-10-25,2022-10-25 18:45:00,145,EHF European League,Europe,2022,1,Eurofarm Pelister,Skanderborg Aarhus,1157,2066,27.0,30.0,12.0,16.0,FT,True,away
138285,2022-10-25,2022-10-25 18:45:00,145,EHF European League,Europe,2022,2,CD Bidasoa Irun,Aguas Santas,964,777,35.0,26.0,16.0,13.0,FT,True,home
138289,2022-11-01,2022-11-01 16:00:00,145,EHF European League,Europe,2022,2,Veszpremi KKFT,Kadetten Schaffhausen,420,4178,25.0,33.0,11.0,16.0,FT,True,away
138288,2022-11-01,2022-11-01 17:45:00,145,EHF European League,Europe,2022,2,Granollers,Sporting,966,791,32.0,29.0,17.0,12.0,FT,True,home
138291,2022-11-01,2022-11-01 17:45:00,145,EHF European League,Europe,2022,3,Motor Zaporozhye,Skanderborg Aarhus,1151,2066,31.0,37.0,16.0,21.0,FT,True,away
138294,2022-11-01,2022-11-01 17:45:00,145,EHF European League,Europe,2022,2,Flensburg-H.,Aix,314,250,30.0,25.0,15.0,12.0,FT,True,home
138295,2022-11-01,2022-11-01 17:45:00,145,EHF European League,Europe,2022,2,Ferencvaros,Ystads IF,412,1048,37.0,34.0,19.0,18.0,FT,True,home
138297,2022-11-01,2022-11-01 17:45:00,145,EHF European League,Europe,2022,2,Benfica,Goppingen,782,316,27.0,31.0,11.0,16.0,FT,True,away
138290,2022-11-01,2022-11-01 19:45:00,145,EHF European League,Europe,2022,2,Nexe,Balatonfuredi,81,407,37.0,23.0,18.0,10.0,FT,True,home
138292,2022-11-01,2022-11-01 19:45:00,145,EHF European League,Europe,2022,2,Montpellier,Presov,248,908,41.0,30.0,20.0,14.0,FT,True,home
138293,2022-11-01,2022-11-01 19:45:00,145,EHF European League,Europe,2022,2,Fuchse Berlin,CD Bidasoa Irun,315,964,34.0,29.0,18.0,15.0,FT,True,home
138296,2022-11-01,2022-11-01 19:45:00,145,EHF European League,Europe,2022,2,Benidorm,Valur,963,477,29.0,32.0,12.0,12.0,FT,True,away
138298,2022-11-01,2022-11-01 19:45:00,145,EHF European League,Europe,2022,2,Alpla Hard,Skjern,13,185,27.0,32.0,15.0,15.0,FT,True,away
138299,2022-11-01,2022-11-01 19:45:00,145,EHF European League,Europe,2022,3,Aguas Santas,Eurofarm Pelister,777,1157,27.0,29.0,12.0,15.0,FT,True,away
138309,2022-11-22,2022-11-22 16:00:00,145,EHF European League,Europe,2022,3,Balatonfuredi,Skjern,407,185,28.0,31.0,15.0,16.0,FT,True,away
138300,2022-11-22,2022-11-22 17:45:00,145,EHF European League,Europe,2022,3,Granollers,Alpla Hard,966,13,38.0,28.0,18.0,14.0,FT,True,home
138307,2022-11-22,2022-11-22 17:45:00,145,EHF European League,Europe,2022,4,Eurofarm Pelister,Fuchse Berlin,1157,315,34.0,43.0,14.0,22.0,FT,True,away
138310,2022-11-22,2022-11-22 17:45:00,145,EHF European League,Europe,2022,3,Aix,Ferencvaros,250,412,33.0,30.0,14.0,17.0,FT,True,home
138287,2022-11-22,2022-11-22 19:45:00,145,EHF European League,Europe,2022,1,Aguas Santas,Skanderborg Aarhus,777,2066,25.0,34.0,11.0,17.0,FT,True,away
138301,2022-11-22,2022-11-22 19:45:00,145,EHF European League,Europe,2022,3,Benidorm,Ystads IF,963,1048,27.0,29.0,9.0,13.0,FT,True,away
138302,2022-11-22,2022-11-22 19:45:00,145,EHF European League,Europe,2022,3,Valur,Flensburg-H.,477,314,32.0,37.0,16.0,18.0,FT,True,away
138303,2022-11-22,2022-11-22 19:45:00,145,EHF European League,Europe,2022,3,Presov,Kadetten Schaffhausen,908,4178,31.0,37.0,14.0,18.0,FT,True,away
138304,2022-11-22,2022-11-22 19:45:00,145,EHF European League,Europe,2022,3,Nexe,Sporting,81,791,32.0,31.0,22.0,16.0,FT,True,home
138305,2022-11-22,2022-11-22 19:45:00,145,EHF European League,Europe,2022,3,CD Bidasoa Irun,Motor Zaporozhye,964,1151,26.0,22.0,9.0,12.0,FT,True,home
138306,2022-11-22,2022-11-22 19:45:00,145,EHF European League,Europe,2022,3,Montpellier,Goppingen,248,316,35.0,27.0,20.0,13.0,FT,True,home
138308,2022-11-22,2022-11-22 19:45:00,145,EHF European League,Europe,2022,3,Benfica,Veszpremi KKFT,782,420,39.0,35.0,21.0,17.0,FT,True,home
138320,2022-11-29,2022-11-29 16:00:00,145,EHF European League,Europe,2022,4,Ferencvaros,Benidorm,412,963,32.0,33.0,16.0,14.0,FT,True,away
138312,2022-11-29,2022-11-29 17:45:00,145,EHF European League,Europe,2022,5,Skanderborg Aarhus,CD Bidasoa Irun,2066,964,38.0,27.0,21.0,13.0,FT,True,home
138313,2022-11-29,2022-11-29 17:45:00,145,EHF European League,Europe,2022,4,Veszpremi KKFT,Montpellier,420,248,31.0,39.0,16.0,25.0,FT,True,away
138314,2022-11-29,2022-11-29 17:45:00,145,EHF European League,Europe,2022,4,Ystads IF,Flensburg-H.,1048,314,30.0,26.0,17.0,14.0,FT,True,home
138317,2022-11-29,2022-11-29 17:45:00,145,EHF European League,Europe,2022,4,Motor Zaporozhye,Eurofarm Pelister,1151,1157,30.0,33.0,16.0,18.0,FT,True,away
138318,2022-11-29,2022-11-29 17:45:00,145,EHF European League,Europe,2022,4,Goppingen,Presov,316,908,34.0,24.0,19.0,8.0,FT,True,home
138322,2022-11-29,2022-11-29 17:45:00,145,EHF European League,Europe,2022,4,Kadetten Schaffhausen,Benfica,4178,782,26.0,25.0,13.0,12.0,FT,True,home
138311,2022-11-29,2022-11-29 19:45:00,145,EHF European League,Europe,2022,4,Sporting,Balatonfuredi,791,407,35.0,32.0,17.0,17.0,FT,True,home
138315,2022-11-29,2022-11-29 19:45:00,145,EHF European League,Europe,2022,4,Skjern,Granollers,185,966,32.0,29.0,15.0,16.0,FT,True,home
138316,2022-11-29,2022-11-29 19:45:00,145,EHF European League,Europe,2022,4,Alpla Hard,Nexe,13,81,24.0,35.0,11.0,18.0,FT,True,away
138319,2022-11-29,2022-11-29 19:45:00,145,EHF European League,Europe,2022,4,Fuchse Berlin,Aguas Santas,315,777,34.0,20.0,17.0,9.0,FT,True,home
138321,2022-11-29,2022-11-29 19:45:00,145,EHF European League,Europe,2022,4,Aix,Valur,250,477,32.0,29.0,14.0,15.0,FT,True,home
138328,2022-12-06,2022-12-06 16:00:00,145,EHF European League,Europe,2022,5,Veszpremi KKFT,Presov,420,908,30.0,28.0,13.0,16.0,FT,True,home
138323,2022-12-06,2022-12-06 17:45:00,145,EHF European League,Europe,2022,5,Ferencvaros,Valur,412,477,33.0,33.0,14.0,18.0,FT,True,draw
138325,2022-12-06,2022-12-06 17:45:00,145,EHF European League,Europe,2022,5,Nexe,Granollers,81,966,39.0,36.0,19.0,16.0,FT,True,home
138327,2022-12-06,2022-12-06 17:45:00,145,EHF European League,Europe,2022,6,Fuchse Berlin,Skanderborg Aarhus,315,2066,30.0,24.0,15.0,13.0,FT,True,home
138333,2022-12-06,2022-12-06 17:45:00,145,EHF European League,Europe,2022,5,Aix,Ystads IF,250,1048,34.0,36.0,18.0,15.0,FT,True,away
138324,2022-12-06,2022-12-06 19:45:00,145,EHF European League,Europe,2022,5,Skjern,Sporting,185,791,28.0,30.0,15.0,12.0,FT,True,away
138326,2022-12-06,2022-12-06 19:45:00,145,EHF European League,Europe,2022,5,Goppingen,Kadetten Schaffhausen,316,4178,24.0,25.0,14.0,10.0,FT,True,away
138329,2022-12-06,2022-12-06 19:45:00,145,EHF European League,Europe,2022,5,CD Bidasoa Irun,Eurofarm Pelister,964,1157,32.0,20.0,20.0,12.0,FT,True,home
138330,2022-12-06,2022-12-06 19:45:00,145,EHF European League,Europe,2022,5,Benidorm,Flensburg-H.,963,314,32.0,38.0,17.0,21.0,FT,True,away
138331,2022-12-06,2022-12-06 19:45:00,145,EHF European League,Europe,2022,5,Benfica,Montpellier,782,248,24.0,26.0,12.0,12.0,FT,True,away
138332,2022-12-06,2022-12-06 19:45:00,145,EHF European League,Europe,2022,5,Alpla Hard,Balatonfuredi,13,407,30.0,30.0,14.0,15.0,FT,True,draw
138334,2022-12-06,2022-12-06 19:45:00,145,EHF European League,Europe,2022,5,Aguas Santas,Motor Zaporozhye,777,1151,26.0,26.0,14.0,15.0,FT,True,draw
138346,2022-12-13,2022-12-13 16:00:00,145,EHF European League,Europe,2022,6,Balatonfuredi,Alpla Hard,407,13,27.0,26.0,13.0,15.0,FT,True,home
138337,2022-12-13,2022-12-13 17:45:00,145,EHF European League,Europe,2022,6,Skanderborg Aarhus,Fuchse Berlin,2066,315,28.0,29.0,16.0,15.0,FT,True,away
138338,2022-12-13,2022-12-13 17:45:00,145,EHF European League,Europe,2022,6,Presov,Veszpremi KKFT,908,420,22.0,20.0,12.0,11.0,FT,True,home
138339,2022-12-13,2022-12-13 17:45:00,145,EHF European League,Europe,2022,7,Motor Zaporozhye,Aguas Santas,1151,777,30.0,24.0,13.0,8.0,FT,True,home
138340,2022-12-13,2022-12-13 17:45:00,145,EHF European League,Europe,2022,6,Kadetten Schaffhausen,Goppingen,4178,316,30.0,35.0,17.0,17.0,FT,True,away
138345,2022-12-13,2022-12-13 17:45:00,145,EHF European League,Europe,2022,6,Benidorm,Aix,963,250,33.0,32.0,17.0,18.0,FT,True,home
138335,2022-12-13,2022-12-13 19:45:00,145,EHF European League,Europe,2022,6,Valur,Ystads IF,477,1048,29.0,32.0,15.0,16.0,FT,True,away
138336,2022-12-13,2022-12-13 19:45:00,145,EHF European League,Europe,2022,6,Sporting,Skjern,791,185,28.0,24.0,13.0,13.0,FT,True,home
138341,2022-12-13,2022-12-13 19:45:00,145,EHF European League,Europe,2022,6,Montpellier,Benfica,248,782,33.0,27.0,16.0,12.0,FT,True,home
138342,2022-12-13,2022-12-13 19:45:00,145,EHF European League,Europe,2022,6,Granollers,Nexe,966,81,25.0,22.0,14.0,11.0,FT,True,home
138343,2022-12-13,2022-12-13 19:45:00,145,EHF European League,Europe,2022,6,Flensburg-H.,Ferencvaros,314,412,42.0,30.0,23.0,15.0,FT,True,home
138344,2022-12-13,2022-12-13 19:45:00,145,EHF European League,Europe,2022,6,Eurofarm Pelister,CD Bidasoa Irun,1157,964,29.0,29.0,17.0,16.0,FT,True,draw
138347,2023-02-07,2023-02-07 16:00:00,145,EHF European League,Europe,2022,7,Veszpremi KKFT,Goppingen,420,316,23.0,40.0,11.0,20.0,FT,True,away
138348,2023-02-07,2023-02-07 17:45:00,145,EHF European League,Europe,2022,7,Skanderborg Aarhus,Eurofarm Pelister,2066,1157,24.0,22.0,11.0,11.0,FT,True,home
138350,2023-02-07,2023-02-07 17:45:00,145,EHF European League,Europe,2022,7,Fuchse Berlin,Motor Zaporozhye,315,1151,32.0,24.0,18.0,10.0,FT,True,home
138354,2023-02-07,2023-02-07 17:45:00,145,EHF European League,Europe,2022,7,Ystads IF,Benidorm,1048,963,36.0,30.0,21.0,18.0,FT,True,home
138355,2023-02-07,2023-02-07 17:45:00,145,EHF European League,Europe,2022,7,Benfica,Presov,782,908,35.0,28.0,21.0,11.0,FT,True,home
138358,2023-02-07,2023-02-07 17:45:00,145,EHF European League,Europe,2022,7,Ferencvaros,Aix,412,250,28.0,25.0,15.0,12.0,FT,True,home
138349,2023-02-07,2023-02-07 19:45:00,145,EHF European League,Europe,2022,7,Nexe,Skjern,81,185,29.0,28.0,12.0,14.0,FT,True,home
138351,2023-02-07,2023-02-07 19:45:00,145,EHF European League,Europe,2022,7,Granollers,Balatonfuredi,966,407,33.0,30.0,17.0,14.0,FT,True,home
138352,2023-02-07,2023-02-07 19:45:00,145,EHF European League,Europe,2022,7,Montpellier,Kadetten Schaffhausen,248,4178,40.0,36.0,22.0,18.0,FT,True,home
138353,2023-02-07,2023-02-07 19:45:00,145,EHF European League,Europe,2022,7,Flensburg-H.,Valur,314,477,33.0,30.0,16.0,14.0,FT,True,home
138356,2023-02-07,2023-02-07 19:45:00,145,EHF European League,Europe,2022,7,Alpla Hard,Sporting,13,791,26.0,31.0,12.0,17.0,FT,True,away
138357,2023-02-07,2023-02-07 19:45:00,145,EHF European League,Europe,2022,8,Aguas Santas,CD Bidasoa Irun,777,964,28.0,25.0,14.0,14.0,FT,True,home
138369,2023-02-14,2023-02-14 16:00:00,145,EHF European League,Europe,2022,8,Balatonfuredi,Nexe,407,81,28.0,31.0,14.0,16.0,FT,True,away
138359,2023-02-14,2023-02-14 17:45:00,145,EHF European League,Europe,2022,8,Skanderborg Aarhus,Motor Zaporozhye,2066,1151,33.0,30.0,15.0,15.0,FT,True,home
138360,2023-02-14,2023-02-14 17:45:00,145,EHF European League,Europe,2022,8,Ystads IF,Ferencvaros,1048,412,35.0,35.0,19.0,18.0,FT,True,draw
138365,2023-02-14,2023-02-14 17:45:00,145,EHF European League,Europe,2022,8,Presov,Montpellier,908,248,35.0,27.0,19.0,10.0,FT,True,home
138366,2023-02-14,2023-02-14 17:45:00,145,EHF European League,Europe,2022,8,Goppingen,Benfica,316,782,31.0,29.0,15.0,18.0,FT,True,home
138361,2023-02-14,2023-02-14 19:45:00,145,EHF European League,Europe,2022,8,Valur,Benidorm,477,963,35.0,29.0,17.0,15.0,FT,True,home
138362,2023-02-14,2023-02-14 19:45:00,145,EHF European League,Europe,2022,8,Sporting,Granollers,791,966,38.0,31.0,15.0,14.0,FT,True,home
138363,2023-02-14,2023-02-14 19:45:00,145,EHF European League,Europe,2022,8,Skjern,Alpla Hard,185,13,27.0,23.0,13.0,10.0,FT,True,home
138364,2023-02-14,2023-02-14 19:45:00,145,EHF European League,Europe,2022,8,Kadetten Schaffhausen,Veszpremi KKFT,4178,420,38.0,32.0,22.0,17.0,FT,True,home
138367,2023-02-14,2023-02-14 19:45:00,145,EHF European League,Europe,2022,9,Eurofarm Pelister,Aguas Santas,1157,777,27.0,27.0,14.0,13.0,FT,True,draw
138368,2023-02-14,2023-02-14 19:45:00,145,EHF European League,Europe,2022,8,CD Bidasoa Irun,Fuchse Berlin,964,315,32.0,40.0,17.0,23.0,FT,True,away
138370,2023-02-14,2023-02-14 19:45:00,145,EHF European League,Europe,2022,8,Aix,Flensburg-H.,250,314,21.0,29.0,9.0,14.0,FT,True,away
138373,2023-02-21,2023-02-21 17:45:00,145,EHF European League,Europe,2022,9,Presov,Goppingen,908,316,26.0,28.0,10.0,13.0,FT,True,away
138375,2023-02-21,2023-02-21 17:45:00,145,EHF European League,Europe,2022,9,Motor Zaporozhye,CD Bidasoa Irun,1151,964,33.0,31.0,16.0,16.0,FT,True,home
138377,2023-02-21,2023-02-21 17:45:00,145,EHF European League,Europe,2022,9,Granollers,Skjern,966,185,34.0,31.0,15.0,15.0,FT,True,home
138378,2023-02-21,2023-02-21 17:45:00,145,EHF European League,Europe,2022,9,Flensburg-H.,Ystads IF,314,1048,30.0,23.0,12.0,13.0,FT,True,home
138379,2023-02-21,2023-02-21 17:45:00,145,EHF European League,Europe,2022,9,Benfica,Kadetten Schaffhausen,782,4178,27.0,28.0,13.0,13.0,FT,True,away
138380,2023-02-21,2023-02-21 17:45:00,145,EHF European League,Europe,2022,9,Balatonfuredi,Sporting,407,791,25.0,31.0,13.0,16.0,FT,True,away
138279,2023-02-21,2023-02-21 19:45:00,145,EHF European League,Europe,2022,1,Skanderborg Aarhus,Aguas Santas,2066,777,33.0,26.0,16.0,11.0,FT,True,home
138371,2023-02-21,2023-02-21 19:45:00,145,EHF European League,Europe,2022,9,Montpellier,Veszpremi KKFT,248,420,34.0,30.0,19.0,16.0,FT,True,home
138372,2023-02-21,2023-02-21 19:45:00,145,EHF European League,Europe,2022,9,Valur,Aix,477,250,40.0,31.0,19.0,16.0,FT,True,home
138374,2023-02-21,2023-02-21 19:45:00,145,EHF European League,Europe,2022,9,Nexe,Alpla Hard,81,13,22.0,29.0,12.0,14.0,FT,True,away
138376,2023-02-21,2023-02-21 19:45:00,145,EHF European League,Europe,2022,9,Benidorm,Ferencvaros,963,412,23.0,27.0,9.0,14.0,FT,True,away
138381,2023-02-21,2023-02-21 19:45:00,145,EHF European League,Europe,2022,9,Fuchse Berlin,Eurofarm Pelister,315,1157,34.0,25.0,18.0,12.0,FT,True,home
138383,2023-02-28,2023-02-28 16:00:00,145,EHF European League,Europe,2022,10,Veszpremi KKFT,Benfica,420,782,26.0,35.0,14.0,17.0,FT,True,away
138382,2023-02-28,2023-02-28 17:45:00,145,EHF European League,Europe,2022,10,Goppingen,Montpellier,316,248,27.0,25.0,14.0,11.0,FT,True,home
138385,2023-02-28,2023-02-28 17:45:00,145,EHF European League,Europe,2022,10,Skjern,Balatonfuredi,185,407,32.0,26.0,18.0,14.0,FT,True,home
138386,2023-02-28,2023-02-28 17:45:00,145,EHF European League,Europe,2022,10,Kadetten Schaffhausen,Presov,4178,908,38.0,30.0,20.0,15.0,FT,True,home
138393,2023-02-28,2023-02-28 17:45:00,145,EHF European League,Europe,2022,10,Ystads IF,Valur,1048,477,33.0,35.0,13.0,21.0,FT,True,away
138384,2023-02-28,2023-02-28 19:45:00,145,EHF European League,Europe,2022,10,Sporting,Nexe,791,81,28.0,34.0,14.0,14.0,FT,True,away
138387,2023-02-28,2023-02-28 19:45:00,145,EHF European League,Europe,2022,10,CD Bidasoa Irun,Skanderborg Aarhus,964,2066,29.0,26.0,16.0,12.0,FT,True,home
138388,2023-02-28,2023-02-28 19:45:00,145,EHF European League,Europe,2022,10,Ferencvaros,Flensburg-H.,412,314,27.0,27.0,15.0,13.0,FT,True,draw
138389,2023-02-28,2023-02-28 19:45:00,145,EHF European League,Europe,2022,10,Eurofarm Pelister,Motor Zaporozhye,1157,1151,25.0,27.0,13.0,15.0,FT,True,away
138390,2023-02-28,2023-02-28 19:45:00,145,EHF European League,Europe,2022,10,Alpla Hard,Granollers,13,966,27.0,27.0,13.0,13.0,FT,True,draw
138391,2023-02-28,2023-02-28 19:45:00,145,EHF European League,Europe,2022,10,Aix,Benidorm,250,963,39.0,29.0,17.0,14.0,FT,True,home
138392,2023-02-28,2023-02-28 19:45:00,145,EHF European League,Europe,2022,10,Aguas Santas,Fuchse Berlin,777,315,23.0,29.0,10.0,17.0,FT,True,away
140568,2023-03-21,2023-03-21 17:45:00,145,EHF European League,Europe,2022,,Motor Zaporozhye,Nexe,1151,81,23.0,27.0,8.0,13.0,FT,True,away
140569,2023-03-21,2023-03-21 17:45:00,145,EHF European League,Europe,2022,,Skjern,Fuchse Berlin,185,315,23.0,28.0,11.0,14.0,FT,True,away
140566,2023-03-21,2023-03-21 19:45:00,145,EHF European League,Europe,2022,,Kadetten Schaffhausen,Ystads IF,4178,1048,38.0,32.0,21.0,17.0,FT,True,home
140567,2023-03-21,2023-03-21 19:45:00,145,EHF European League,Europe,2022,,Valur,Goppingen,477,316,29.0,36.0,13.0,17.0,FT,True,away
140570,2023-03-21,2023-03-21 19:45:00,145,EHF European League,Europe,2022,,Granollers,Skanderborg Aarhus,966,2066,32.0,34.0,12.0,20.0,FT,True,away
140571,2023-03-21,2023-03-21 19:45:00,145,EHF European League,Europe,2022,,Ferencvaros,Montpellier,412,248,30.0,36.0,17.0,16.0,FT,True,away
140572,2023-03-21,2023-03-21 19:45:00,145,EHF European League,Europe,2022,,CD Bidasoa Irun,Sporting,964,791,30.0,27.0,11.0,12.0,FT,True,home
140573,2023-03-21,2023-03-21 19:45:00,145,EHF European League,Europe,2022,,Benfica,Flensburg-H.,782,314,26.0,39.0,10.0,21.0,FT,True,away
140574,2023-03-28,2023-03-28 16:45:00,145,EHF European League,Europe,2022,,Flensburg-H.,Benfica,314,782,33.0,28.0,19.0,16.0,FT,True,home
140578,2023-03-28,2023-03-28 16:45:00,145,EHF European League,Europe,2022,,Nexe,Motor Zaporozhye,81,1151,27.0,29.0,9.0,16.0,FT,True,away
140579,2023-03-28,2023-03-28 16:45:00,145,EHF European League,Europe,2022,,Skanderborg Aarhus,Granollers,2066,966,25.0,30.0,13.0,16.0,FT,True,away
140581,2023-03-28,2023-03-28 16:45:00,145,EHF European League,Europe,2022,,Ystads IF,Kadetten Schaffhausen,1048,4178,25.0,27.0,9.0,14.0,FT,True,away
140575,2023-03-28,2023-03-28 18:45:00,145,EHF European League,Europe,2022,,Fuchse Berlin,Skjern,315,185,38.0,32.0,21.0,18.0,FT,True,home
140576,2023-03-28,2023-03-28 18:45:00,145,EHF European League,Europe,2022,,Goppingen,Valur,316,477,33.0,31.0,18.0,15.0,FT,True,home
140577,2023-03-28,2023-03-28 18:45:00,145,EHF European League,Europe,2022,,Montpellier,Ferencvaros,248,412,43.0,29.0,23.0,11.0,FT,True,home
140580,2023-03-28,2023-03-28 18:45:00,145,EHF European League,Europe,2022,,Sporting,CD Bidasoa Irun,791,964,34.0,28.0,15.0,12.0,FT,True,home
141122,2023-04-11,2023-04-11 16:45:00,145,EHF European League,Europe,2022,European League - Quarter-finals,Granollers,Flensburg-H.,966,314,30.0,31.0,14.0,17.0,FT,True,away
141123,2023-04-11,2023-04-11 16:45:00,145,EHF European League,Europe,2022,European League - Quarter-finals,Kadetten Schaffhausen,Fuchse Berlin,4178,315,37.0,33.0,19.0,18.0,FT,True,home
141121,2023-04-11,2023-04-11 18:45:00,145,EHF European League,Europe,2022,European League - Quarter-finals,Goppingen,Nexe,316,81,32.0,23.0,15.0,9.0,FT,True,home
141124,2023-04-11,2023-04-11 18:45:00,145,EHF European League,Europe,2022,European League - Quarter-finals,Sporting,Montpellier,791,248,32.0,32.0,18.0,17.0,FT,True,draw
141126,2023-04-18,2023-04-18 16:45:00,145,EHF European League,Europe,2022,European League - Quarter-finals,Fuchse Berlin,Kadetten Schaffhausen,315,4178,30.0,24.0,17.0,15.0,FT,True,home
141128,2023-04-18,2023-04-18 16:45:00,145,EHF European League,Europe,2022,European League - Quarter-finals,Nexe,Goppingen,81,316,27.0,31.0,12.0,13.0,FT,True,away
141125,2023-04-18,2023-04-18 18:45:00,145,EHF European League,Europe,2022,European League - Quarter-finals,Flensburg-H.,Granollers,314,966,27.0,35.0,12.0,16.0,FT,True,away
141127,2023-04-18,2023-04-18 18:45:00,145,EHF European League,Europe,2022,European League - Quarter-finals,Montpellier,Sporting,248,791,31.0,30.0,16.0,14.0,FT,True,home
141619,2023-05-27,2023-05-27 13:30:00,145,EHF European League,Europe,2022,European League - Semi-finals,Montpellier,Fuchse Berlin,248,315,29.0,35.0,16.0,16.0,FT,True,away
141618,2023-05-27,2023-05-27 16:00:00,145,EHF European League,Europe,2022,European League - Semi-finals,Granollers,Goppingen,966,316,31.0,29.0,16.0,18.0,FT,True,home
142290,2023-05-28,2023-05-28 13:30:00,145,EHF European League,Europe,2022,European League - 3rd place,Montpellier,Goppingen,248,316,29.0,33.0,17.0,16.0,FT,True,away
142291,2023-05-28,2023-05-28 16:00:00,145,EHF European League,Europe,2022,European League - Final,Fuchse Berlin,Granollers,315,966,36.0,31.0,16.0,12.0,FT,True,home
164728,2024-08-31,2024-08-31 12:00:00,145,EHF European League,Europe,2024,European League - Final,Bjerringbro/Silkeborg,Ferencvaros,176,412,45.0,27.0,22.0,14.0,FT,True,home
164721,2024-08-31,2024-08-31 13:00:00,145,EHF European League,Europe,2024,European League - Final,Kristianstad,Granollers,1041,966,29.0,32.0,13.0,15.0,FT,True,away
164722,2024-08-31,2024-08-31 14:00:00,145,EHF European League,Europe,2024,European League - Final,Ystads IF,Maritimo,1048,4406,39.0,31.0,16.0,15.0,FT,True,home
164723,2024-08-31,2024-08-31 14:00:00,145,EHF European League,Europe,2024,European League - Final,Mors,Gummersbach,173,339,22.0,35.0,10.0,17.0,FT,True,away
164719,2024-08-31,2024-08-31 16:00:00,145,EHF European League,Europe,2024,European League - Final,ABC Braga,Ademar,779,957,23.0,21.0,14.0,10.0,FT,True,home
164727,2024-08-31,2024-08-31 16:00:00,145,EHF European League,Europe,2024,European League - Final,HC Kriens,Zurich,1063,1070,37.0,31.0,19.0,18.0,FT,True,home
164724,2024-08-31,2024-08-31 16:30:00,145,EHF European League,Europe,2024,European League - Final,MT Melsungen,Elverum,324,636,28.0,23.0,13.0,12.0,FT,True,home
164725,2024-08-31,2024-08-31 17:30:00,145,EHF European League,Europe,2024,European League - Final,Trimo Trebnje,Limoges,942,256,32.0,28.0,16.0,10.0,FT,True,home
164726,2024-08-31,2024-08-31 17:30:00,145,EHF European League,Europe,2024,European League - Final,Valur,Vinkovci,477,89,34.0,25.0,13.0,16.0,FT,True,home
164720,2024-09-01,2024-09-01 15:00:00,145,EHF European League,Europe,2024,European League - Final,Karvina,Izvidac,110,54,33.0,22.0,18.0,12.0,FT,True,home
164738,2024-09-06,2024-09-06 18:00:00,145,EHF European League,Europe,2024,European League - Final,Maritimo,Ystads IF,4406,1048,35.0,33.0,15.0,16.0,FT,True,home
164735,2024-09-07,2024-09-07 15:00:00,145,EHF European League,Europe,2024,European League - Final,Granollers,Kristianstad,966,1041,30.0,28.0,15.0,15.0,FT,True,home
164737,2024-09-07,2024-09-07 15:00:00,145,EHF European League,Europe,2024,European League - Final,Elverum,MT Melsungen,636,324,31.0,36.0,16.0,17.0,FT,True,away
164729,2024-09-07,2024-09-07 16:00:00,145,EHF European League,Europe,2024,European League - Final,Zurich,HC Kriens,1070,1063,38.0,34.0,16.0,18.0,FT,True,home
164730,2024-09-07,2024-09-07 17:00:00,145,EHF European League,Europe,2024,European League - Final,Vinkovci,Valur,89,477,32.0,24.0,19.0,10.0,FT,True,home
164731,2024-09-07,2024-09-07 17:00:00,145,EHF European League,Europe,2024,European League - Final,Limoges,Trimo Trebnje,256,942,35.0,24.0,17.0,11.0,FT,True,home
164732,2024-09-07,2024-09-07 17:00:00,145,EHF European League,Europe,2024,European League - Final,Izvidac,Karvina,54,110,32.0,26.0,19.0,13.0,FT,True,home
164734,2024-09-08,2024-09-08 14:30:00,145,EHF European League,Europe,2024,European League - Final,Gummersbach,Mors,339,173,39.0,30.0,20.0,16.0,FT,True,home
164736,2024-09-08,2024-09-08 16:00:00,145,EHF European League,Europe,2024,European League - Final,Ferencvaros,Bjerringbro/Silkeborg,412,176,34.0,32.0,16.0,18.0,FT,True,home
164733,2024-09-08,2024-09-08 18:00:00,145,EHF European League,Europe,2024,European League - Final,Ademar,ABC Braga,957,779,31.0,27.0,15.0,12.0,FT,True,home
171927,2024-10-08,2024-10-08 16:45:00,145,EHF European League,Europe,2024,1,Flensburg-H.,Sesvete,314,85,42.0,25.0,21.0,17.0,FT,True,home
171928,2024-10-08,2024-10-08 16:45:00,145,EHF European League,Europe,2024,1,Gorenje,GOG,931,178,35.0,35.0,17.0,17.0,FT,True,draw
171929,2024-10-08,2024-10-08 16:45:00,145,EHF European League,Europe,2024,1,Kadetten Schaffhausen,Benfica,4178,782,25.0,26.0,12.0,15.0,FT,True,away
171932,2024-10-08,2024-10-08 16:45:00,145,EHF European League,Europe,2024,1,Toulouse,FH Hafnarfjordur,260,468,37.0,30.0,18.0,16.0,FT,True,home
173542,2024-10-08,2024-10-08 16:45:00,145,EHF European League,Europe,2024,1,HC Kriens,Ademar,1063,957,34.0,30.0,17.0,16.0,FT,True,home
173543,2024-10-08,2024-10-08 16:45:00,145,EHF European League,Europe,2024,1,Tatabanya,Karvina,418,110,28.0,27.0,16.0,10.0,FT,True,home
173544,2024-10-08,2024-10-08 16:45:00,145,EHF European League,Europe,2024,1,Gummersbach,Savehof,339,1046,37.0,35.0,18.0,16.0,FT,True,home
173545,2024-10-08,2024-10-08 16:45:00,145,EHF European League,Europe,2024,1,CSM Constanta,Ystads IF,4118,1048,29.0,29.0,13.0,16.0,FT,True,draw
171926,2024-10-08,2024-10-08 18:45:00,145,EHF European League,Europe,2024,1,CD Bidasoa Irun,Chrobry Glogow,964,685,33.0,33.0,15.0,17.0,FT,True,draw
171930,2024-10-08,2024-10-08 18:45:00,145,EHF European League,Europe,2024,1,Kiel,Torrelavega,321,972,32.0,27.0,18.0,14.0,FT,True,home
171931,2024-10-08,2024-10-08 18:45:00,145,EHF European League,Europe,2024,1,Nexe,Vojvodina,81,899,35.0,36.0,19.0,19.0,FT,True,away
173546,2024-10-08,2024-10-08 18:45:00,145,EHF European League,Europe,2024,1,Limoges,Presov,256,908,31.0,24.0,15.0,12.0,FT,True,home
173547,2024-10-08,2024-10-08 18:45:00,145,EHF European League,Europe,2024,1,Montpellier,Bjerringbro/Silkeborg,248,176,40.0,26.0,23.0,13.0,FT,True,home
173548,2024-10-08,2024-10-08 18:45:00,145,EHF European League,Europe,2024,1,Porto,MT Melsungen,778,324,24.0,29.0,10.0,16.0,FT,True,away
173549,2024-10-08,2024-10-08 18:45:00,145,EHF European League,Europe,2024,1,Vardar 1961,Valur,1162,477,33.0,26.0,19.0,11.0,FT,True,home
173550,2024-10-08,2024-10-08 18:45:00,145,EHF European League,Europe,2024,1,Zabrze,Granollers,696,966,32.0,36.0,15.0,21.0,FT,True,away
171933,2024-10-15,2024-10-15 16:45:00,145,EHF European League,Europe,2024,2,Sesvete,Tatabanya,85,418,27.0,31.0,14.0,17.0,FT,True,away
171934,2024-10-15,2024-10-15 16:45:00,145,EHF European League,Europe,2024,2,Vojvodina,Kiel,899,321,28.0,32.0,15.0,18.0,FT,True,away
171936,2024-10-15,2024-10-15 16:45:00,145,EHF European League,Europe,2024,2,Savehof,Toulouse,1046,260,31.0,37.0,11.0,18.0,FT,True,away
171937,2024-10-15,2024-10-15 16:45:00,145,EHF European League,Europe,2024,2,Chrobry Glogow,CSM Constanta,685,4118,37.0,33.0,18.0,17.0,FT,True,home
171938,2024-10-15,2024-10-15 16:45:00,145,EHF European League,Europe,2024,2,Presov,Kadetten Schaffhausen,908,4178,30.0,39.0,15.0,23.0,FT,True,away
173551,2024-10-15,2024-10-15 16:45:00,145,EHF European League,Europe,2024,2,Ystads IF,CD Bidasoa Irun,1048,964,23.0,29.0,14.0,13.0,FT,True,away
173552,2024-10-15,2024-10-15 16:45:00,145,EHF European League,Europe,2024,2,MT Melsungen,Vardar 1961,324,1162,34.0,18.0,17.0,10.0,FT,True,home
173553,2024-10-15,2024-10-15 16:45:00,145,EHF European League,Europe,2024,2,Granollers,Montpellier,966,248,24.0,28.0,11.0,14.0,FT,True,away
173554,2024-10-15,2024-10-15 16:45:00,145,EHF European League,Europe,2024,2,GOG,HC Kriens,178,1063,39.0,36.0,19.0,14.0,FT,True,home
173555,2024-10-15,2024-10-15 18:15:00,145,EHF European League,Europe,2024,2,Valur,Porto,477,778,27.0,27.0,9.0,16.0,FT,True,draw
171935,2024-10-15,2024-10-15 18:45:00,145,EHF European League,Europe,2024,2,Torrelavega,Nexe,972,81,32.0,32.0,14.0,11.0,FT,True,draw
173556,2024-10-15,2024-10-15 18:45:00,145,EHF European League,Europe,2024,2,Ademar,Gorenje,957,931,32.0,24.0,14.0,10.0,FT,True,home
173557,2024-10-15,2024-10-15 18:45:00,145,EHF European League,Europe,2024,2,Benfica,Limoges,782,256,37.0,31.0,20.0,16.0,FT,True,home
173558,2024-10-15,2024-10-15 18:45:00,145,EHF European League,Europe,2024,2,Bjerringbro/Silkeborg,Zabrze,176,696,30.0,26.0,15.0,13.0,FT,True,home
173559,2024-10-15,2024-10-15 18:45:00,145,EHF European League,Europe,2024,2,Karvina,Flensburg-H.,110,314,31.0,41.0,11.0,24.0,FT,True,away
173560,2024-10-15,2024-10-15 20:30:00,145,EHF European League,Europe,2024,2,FH Hafnarfjordur,Gummersbach,468,339,21.0,40.0,12.0,19.0,FT,True,away
171939,2024-10-22,2024-10-22 16:45:00,145,EHF European League,Europe,2024,3,CSM Constanta,CD Bidasoa Irun,4118,964,35.0,30.0,17.0,15.0,FT,True,home
171941,2024-10-22,2024-10-22 16:45:00,145,EHF European League,Europe,2024,3,Flensburg-H.,Tatabanya,314,418,44.0,27.0,22.0,13.0,FT,True,home
173561,2024-10-22,2024-10-22 16:45:00,145,EHF European League,Europe,2024,3,Ystads IF,Chrobry Glogow,1048,685,36.0,30.0,18.0,15.0,FT,True,home
173562,2024-10-22,2024-10-22 16:45:00,145,EHF European League,Europe,2024,3,Granollers,Bjerringbro/Silkeborg,966,176,36.0,27.0,16.0,19.0,FT,True,home
173563,2024-10-22,2024-10-22 16:45:00,145,EHF European League,Europe,2024,3,Gummersbach,Toulouse,339,260,33.0,26.0,16.0,15.0,FT,True,home
173564,2024-10-22,2024-10-22 16:45:00,145,EHF European League,Europe,2024,3,Karvina,Sesvete,110,85,32.0,29.0,17.0,16.0,FT,True,home
173565,2024-10-22,2024-10-22 16:45:00,145,EHF European League,Europe,2024,3,Gorenje,HC Kriens,931,1063,27.0,33.0,14.0,19.0,FT,True,away
173566,2024-10-22,2024-10-22 16:45:00,145,EHF European League,Europe,2024,3,GOG,Ademar,178,957,36.0,23.0,20.0,11.0,FT,True,home
171940,2024-10-22,2024-10-22 18:45:00,145,EHF European League,Europe,2024,3,FH Hafnarfjordur,Savehof,468,1046,34.0,30.0,15.0,18.0,FT,True,home
171942,2024-10-22,2024-10-22 18:45:00,145,EHF European League,Europe,2024,3,Nexe,Kiel,81,321,26.0,35.0,14.0,17.0,FT,True,away
171943,2024-10-22,2024-10-22 18:45:00,145,EHF European League,Europe,2024,3,Presov,Benfica,908,782,16.0,24.0,6.0,9.0,FT,True,away
171944,2024-10-22,2024-10-22 18:45:00,145,EHF European League,Europe,2024,3,Vardar 1961,Porto,1162,778,22.0,26.0,12.0,10.0,FT,True,away
171945,2024-10-22,2024-10-22 18:45:00,145,EHF European League,Europe,2024,3,Vojvodina,Torrelavega,899,972,31.0,30.0,14.0,10.0,FT,True,home
171946,2024-10-22,2024-10-22 18:45:00,145,EHF European League,Europe,2024,3,Zabrze,Montpellier,696,248,23.0,27.0,8.0,12.0,FT,True,away
173567,2024-10-22,2024-10-22 18:45:00,145,EHF European League,Europe,2024,3,Limoges,Kadetten Schaffhausen,256,4178,27.0,31.0,16.0,13.0,FT,True,away
173568,2024-10-22,2024-10-22 18:45:00,145,EHF European League,Europe,2024,3,MT Melsungen,Valur,324,477,36.0,21.0,17.0,10.0,FT,True,home
171949,2024-10-29,2024-10-29 17:45:00,145,EHF European League,Europe,2024,4,Tatabanya,Flensburg-H.,418,314,29.0,39.0,15.0,21.0,FT,True,away
171950,2024-10-29,2024-10-29 17:45:00,145,EHF European League,Europe,2024,4,Savehof,FH Hafnarfjordur,1046,468,30.0,26.0,16.0,13.0,FT,True,home
171954,2024-10-29,2024-10-29 17:45:00,145,EHF European League,Europe,2024,4,Benfica,Presov,782,908,36.0,23.0,22.0,12.0,FT,True,home
173569,2024-10-29,2024-10-29 17:45:00,145,EHF European League,Europe,2024,4,Toulouse,Gummersbach,260,339,31.0,30.0,14.0,15.0,FT,True,home
173570,2024-10-29,2024-10-29 17:45:00,145,EHF European League,Europe,2024,4,Sesvete,Karvina,85,110,38.0,23.0,17.0,13.0,FT,True,home
173571,2024-10-29,2024-10-29 17:45:00,145,EHF European League,Europe,2024,4,Kadetten Schaffhausen,Limoges,4178,256,29.0,39.0,14.0,18.0,FT,True,away
173572,2024-10-29,2024-10-29 17:45:00,145,EHF European League,Europe,2024,4,HC Kriens,Gorenje,1063,931,30.0,25.0,15.0,12.0,FT,True,home
173573,2024-10-29,2024-10-29 17:45:00,145,EHF European League,Europe,2024,4,Chrobry Glogow,Ystads IF,685,1048,27.0,38.0,12.0,18.0,FT,True,away
173574,2024-10-29,2024-10-29 17:45:00,145,EHF European League,Europe,2024,4,Bjerringbro/Silkeborg,Granollers,176,966,35.0,32.0,20.0,15.0,FT,True,home
171947,2024-10-29,2024-10-29 19:45:00,145,EHF European League,Europe,2024,4,Porto,Vardar 1961,778,1162,37.0,24.0,17.0,10.0,FT,True,home
171948,2024-10-29,2024-10-29 19:45:00,145,EHF European League,Europe,2024,4,Torrelavega,Vojvodina,972,899,26.0,33.0,8.0,16.0,FT,True,away
171951,2024-10-29,2024-10-29 19:45:00,145,EHF European League,Europe,2024,4,Montpellier,Zabrze,248,696,30.0,25.0,15.0,9.0,FT,True,home
171952,2024-10-29,2024-10-29 19:45:00,145,EHF European League,Europe,2024,4,Kiel,Nexe,321,81,31.0,28.0,15.0,12.0,FT,True,home
171953,2024-10-29,2024-10-29 19:45:00,145,EHF European League,Europe,2024,4,CD Bidasoa Irun,CSM Constanta,964,4118,37.0,25.0,20.0,13.0,FT,True,home
173575,2024-10-29,2024-10-29 19:45:00,145,EHF European League,Europe,2024,4,Ademar,GOG,957,178,21.0,27.0,12.0,16.0,FT,True,away
173576,2024-10-29,2024-10-29 19:45:00,145,EHF European League,Europe,2024,4,Valur,MT Melsungen,477,324,28.0,33.0,15.0,16.0,FT,True,away
171958,2024-11-19,2024-11-19 17:45:00,145,EHF European League,Europe,2024,5,Sesvete,Flensburg-H.,85,314,28.0,32.0,14.0,15.0,FT,True,away
171959,2024-11-19,2024-11-19 17:45:00,145,EHF European League,Europe,2024,5,GOG,Gorenje,178,931,31.0,21.0,16.0,11.0,FT,True,home
173577,2024-11-19,2024-11-19 17:45:00,145,EHF European League,Europe,2024,5,Ystads IF,CSM Constanta,1048,4118,38.0,29.0,20.0,18.0,FT,True,home
173578,2024-11-19,2024-11-19 17:45:00,145,EHF European League,Europe,2024,5,Presov,Limoges,908,256,21.0,34.0,10.0,17.0,FT,True,away
173579,2024-11-19,2024-11-19 17:45:00,145,EHF European League,Europe,2024,5,Gummersbach,FH Hafnarfjordur,339,468,32.0,24.0,16.0,10.0,FT,True,home
173582,2024-11-19,2024-11-19 17:45:00,145,EHF European League,Europe,2024,5,Granollers,Zabrze,966,696,41.0,30.0,20.0,13.0,FT,True,home
171955,2024-11-19,2024-11-19 19:45:00,145,EHF European League,Europe,2024,5,Vojvodina,Nexe,899,81,31.0,26.0,18.0,11.0,FT,True,home
171956,2024-11-19,2024-11-19 19:45:00,145,EHF European League,Europe,2024,5,Toulouse,Savehof,260,1046,30.0,33.0,15.0,13.0,FT,True,away
171957,2024-11-19,2024-11-19 19:45:00,145,EHF European League,Europe,2024,5,Torrelavega,Kiel,972,321,30.0,33.0,15.0,19.0,FT,True,away
171960,2024-11-19,2024-11-19 19:45:00,145,EHF European League,Europe,2024,5,Chrobry Glogow,CD Bidasoa Irun,685,964,28.0,35.0,10.0,17.0,FT,True,away
171961,2024-11-19,2024-11-19 19:45:00,145,EHF European League,Europe,2024,5,Benfica,Kadetten Schaffhausen,782,4178,39.0,32.0,20.0,14.0,FT,True,home
173580,2024-11-19,2024-11-19 19:45:00,145,EHF European League,Europe,2024,5,Ademar,HC Kriens,957,1063,30.0,31.0,14.0,13.0,FT,True,away
173581,2024-11-19,2024-11-19 19:45:00,145,EHF European League,Europe,2024,5,Bjerringbro/Silkeborg,Montpellier,176,248,22.0,34.0,12.0,15.0,FT,True,away
173583,2024-11-19,2024-11-19 19:45:00,145,EHF European League,Europe,2024,5,Karvina,Tatabanya,110,418,31.0,31.0,17.0,18.0,FT,True,draw
173584,2024-11-19,2024-11-19 19:45:00,145,EHF European League,Europe,2024,5,MT Melsungen,Porto,324,778,32.0,27.0,15.0,13.0,FT,True,home
173585,2024-11-19,2024-11-19 19:45:00,145,EHF European League,Europe,2024,5,Valur,Vardar 1961,477,1162,34.0,34.0,18.0,17.0,FT,True,draw
171962,2024-11-26,2024-11-26 17:45:00,145,EHF European League,Europe,2024,6,CSM Constanta,Chrobry Glogow,4118,685,26.0,32.0,12.0,18.0,FT,True,away
171964,2024-11-26,2024-11-26 17:45:00,145,EHF European League,Europe,2024,6,Kadetten Schaffhausen,Presov,4178,908,39.0,26.0,21.0,10.0,FT,True,home
171965,2024-11-26,2024-11-26 17:45:00,145,EHF European League,Europe,2024,6,Kiel,Vojvodina,321,899,37.0,35.0,21.0,15.0,FT,True,home
171967,2024-11-26,2024-11-26 17:45:00,145,EHF European League,Europe,2024,6,Tatabanya,Sesvete,418,85,28.0,25.0,16.0,10.0,FT,True,home
173586,2024-11-26,2024-11-26 17:45:00,145,EHF European League,Europe,2024,6,Limoges,Benfica,256,782,36.0,28.0,17.0,11.0,FT,True,home
173587,2024-11-26,2024-11-26 17:45:00,145,EHF European League,Europe,2024,6,Savehof,Gummersbach,1046,339,25.0,28.0,10.0,14.0,FT,True,away
173588,2024-11-26,2024-11-26 17:45:00,145,EHF European League,Europe,2024,6,HC Kriens,GOG,1063,178,32.0,30.0,13.0,12.0,FT,True,home
171963,2024-11-26,2024-11-26 19:45:00,145,EHF European League,Europe,2024,6,FH Hafnarfjordur,Toulouse,468,260,25.0,29.0,7.0,14.0,FT,True,away
171966,2024-11-26,2024-11-26 19:45:00,145,EHF European League,Europe,2024,6,Nexe,Torrelavega,81,972,27.0,27.0,13.0,16.0,FT,True,draw
173589,2024-11-26,2024-11-26 19:45:00,145,EHF European League,Europe,2024,6,CD Bidasoa Irun,Ystads IF,964,1048,35.0,32.0,17.0,16.0,FT,True,home
173590,2024-11-26,2024-11-26 19:45:00,145,EHF European League,Europe,2024,6,Flensburg-H.,Karvina,314,110,36.0,33.0,20.0,15.0,FT,True,home
173591,2024-11-26,2024-11-26 19:45:00,145,EHF European League,Europe,2024,6,Gorenje,Ademar,931,957,28.0,25.0,14.0,10.0,FT,True,home
173592,2024-11-26,2024-11-26 19:45:00,145,EHF European League,Europe,2024,6,Montpellier,Granollers,248,966,34.0,25.0,15.0,17.0,FT,True,home
173593,2024-11-26,2024-11-26 19:45:00,145,EHF European League,Europe,2024,6,Porto,Valur,778,477,37.0,29.0,17.0,18.0,FT,True,home
173594,2024-11-26,2024-11-26 19:45:00,145,EHF European League,Europe,2024,6,Vardar 1961,MT Melsungen,1162,324,32.0,30.0,17.0,17.0,FT,True,home
173595,2024-11-26,2024-11-26 19:45:00,145,EHF European League,Europe,2024,6,Zabrze,Bjerringbro/Silkeborg,696,176,25.0,25.0,11.0,12.0,FT,True,draw
174312,2025-02-11,2025-02-11 17:45:00,145,EHF European League,Europe,2024,1,Granollers,GOG,966,178,36.0,36.0,18.0,17.0,FT,True,draw
174313,2025-02-11,2025-02-11 17:45:00,145,EHF European League,Europe,2024,1,Gummersbach,Flensburg-H.,339,314,31.0,36.0,19.0,18.0,FT,True,away
174314,2025-02-11,2025-02-11 17:45:00,145,EHF European League,Europe,2024,1,Montpellier,HC Kriens,248,1063,31.0,27.0,16.0,15.0,FT,True,home
174315,2025-02-11,2025-02-11 17:45:00,145,EHF European League,Europe,2024,1,Ystads IF,Limoges,1048,256,32.0,36.0,14.0,16.0,FT,True,away
174316,2025-02-11,2025-02-11 19:45:00,145,EHF European League,Europe,2024,1,Toulouse,Tatabanya,260,418,35.0,28.0,18.0,14.0,FT,True,home
174317,2025-02-11,2025-02-11 19:45:00,145,EHF European League,Europe,2024,1,CD Bidasoa Irun,Benfica,964,782,28.0,27.0,13.0,15.0,FT,True,home
174318,2025-02-11,2025-02-11 19:45:00,145,EHF European League,Europe,2024,1,Porto,Vojvodina,778,899,29.0,20.0,14.0,9.0,FT,True,home
174319,2025-02-11,2025-02-11 19:45:00,145,EHF European League,Europe,2024,1,MT Melsungen,Kiel,324,321,26.0,26.0,14.0,13.0,FT,True,draw
174320,2025-02-18,2025-02-18 17:45:00,145,EHF European League,Europe,2024,2,Flensburg-H.,Toulouse,314,260,34.0,34.0,19.0,18.0,FT,True,draw
174321,2025-02-18,2025-02-18 17:45:00,145,EHF European League,Europe,2024,2,GOG,Montpellier,178,248,33.0,27.0,17.0,10.0,FT,True,home
174322,2025-02-18,2025-02-18 17:45:00,145,EHF European League,Europe,2024,2,HC Kriens,Granollers,1063,966,43.0,42.0,26.0,22.0,FT,True,home
174323,2025-02-18,2025-02-18 17:45:00,145,EHF European League,Europe,2024,2,Tatabanya,Gummersbach,418,339,29.0,44.0,13.0,23.0,FT,True,away
174327,2025-02-18,2025-02-18 17:45:00,145,EHF European League,Europe,2024,2,Benfica,Ystads IF,782,1048,36.0,31.0,18.0,14.0,FT,True,home
174324,2025-02-18,2025-02-18 19:45:00,145,EHF European League,Europe,2024,2,Vojvodina,MT Melsungen,899,324,29.0,36.0,17.0,18.0,FT,True,away
174325,2025-02-18,2025-02-18 19:45:00,145,EHF European League,Europe,2024,2,Limoges,CD Bidasoa Irun,256,964,32.0,31.0,15.0,17.0,FT,True,home
174326,2025-02-18,2025-02-18 19:45:00,145,EHF European League,Europe,2024,2,Kiel,Porto,321,778,32.0,22.0,14.0,12.0,FT,True,home
174328,2025-02-25,2025-02-25 17:45:00,145,EHF European League,Europe,2024,3,Gummersbach,Tatabanya,339,418,33.0,27.0,16.0,16.0,FT,True,home
174329,2025-02-25,2025-02-25 17:45:00,145,EHF European League,Europe,2024,3,Toulouse,Flensburg-H.,260,314,35.0,35.0,17.0,19.0,FT,True,draw
174330,2025-02-25,2025-02-25 17:45:00,145,EHF European League,Europe,2024,3,Ystads IF,Benfica,1048,782,37.0,33.0,17.0,16.0,FT,True,home
174331,2025-02-25,2025-02-25 19:45:00,145,EHF European League,Europe,2024,3,MT Melsungen,Vojvodina,324,899,26.0,26.0,15.0,16.0,FT,True,draw
174332,2025-02-25,2025-02-25 19:45:00,145,EHF European League,Europe,2024,3,Porto,Kiel,778,321,30.0,35.0,15.0,17.0,FT,True,away
174333,2025-02-25,2025-02-25 19:45:00,145,EHF European League,Europe,2024,3,Montpellier,GOG,248,178,30.0,28.0,17.0,14.0,FT,True,home
174334,2025-02-25,2025-02-25 19:45:00,145,EHF European League,Europe,2024,3,Granollers,HC Kriens,966,1063,31.0,29.0,17.0,14.0,FT,True,home
174335,2025-02-25,2025-02-25 19:45:00,145,EHF European League,Europe,2024,3,CD Bidasoa Irun,Limoges,964,256,35.0,30.0,15.0,15.0,FT,True,home
174336,2025-03-04,2025-03-04 17:45:00,145,EHF European League,Europe,2024,4,Flensburg-H.,Gummersbach,314,339,32.0,30.0,16.0,16.0,FT,True,home
174337,2025-03-04,2025-03-04 17:45:00,145,EHF European League,Europe,2024,4,GOG,Granollers,178,966,32.0,31.0,16.0,14.0,FT,True,home
174338,2025-03-04,2025-03-04 17:45:00,145,EHF European League,Europe,2024,4,HC Kriens,Montpellier,1063,248,31.0,32.0,13.0,20.0,FT,True,away
174339,2025-03-04,2025-03-04 17:45:00,145,EHF European League,Europe,2024,4,Tatabanya,Toulouse,418,260,31.0,33.0,15.0,15.0,FT,True,away
174340,2025-03-04,2025-03-04 19:45:00,145,EHF European League,Europe,2024,4,Benfica,CD Bidasoa Irun,782,964,33.0,30.0,13.0,14.0,FT,True,home
174341,2025-03-04,2025-03-04 19:45:00,145,EHF European League,Europe,2024,4,Kiel,MT Melsungen,321,324,35.0,24.0,20.0,13.0,FT,True,home
174342,2025-03-04,2025-03-04 19:45:00,145,EHF European League,Europe,2024,4,Limoges,Ystads IF,256,1048,31.0,30.0,15.0,13.0,FT,True,home
174343,2025-03-04,2025-03-04 19:45:00,145,EHF European League,Europe,2024,4,Vojvodina,Porto,899,778,30.0,38.0,14.0,20.0,FT,True,away
175582,2025-03-25,2025-03-25 17:45:00,145,EHF European League,Europe,2024,,Gummersbach,MT Melsungen,339,324,29.0,26.0,15.0,13.0,FT,True,home
175583,2025-03-25,2025-03-25 17:45:00,145,EHF European League,Europe,2024,,HC Kriens,Limoges,1063,256,36.0,29.0,17.0,14.0,FT,True,home
175581,2025-03-25,2025-03-25 19:45:00,145,EHF European League,Europe,2024,,Benfica,GOG,782,178,33.0,31.0,17.0,15.0,FT,True,home
175584,2025-03-25,2025-03-25 19:45:00,145,EHF European League,Europe,2024,,Porto,Toulouse,778,260,35.0,28.0,16.0,16.0,FT,True,home
175585,2025-04-01,2025-04-01 16:45:00,145,EHF European League,Europe,2024,,GOG,Benfica,178,782,34.0,31.0,15.0,15.0,FT,True,home
175586,2025-04-01,2025-04-01 16:45:00,145,EHF European League,Europe,2024,,Limoges,HC Kriens,256,1063,36.0,28.0,16.0,16.0,FT,True,home
175587,2025-04-01,2025-04-01 18:45:00,145,EHF European League,Europe,2024,,MT Melsungen,Gummersbach,324,339,29.0,25.0,14.0,13.0,FT,True,home
175588,2025-04-01,2025-04-01 18:45:00,145,EHF European League,Europe,2024,,Toulouse,Porto,260,778,30.0,28.0,12.0,12.0,FT,True,home
176046,2025-04-22,2025-04-22 16:45:00,145,EHF European League,Europe,2024,European League - Quarter-finals,GOG,Flensburg-H.,178,314,26.0,29.0,15.0,15.0,FT,True,away
176048,2025-04-22,2025-04-22 16:45:00,145,EHF European League,Europe,2024,European League - Quarter-finals,MT Melsungen,CD Bidasoa Irun,324,964,28.0,27.0,15.0,13.0,FT,True,home
176047,2025-04-22,2025-04-22 18:45:00,145,EHF European League,Europe,2024,European League - Quarter-finals,Limoges,Kiel,256,321,26.0,26.0,16.0,13.0,FT,True,draw
176049,2025-04-22,2025-04-22 18:45:00,145,EHF European League,Europe,2024,European League - Quarter-finals,Porto,Montpellier,778,248,29.0,30.0,11.0,14.0,FT,True,away
176052,2025-04-29,2025-04-29 16:45:00,145,EHF European League,Europe,2024,European League - Quarter-finals,Kiel,Limoges,321,256,35.0,30.0,16.0,15.0,FT,True,home
176050,2025-04-29,2025-04-29 18:45:00,145,EHF European League,Europe,2024,European League - Quarter-finals,CD Bidasoa Irun,MT Melsungen,964,324,22.0,32.0,8.0,15.0,FT,True,away
176051,2025-04-29,2025-04-29 18:45:00,145,EHF European League,Europe,2024,European League - Quarter-finals,Flensburg-H.,GOG,314,178,35.0,29.0,17.0,12.0,FT,True,home
176053,2025-04-29,2025-04-29 18:45:00,145,EHF European League,Europe,2024,European League - Quarter-finals,Montpellier,Porto,248,778,35.0,32.0,18.0,15.0,FT,True,home
176571,2025-05-24,2025-05-24 13:00:00,145,EHF European League,Europe,2024,European League - Semi-finals,MT Melsungen,Flensburg-H.,324,314,34.0,35.0,15.0,16.0,AET,True,away
176572,2025-05-24,2025-05-24 16:00:00,145,EHF European League,Europe,2024,European League - Semi-finals,Kiel,Montpellier,321,248,31.0,32.0,17.0,16.0,FT,True,away
176859,2025-05-25,2025-05-25 13:00:00,145,EHF European League,Europe,2024,European League - 3rd place,Kiel,MT Melsungen,321,324,37.0,31.0,18.0,18.0,FT,True,home
176860,2025-05-25,2025-05-25 16:00:00,145,EHF European League,Europe,2024,European League - Final,Montpellier,Flensburg-H.,248,314,25.0,32.0,13.0,19.0,FT,True,away
202352,2026-10-06,2026-10-06 15:00:00,49,NB I,Hungary,2026,5,Szeged,Csurgoi,417,409,36.0,26.0,20.0,17.0,FT,True,home
199129,2026-10-06,2026-10-06 16:45:00,145,EHF European League,Europe,2026,,Mors,Tatabanya,173,418,35.0,33.0,20.0,16.0,FT,True,home
199145,2026-10-06,2026-10-06 16:45:00,145,EHF European League,Europe,2026,,Wybrzeze Gdansk,Eurofarm Pelister,695,1157,31.0,31.0,16.0,17.0,FT,True,draw
199161,2026-10-06,2026-10-06 16:45:00,145,EHF European League,Europe,2026,,Slovan,Valur,939,477,34.0,29.0,20.0,12.0,FT,True,home
199172,2026-10-06,2026-10-06 16:45:00,145,EHF European League,Europe,2026,,CSM Bucuresti,Chambery Savoie,826,251,25.0,33.0,14.0,17.0,FT,True,away
199186,2026-10-06,2026-10-06 16:45:00,145,EHF European League,Europe,2026,,Bergischer,Savehof,312,1046,29.0,25.0,16.0,11.0,FT,True,home
199190,2026-10-06,2026-10-06 16:45:00,145,EHF European League,Europe,2026,,Kadetten Schaffhausen,Izvidac,4178,54,42.0,30.0,23.0,11.0,FT,True,home
199201,2026-10-06,2026-10-06 16:45:00,145,EHF European League,Europe,2026,,Hammarby,Nexe,1039,81,30.0,28.0,16.0,15.0,FT,True,home
199118,2026-10-06,2026-10-06 18:45:00,145,EHF European League,Europe,2026,,Aguas Santas,Flensburg-H.,777,314,22.0,36.0,10.0,18.0,FT,True,away
199133,2026-10-06,2026-10-06 18:45:00,145,EHF European League,Europe,2026,,Maritimo,CD Bidasoa Irun,4406,964,40.0,32.0,20.0,13.0,FT,True,home
199137,2026-10-06,2026-10-06 18:45:00,145,EHF European League,Europe,2026,,La Rioja,Gummersbach,968,339,30.0,34.0,16.0,17.0,FT,True,away
199149,2026-10-06,2026-10-06 18:45:00,145,EHF European League,Europe,2026,,Torrelavega,Karvina,972,110,33.0,32.0,17.0,14.0,FT,True,home
199154,2026-10-06,2026-10-06 18:45:00,145,EHF European League,Europe,2026,,Sesvete,Presov,85,908,36.0,36.0,19.0,18.0,FT,True,draw
199155,2026-10-06,2026-10-06 18:45:00,145,EHF European League,Europe,2026,,St. Raphael,Elverum,259,636,32.0,36.0,15.0,20.0,FT,True,away
199199,2026-10-06,2026-10-06 18:45:00,145,EHF European League,Europe,2026,,Holstebro,Benfica,179,782,32.0,31.0,15.0,15.0,FT,True,home
199208,2026-10-06,2026-10-06 18:45:00,145,EHF European League,Europe,2026,,Granollers,Buzau,966,824,37.0,31.0,20.0,11.0,FT,True,home
199212,2026-10-06,2026-10-06 18:45:00,145,EHF European League,Europe,2026,,FH Hafnarfjordur,Limoges,468,256,33.0,46.0,16.0,27.0,FT,True,away
198487,2026-10-07,2026-10-07 16:45:00,131,Champions League,Europe,2026,3,Partizan,Veszprem,4238,4616,,,,,NS,False,
198533,2026-10-07,2026-10-07 16:45:00,131,Champions League,Europe,2026,3,Kristianstad,GOG,1041,178,,,,,NS,False,
198542,2026-10-07,2026-10-07 16:45:00,131,Champions League,Europe,2026,3,HC Kriens,Kolstad,1063,639,,,,,NS,False,
198479,2026-10-07,2026-10-07 18:45:00,131,Champions League,Europe,2026,3,PSG,Celje,4484,929,,,,,NS,False,
198541,2026-10-07,2026-10-07 18:45:00,131,Champions League,Europe,2026,3,Kielce,SC Magdeburg,4252,328,,,,,NS,False,
198478,2026-10-08,2026-10-08 16:45:00,131,Champions League,Europe,2026,3,RK Zagreb,Aalborg,4445,172,,,,,NS,False,
198512,2026-10-08,2026-10-08 16:45:00,131,Champions League,Europe,2026,3,Fuchse Berlin,Porto,315,778,,,,,NS,False,
194975,2026-10-08,2026-10-08 17:00:00,39,Bundesliga,Germany,2026,8,Rhein-Neckar,Eisenach,327,335,,,,,NS,False,
194976,2026-10-08,2026-10-08 17:00:00,39,Bundesliga,Germany,2026,8,Stuttgart,HSG Wetzlar,329,318,,,,,NS,False,
197660,2026-10-08,2026-10-08 18:00:00,34,Starligue,France,2026,6,Provence Aix,Saran,4858,245,,,,,NS,False,
198489,2026-10-08,2026-10-08 18:45:00,131,Champions League,Europe,2026,3,Skanderborg AGF,Montpellier,4429,248,,,,,NS,False,
198497,2026-10-08,2026-10-08 18:45:00,131,Champions League,Europe,2026,3,Vardar 1961,Wisla Plock,1162,694,,,,,NS,False,
198521,2026-10-08,2026-10-08 18:45:00,131,Champions League,Europe,2026,3,Barcelona,Din. Bucuresti,962,829,,,,,NS,False,
198529,2026-10-08,2026-10-08 18:45:00,131,Champions League,Europe,2026,3,MT Melsungen,Nantes,324,257,,,,,NS,False,
